-- --------------------------------------------------------
-- Хост:                         127.0.0.1
-- Версия сервера:               5.7.20 - MySQL Community Server (GPL)
-- Операционная система:         Win64
-- HeidiSQL Версия:              9.5.0.5196
-- --------------------------------------------------------

/*!40101 SET @OLD_CHARACTER_SET_CLIENT=@@CHARACTER_SET_CLIENT */;
/*!40101 SET NAMES utf8 */;
/*!50503 SET NAMES utf8mb4 */;
/*!40014 SET @OLD_FOREIGN_KEY_CHECKS=@@FOREIGN_KEY_CHECKS, FOREIGN_KEY_CHECKS=0 */;
/*!40101 SET @OLD_SQL_MODE=@@SQL_MODE, SQL_MODE='NO_AUTO_VALUE_ON_ZERO' */;


-- Дамп структуры базы данных ecoproj
CREATE DATABASE IF NOT EXISTS `ecoproj` /*!40100 DEFAULT CHARACTER SET utf8 */;
USE `ecoproj`;

-- Дамп структуры для таблица ecoproj.banners
CREATE TABLE IF NOT EXISTS `banners` (
  `id` int(10) unsigned NOT NULL AUTO_INCREMENT,
  `title` varchar(100) COLLATE utf8mb4_unicode_ci DEFAULT NULL,
  `url` varchar(191) COLLATE utf8mb4_unicode_ci NOT NULL,
  `image` varchar(191) COLLATE utf8mb4_unicode_ci NOT NULL,
  `descr` varchar(100) COLLATE utf8mb4_unicode_ci DEFAULT NULL,
  `is_active` tinyint(1) NOT NULL DEFAULT '1',
  `created_at` timestamp NULL DEFAULT NULL,
  `updated_at` timestamp NULL DEFAULT NULL,
  PRIMARY KEY (`id`)
) ENGINE=InnoDB AUTO_INCREMENT=4 DEFAULT CHARSET=utf8mb4 COLLATE=utf8mb4_unicode_ci;

-- Дамп данных таблицы ecoproj.banners: ~2 rows (приблизительно)
DELETE FROM `banners`;
/*!40000 ALTER TABLE `banners` DISABLE KEYS */;
INSERT INTO `banners` (`id`, `title`, `url`, `image`, `descr`, `is_active`, `created_at`, `updated_at`) VALUES
	(1, NULL, 'http://ecoproj.loc/product/8', 'banners\\July2018\\CSgBM0UMKDqxTY49xXWf.jpg', NULL, 1, '2018-07-19 07:47:13', '2018-07-19 07:47:13'),
	(2, NULL, 'http://ecoproj.loc/product/9', 'banners\\July2018\\QAVe7Ceubs6AjuizCxTI.jpg', NULL, 1, '2018-07-19 07:48:04', '2018-07-19 07:48:04'),
	(3, NULL, 'http://ecoproj.loc/product/10', 'banners\\July2018\\PbvGUbigTQmn33c3LNjH.jpg', NULL, 0, '2018-07-19 07:50:37', '2018-07-19 07:50:37');
/*!40000 ALTER TABLE `banners` ENABLE KEYS */;

-- Дамп структуры для таблица ecoproj.brands
CREATE TABLE IF NOT EXISTS `brands` (
  `id` int(10) unsigned NOT NULL AUTO_INCREMENT,
  `name` varchar(191) COLLATE utf8mb4_unicode_ci NOT NULL,
  `slug` varchar(191) COLLATE utf8mb4_unicode_ci DEFAULT NULL,
  `created_at` timestamp NULL DEFAULT NULL,
  `updated_at` timestamp NULL DEFAULT NULL,
  PRIMARY KEY (`id`),
  UNIQUE KEY `brands_slug_unique` (`slug`)
) ENGINE=InnoDB AUTO_INCREMENT=27 DEFAULT CHARSET=utf8mb4 COLLATE=utf8mb4_unicode_ci;

-- Дамп данных таблицы ecoproj.brands: ~26 rows (приблизительно)
DELETE FROM `brands`;
/*!40000 ALTER TABLE `brands` DISABLE KEYS */;
INSERT INTO `brands` (`id`, `name`, `slug`, `created_at`, `updated_at`) VALUES
	(1, 'Sp&T (test)', 'Natrol', NULL, '2018-08-09 15:46:08'),
	(2, 'Doctor Best', 'doctorbest', NULL, NULL),
	(3, 'Madre Labs (USA)', 'mizon', '2018-07-19 06:30:34', '2018-08-09 15:46:08'),
	(4, 'UPS (test)', 'andalou-naturals', '2018-07-19 06:30:51', '2018-08-09 15:46:08'),
	(5, 'Ultimate Nutrition', 'tony-moly', '2018-07-19 06:31:05', '2018-08-09 15:46:08'),
	(6, 'Biotech USA Nutrition', 'surya-henna', '2018-07-19 06:31:21', '2018-08-09 15:46:08'),
	(7, 'MYPROTEIN', 'neutrogena', '2018-07-19 06:31:31', '2018-08-09 15:46:08'),
	(8, 'Optimum Nutrition', 'life-extension', '2018-07-19 06:31:44', '2018-08-09 15:46:08'),
	(9, 'BSN', NULL, '2018-08-09 15:46:08', '2018-08-09 15:46:08'),
	(10, 'Scitec Nutrition', NULL, '2018-08-09 15:46:08', '2018-08-09 15:46:08'),
	(11, 'PowerPro', NULL, '2018-08-09 15:46:08', '2018-08-09 15:46:08'),
	(12, 'Animal Nutrition ot Unive', NULL, '2018-08-09 15:46:08', '2018-08-09 15:46:08'),
	(13, 'Muscle Pharm', NULL, '2018-08-09 15:46:08', '2018-08-09 15:46:08'),
	(14, 'UNS', NULL, '2018-08-09 15:46:08', '2018-08-09 15:46:08'),
	(15, 'Universal Nutrition', NULL, '2018-08-09 15:46:08', '2018-08-09 15:46:08'),
	(16, 'Country Life', NULL, '2018-08-09 15:46:08', '2018-08-09 15:46:08'),
	(17, 'Doctor\'s Best', NULL, '2018-08-09 15:46:08', '2018-08-09 15:46:08'),
	(18, 'Natrol', NULL, '2018-08-09 15:46:08', '2018-08-09 15:46:08'),
	(19, 'Nature\'s Way', NULL, '2018-08-09 15:46:08', '2018-08-09 15:46:08'),
	(20, 'Solgar', NULL, '2018-08-09 15:46:08', '2018-08-09 15:46:08'),
	(21, 'Jarrow Formulas', NULL, '2018-08-09 15:46:08', '2018-08-09 15:46:08'),
	(22, 'Carlson Labs', NULL, '2018-08-09 15:46:08', '2018-08-09 15:46:08'),
	(23, 'Natural Factors', NULL, '2018-08-09 15:46:08', '2018-08-09 15:46:08'),
	(24, 'GNC', NULL, '2018-08-09 15:46:08', '2018-08-09 15:46:08'),
	(25, 'Puritans Pride', NULL, '2018-08-09 15:46:08', '2018-08-09 15:46:08'),
	(26, 'Nature\'s Plus', NULL, '2018-08-09 15:46:08', '2018-08-09 15:46:08');
/*!40000 ALTER TABLE `brands` ENABLE KEYS */;

-- Дамп структуры для таблица ecoproj.cart
CREATE TABLE IF NOT EXISTS `cart` (
  `id` int(10) unsigned NOT NULL AUTO_INCREMENT,
  `user_id` int(10) unsigned DEFAULT NULL,
  `session` varchar(191) COLLATE utf8mb4_unicode_ci DEFAULT NULL,
  `name` varchar(191) COLLATE utf8mb4_unicode_ci NOT NULL DEFAULT 'default',
  `status` varchar(20) COLLATE utf8mb4_unicode_ci NOT NULL DEFAULT 'active',
  `item_count` int(11) NOT NULL DEFAULT '0',
  `placed_at` timestamp NULL DEFAULT NULL,
  `completed_at` timestamp NULL DEFAULT NULL,
  `created_at` timestamp NULL DEFAULT NULL,
  `updated_at` timestamp NULL DEFAULT NULL,
  `promocode` varchar(32) COLLATE utf8mb4_unicode_ci DEFAULT NULL,
  PRIMARY KEY (`id`),
  KEY `cart_name_index` (`name`),
  KEY `cart_user_id_status_index` (`user_id`,`status`),
  KEY `cart_session_status_index` (`session`,`status`),
  KEY `cart_user_id_name_index` (`user_id`,`name`)
) ENGINE=InnoDB AUTO_INCREMENT=124 DEFAULT CHARSET=utf8mb4 COLLATE=utf8mb4_unicode_ci;

-- Дамп данных таблицы ecoproj.cart: ~7 rows (приблизительно)
DELETE FROM `cart`;
/*!40000 ALTER TABLE `cart` DISABLE KEYS */;
INSERT INTO `cart` (`id`, `user_id`, `session`, `name`, `status`, `item_count`, `placed_at`, `completed_at`, `created_at`, `updated_at`, `promocode`) VALUES
	(115, 18, NULL, 'default', 'complete', 6, NULL, '2018-08-07 17:13:59', '2018-08-07 11:42:16', '2018-08-07 17:13:59', 'OpenOTF201'),
	(116, NULL, 'iha17aZX3DLo6F99OHTc6vXGnIjtYCnQLKMyUVjj', 'default', 'active', 0, NULL, NULL, '2018-08-07 11:59:35', '2018-08-07 11:59:35', NULL),
	(118, NULL, 'Y8axfmkJoN1L48cSxd9JTJHAaDKpip4RL8hN19sK', 'default', 'active', 0, NULL, NULL, '2018-08-07 14:09:40', '2018-08-07 14:09:40', NULL),
	(119, 18, NULL, 'default', 'complete', 8, NULL, '2018-08-07 17:25:00', '2018-08-07 17:14:36', '2018-08-07 17:25:00', 'OpenOTF2018'),
	(120, 18, NULL, 'default', 'active', 1, NULL, NULL, '2018-08-07 17:25:14', '2018-08-09 15:15:05', NULL),
	(122, NULL, 'cX9AVap83JUgNijdy5v4IKekvok35Y0oep6lnr8o', 'default', 'active', 0, NULL, NULL, '2018-08-09 14:55:05', '2018-08-09 14:55:05', NULL),
	(123, NULL, 'ZDKhMxlHmNWgWZ5k3A2gj6y9Ky2qsXHjotuenYDd', 'default', 'active', 0, NULL, NULL, '2018-08-09 16:00:05', '2018-08-09 16:00:05', NULL);
/*!40000 ALTER TABLE `cart` ENABLE KEYS */;

-- Дамп структуры для таблица ecoproj.cart_lines
CREATE TABLE IF NOT EXISTS `cart_lines` (
  `id` int(10) unsigned NOT NULL AUTO_INCREMENT,
  `cart_id` int(10) unsigned NOT NULL,
  `product_id` int(10) unsigned NOT NULL,
  `quantity` int(10) unsigned NOT NULL,
  `created_at` timestamp NULL DEFAULT NULL,
  `updated_at` timestamp NULL DEFAULT NULL,
  PRIMARY KEY (`id`),
  KEY `cart_lines_cart_id_foreign` (`cart_id`),
  KEY `cart_lines_product_id_index` (`product_id`),
  KEY `cart_lines_product_id_cart_id_index` (`product_id`,`cart_id`),
  CONSTRAINT `cart_lines_cart_id_foreign` FOREIGN KEY (`cart_id`) REFERENCES `cart` (`id`) ON DELETE CASCADE
) ENGINE=InnoDB AUTO_INCREMENT=200 DEFAULT CHARSET=utf8mb4 COLLATE=utf8mb4_unicode_ci;

-- Дамп данных таблицы ecoproj.cart_lines: ~8 rows (приблизительно)
DELETE FROM `cart_lines`;
/*!40000 ALTER TABLE `cart_lines` DISABLE KEYS */;
INSERT INTO `cart_lines` (`id`, `cart_id`, `product_id`, `quantity`, `created_at`, `updated_at`) VALUES
	(189, 115, 16, 1, '2018-08-07 15:59:48', '2018-08-07 16:48:40'),
	(190, 115, 8, 2, '2018-08-07 15:59:48', '2018-08-07 16:55:00'),
	(191, 115, 6, 1, '2018-08-07 15:59:48', '2018-08-07 15:59:48'),
	(194, 115, 10, 2, '2018-08-07 16:18:41', '2018-08-07 16:54:50'),
	(195, 119, 8, 4, '2018-08-07 17:21:17', '2018-08-07 17:21:29'),
	(196, 119, 9, 2, '2018-08-07 17:21:18', '2018-08-07 17:21:34'),
	(197, 119, 7, 2, '2018-08-07 17:21:21', '2018-08-07 17:21:22'),
	(199, 120, 10, 1, '2018-08-09 15:15:05', '2018-08-09 15:15:05');
/*!40000 ALTER TABLE `cart_lines` ENABLE KEYS */;

-- Дамп структуры для таблица ecoproj.categories
CREATE TABLE IF NOT EXISTS `categories` (
  `id` int(10) unsigned NOT NULL AUTO_INCREMENT,
  `parent_id` int(10) unsigned DEFAULT NULL,
  `order` int(11) NOT NULL DEFAULT '1',
  `name` varchar(255) COLLATE utf8mb4_unicode_ci NOT NULL,
  `slug` varchar(191) COLLATE utf8mb4_unicode_ci DEFAULT NULL,
  `created_at` timestamp NULL DEFAULT NULL,
  `updated_at` timestamp NULL DEFAULT NULL,
  PRIMARY KEY (`id`),
  UNIQUE KEY `categories_slug_unique` (`slug`),
  KEY `categories_parent_id_foreign` (`parent_id`),
  CONSTRAINT `categories_parent_id_foreign` FOREIGN KEY (`parent_id`) REFERENCES `categories` (`id`) ON DELETE SET NULL ON UPDATE CASCADE
) ENGINE=InnoDB AUTO_INCREMENT=652 DEFAULT CHARSET=utf8mb4 COLLATE=utf8mb4_unicode_ci;

-- Дамп данных таблицы ecoproj.categories: ~461 rows (приблизительно)
DELETE FROM `categories`;
/*!40000 ALTER TABLE `categories` DISABLE KEYS */;
INSERT INTO `categories` (`id`, `parent_id`, `order`, `name`, `slug`, `created_at`, `updated_at`) VALUES
	(11, NULL, 1, 'Здоровое питание', 'aktivnye-dobavki', '2018-07-13 13:01:48', '2018-08-09 16:07:28'),
	(12, NULL, 1, 'Добавки по предназначению', 'dobavki-po-prednaznacheniyu', '2018-07-13 13:02:29', '2018-07-13 13:02:29'),
	(13, NULL, 1, 'Витамины и минералы', 'antivozrastnye-dobavki', '2018-07-13 13:03:39', '2018-08-09 16:07:28'),
	(14, 13, 2, 'Моновитамины', 'koenzim-q10', '2018-07-13 13:05:07', '2018-08-09 15:46:09'),
	(15, 13, 2, 'Комплексы', NULL, '2018-07-27 12:48:01', '2018-08-09 15:46:09'),
	(16, 14, 1, 'Коэнзим Q10 + рыбий жир', 'koenzim-q10-rybij-zhir', '2018-07-13 13:06:07', '2018-07-13 13:06:07'),
	(17, 14, 1, 'Формулы коэнзим Q10', 'formuly-koenzim-q10', '2018-07-13 13:06:57', '2018-07-13 13:06:57'),
	(18, NULL, 1, '!!!', 'ubihinol', '2018-07-13 13:07:32', '2018-08-09 16:07:28'),
	(19, 13, 1, 'Куркумин', 'kurkumin', '2018-07-13 13:08:21', '2018-07-13 13:08:21'),
	(20, 13, 1, 'Лютеин', 'lyutein', '2018-07-13 13:09:03', '2018-07-13 13:09:03'),
	(21, 13, 1, 'Альфа-липоевая кислота', 'al-fa-lipoevaya-kislota', '2018-07-13 13:11:18', '2018-07-13 13:11:18'),
	(22, 13, 2, 'Минералы', 'r-lipoevaya-kislota', '2018-07-13 13:11:48', '2018-08-09 16:07:28'),
	(23, 22, 3, 'Магний', 'drugie-formuly', '2018-07-13 13:12:47', '2018-08-09 16:07:28'),
	(24, 13, 1, 'Антиаксантин', 'antiaksantin', '2018-07-13 13:25:18', '2018-07-13 13:25:18'),
	(25, 24, 1, 'Биосатин', 'biosatin', '2018-07-13 13:26:43', '2018-07-13 13:26:43'),
	(26, 13, 1, 'Ликопин', 'likopin', '2018-07-13 13:27:23', '2018-07-13 13:27:23'),
	(27, 13, 1, 'Пихногенол', 'pihnogenol', '2018-07-13 13:28:19', '2018-07-13 13:28:19'),
	(28, 27, 1, 'Сосновая кора (экстракт)', 'sosnovaya-kora-ekstrakt', '2018-07-13 13:28:52', '2018-07-13 13:28:52'),
	(29, 13, 1, 'Кверцетин', 'kvercetin', '2018-07-13 13:29:58', '2018-07-13 13:29:58'),
	(30, 13, 1, 'Рутин', 'rutin', '2018-07-13 13:31:03', '2018-07-13 13:31:03'),
	(31, 13, 1, 'Зеленый чай', 'zelenyj-chaj', '2018-07-13 13:31:41', '2018-07-13 13:31:41'),
	(32, 13, 1, 'L-глупатион', 'l-glupation', '2018-07-13 13:32:06', '2018-07-13 13:32:06'),
	(215, NULL, 1, 'Добавки', NULL, '2018-08-09 15:46:09', '2018-08-09 16:07:28'),
	(223, NULL, 1, 'Спортивное питание', NULL, '2018-08-09 15:46:09', '2018-08-09 16:07:28'),
	(224, 11, 2, 'Суперфуды', NULL, '2018-08-09 15:46:09', '2018-08-09 15:46:09'),
	(225, 11, 2, 'Полезные завтраки', NULL, '2018-08-09 15:46:09', '2018-08-09 15:46:09'),
	(226, 11, 2, 'Полезные снэки', NULL, '2018-08-09 15:46:09', '2018-08-09 15:46:09'),
	(227, 11, 2, 'Подсластители', NULL, '2018-08-09 15:46:09', '2018-08-09 15:46:09'),
	(228, 11, 2, 'Масла', NULL, '2018-08-09 15:46:10', '2018-08-09 15:46:10'),
	(229, 11, 2, 'Семена/орехи', NULL, '2018-08-09 15:46:10', '2018-08-09 15:46:10'),
	(230, 11, 2, 'Крупы', NULL, '2018-08-09 15:46:10', '2018-08-09 15:46:10'),
	(231, 11, 2, 'Специи', NULL, '2018-08-09 15:46:10', '2018-08-09 15:46:10'),
	(232, 11, 2, 'Сладости', NULL, '2018-08-09 15:46:10', '2018-08-09 15:46:10'),
	(233, 11, 2, 'Бобовые', NULL, '2018-08-09 15:46:10', '2018-08-09 15:46:10'),
	(234, 224, 3, 'Спирулина', NULL, '2018-08-09 15:46:10', '2018-08-09 15:46:10'),
	(235, 224, 3, 'Хлорелла', NULL, '2018-08-09 15:46:10', '2018-08-09 15:46:10'),
	(236, 224, 3, 'Асаи', NULL, '2018-08-09 15:46:10', '2018-08-09 15:46:10'),
	(237, 224, 3, 'Годжи', NULL, '2018-08-09 15:46:10', '2018-08-09 15:46:10'),
	(238, 224, 3, 'Гранотовый сок', NULL, '2018-08-09 15:46:10', '2018-08-09 15:46:10'),
	(239, 224, 3, 'Клюква', NULL, '2018-08-09 15:46:10', '2018-08-09 15:46:10'),
	(240, 224, 3, 'Мангостан', NULL, '2018-08-09 15:46:10', '2018-08-09 15:46:10'),
	(241, 224, 3, 'Нони (моринда цитрусолистная)', NULL, '2018-08-09 15:46:10', '2018-08-09 15:46:10'),
	(242, 224, 3, 'Черника', NULL, '2018-08-09 15:46:10', '2018-08-09 15:46:10'),
	(243, 224, 3, 'Семена киноа', NULL, '2018-08-09 15:46:10', '2018-08-09 15:46:10'),
	(244, 224, 3, 'Семена чиа', NULL, '2018-08-09 15:46:10', '2018-08-09 15:46:10'),
	(245, 224, 3, 'Семена льна', NULL, '2018-08-09 15:46:10', '2018-08-09 15:46:10'),
	(246, 224, 3, 'Семена конопли', NULL, '2018-08-09 15:46:10', '2018-08-09 15:46:10'),
	(247, 224, 3, 'Пчелиные продукты', NULL, '2018-08-09 15:46:10', '2018-08-09 15:46:10'),
	(248, 224, 3, 'Алоэ вера ', NULL, '2018-08-09 15:46:10', '2018-08-09 15:46:10'),
	(249, 224, 3, 'Водоросли', NULL, '2018-08-09 15:46:10', '2018-08-09 15:46:10'),
	(250, 224, 3, 'Молозиво (colostrum)', NULL, '2018-08-09 15:46:10', '2018-08-09 15:46:10'),
	(251, 224, 3, 'Зелёные комплексы', NULL, '2018-08-09 15:46:10', '2018-08-09 15:46:10'),
	(252, 224, 3, 'Облепиховое масло (омега-7)', NULL, '2018-08-09 15:46:10', '2018-08-09 15:46:10'),
	(253, 224, 3, 'Проростки', NULL, '2018-08-09 15:46:10', '2018-08-09 15:46:10'),
	(254, 225, 3, 'Хлопья', NULL, '2018-08-09 15:46:10', '2018-08-09 15:46:10'),
	(255, 225, 3, 'Каши', NULL, '2018-08-09 15:46:10', '2018-08-09 15:46:10'),
	(256, 225, 3, 'Мюсли', NULL, '2018-08-09 15:46:10', '2018-08-09 15:46:10'),
	(257, 225, 3, 'Гранола', NULL, '2018-08-09 15:46:10', '2018-08-09 15:46:10'),
	(258, 226, 3, 'Батончики', NULL, '2018-08-09 15:46:10', '2018-08-09 15:46:10'),
	(259, 226, 3, 'Крекеры/печенье', NULL, '2018-08-09 15:46:10', '2018-08-09 15:46:10'),
	(260, 226, 3, 'Сухофрукты/семена/орехи', NULL, '2018-08-09 15:46:10', '2018-08-09 15:46:10'),
	(261, 226, 3, 'Чипсы', NULL, '2018-08-09 15:46:10', '2018-08-09 15:46:10'),
	(262, 226, 3, 'Пасты', NULL, '2018-08-09 15:46:10', '2018-08-09 15:46:10'),
	(263, 226, 3, 'Хлебцы', NULL, '2018-08-09 15:46:10', '2018-08-09 15:46:10'),
	(264, 227, 3, 'Мёд', NULL, '2018-08-09 15:46:10', '2018-08-09 15:46:10'),
	(265, 227, 3, 'Кокосовый сахар', NULL, '2018-08-09 15:46:10', '2018-08-09 15:46:10'),
	(266, 227, 3, 'Стевия', NULL, '2018-08-09 15:46:10', '2018-08-09 15:46:10'),
	(267, 227, 3, 'Ксилит', NULL, '2018-08-09 15:46:10', '2018-08-09 15:46:10'),
	(268, 227, 3, 'Кленовый сироп', NULL, '2018-08-09 15:46:10', '2018-08-09 15:46:10'),
	(269, 227, 3, 'Агавы сироп', NULL, '2018-08-09 15:46:10', '2018-08-09 15:46:10'),
	(270, 227, 3, 'Кэроб', NULL, '2018-08-09 15:46:10', '2018-08-09 15:46:10'),
	(271, 228, 3, 'Кокосовое', NULL, '2018-08-09 15:46:10', '2018-08-09 15:46:10'),
	(272, 228, 3, 'Льняное', NULL, '2018-08-09 15:46:10', '2018-08-09 15:46:10'),
	(273, 228, 3, 'Кунжутное', NULL, '2018-08-09 15:46:10', '2018-08-09 15:46:10'),
	(274, 228, 3, 'Конопляное', NULL, '2018-08-09 15:46:10', '2018-08-09 15:46:10'),
	(275, 228, 3, 'Оливковое', NULL, '2018-08-09 15:46:10', '2018-08-09 15:46:10'),
	(276, 228, 3, 'Миндальное', NULL, '2018-08-09 15:46:10', '2018-08-09 15:46:10'),
	(277, 228, 3, 'Грецкого ореха', NULL, '2018-08-09 15:46:10', '2018-08-09 15:46:10'),
	(278, 228, 3, 'Виноградных косточек', NULL, '2018-08-09 15:46:10', '2018-08-09 15:46:10'),
	(279, 228, 3, 'Семян тыквы', NULL, '2018-08-09 15:46:10', '2018-08-09 15:46:10'),
	(280, 228, 3, 'Семян горчицы', NULL, '2018-08-09 15:46:10', '2018-08-09 15:46:10'),
	(281, 229, 3, 'Чиа', NULL, '2018-08-09 15:46:10', '2018-08-09 15:46:10'),
	(282, 229, 3, 'Миндаль', NULL, '2018-08-09 15:46:10', '2018-08-09 15:46:10'),
	(283, 229, 3, 'Кешью', NULL, '2018-08-09 15:46:10', '2018-08-09 15:46:10'),
	(284, 229, 3, 'Бразильский', NULL, '2018-08-09 15:46:10', '2018-08-09 15:46:10'),
	(285, 229, 3, 'Макадамия', NULL, '2018-08-09 15:46:10', '2018-08-09 15:46:10'),
	(286, 229, 3, 'Пекан', NULL, '2018-08-09 15:46:10', '2018-08-09 15:46:10'),
	(287, 229, 3, 'Кедровый', NULL, '2018-08-09 15:46:10', '2018-08-09 15:46:10'),
	(288, 229, 3, 'Фисташки', NULL, '2018-08-09 15:46:11', '2018-08-09 15:46:11'),
	(289, 229, 3, 'Тыквенные семена', NULL, '2018-08-09 15:46:11', '2018-08-09 15:46:11'),
	(290, 229, 3, 'Подсолнечные семена', NULL, '2018-08-09 15:46:11', '2018-08-09 15:46:11'),
	(291, 229, 3, 'Семена конопли', NULL, '2018-08-09 15:46:11', '2018-08-09 15:46:11'),
	(292, 229, 3, 'Кунжутные семена', NULL, '2018-08-09 15:46:11', '2018-08-09 15:46:11'),
	(293, 229, 3, 'Льняные семена', NULL, '2018-08-09 15:46:11', '2018-08-09 15:46:11'),
	(294, 229, 3, 'Ореховые миксы', NULL, '2018-08-09 15:46:11', '2018-08-09 15:46:11'),
	(295, 230, 3, 'Киноа', NULL, '2018-08-09 15:46:11', '2018-08-09 15:46:11'),
	(296, 230, 3, 'Амарант', NULL, '2018-08-09 15:46:11', '2018-08-09 15:46:11'),
	(297, 230, 3, 'Кус-кус', NULL, '2018-08-09 15:46:11', '2018-08-09 15:46:11'),
	(298, 230, 3, 'Булгур', NULL, '2018-08-09 15:46:11', '2018-08-09 15:46:11'),
	(299, 230, 3, 'Овсянка', NULL, '2018-08-09 15:46:11', '2018-08-09 15:46:11'),
	(300, 230, 3, 'Другие крупы', NULL, '2018-08-09 15:46:11', '2018-08-09 15:46:11'),
	(301, 231, 3, 'Базилик', NULL, '2018-08-09 15:46:11', '2018-08-09 15:46:11'),
	(302, 231, 3, 'Васаби', NULL, '2018-08-09 15:46:11', '2018-08-09 15:46:11'),
	(303, 231, 3, 'Гвоздика', NULL, '2018-08-09 15:46:11', '2018-08-09 15:46:11'),
	(304, 231, 3, 'Горчица', NULL, '2018-08-09 15:46:11', '2018-08-09 15:46:11'),
	(305, 231, 3, 'Имбирь', NULL, '2018-08-09 15:46:11', '2018-08-09 15:46:11'),
	(306, 231, 3, 'Каперсы', NULL, '2018-08-09 15:46:11', '2018-08-09 15:46:11'),
	(307, 231, 3, 'Кардамон', NULL, '2018-08-09 15:46:11', '2018-08-09 15:46:11'),
	(308, 231, 3, 'Карри', NULL, '2018-08-09 15:46:11', '2018-08-09 15:46:11'),
	(309, 231, 3, 'Корица', NULL, '2018-08-09 15:46:11', '2018-08-09 15:46:11'),
	(310, 231, 3, 'Куркума', NULL, '2018-08-09 15:46:11', '2018-08-09 15:46:11'),
	(311, 231, 3, 'Мускатный орех', NULL, '2018-08-09 15:46:11', '2018-08-09 15:46:11'),
	(312, 231, 3, 'Орегано', NULL, '2018-08-09 15:46:11', '2018-08-09 15:46:11'),
	(313, 231, 3, 'Паприка', NULL, '2018-08-09 15:46:11', '2018-08-09 15:46:11'),
	(314, 231, 3, 'Розмарин', NULL, '2018-08-09 15:46:11', '2018-08-09 15:46:11'),
	(315, 231, 3, 'Тимьян', NULL, '2018-08-09 15:46:11', '2018-08-09 15:46:11'),
	(316, 231, 3, 'Тмин', NULL, '2018-08-09 15:46:11', '2018-08-09 15:46:11'),
	(317, 231, 3, 'Фенхель', NULL, '2018-08-09 15:46:11', '2018-08-09 15:46:11'),
	(318, 231, 3, 'Чеснок', NULL, '2018-08-09 15:46:11', '2018-08-09 15:46:11'),
	(319, 231, 3, 'Чили', NULL, '2018-08-09 15:46:11', '2018-08-09 15:46:11'),
	(320, 231, 3, 'Шафран', NULL, '2018-08-09 15:46:11', '2018-08-09 15:46:11'),
	(321, 231, 3, 'Смесь приправ', NULL, '2018-08-09 15:46:11', '2018-08-09 15:46:11'),
	(322, 232, 3, 'Печенье', NULL, '2018-08-09 15:46:11', '2018-08-09 15:46:11'),
	(323, 232, 3, 'Джемы/пикмезы', NULL, '2018-08-09 15:46:11', '2018-08-09 15:46:11'),
	(324, 232, 3, 'Конфеты', NULL, '2018-08-09 15:46:11', '2018-08-09 15:46:11'),
	(325, 232, 3, 'Шоколад', NULL, '2018-08-09 15:46:11', '2018-08-09 15:46:11'),
	(326, 232, 3, 'Фруктовые чипсы', NULL, '2018-08-09 15:46:11', '2018-08-09 15:46:11'),
	(327, 233, 3, 'Нут', NULL, '2018-08-09 15:46:11', '2018-08-09 15:46:11'),
	(328, 233, 3, 'Маш', NULL, '2018-08-09 15:46:11', '2018-08-09 15:46:11'),
	(329, 233, 3, 'Фасоль ', NULL, '2018-08-09 15:46:11', '2018-08-09 15:46:11'),
	(330, 233, 3, 'Горох', NULL, '2018-08-09 15:46:11', '2018-08-09 15:46:11'),
	(331, 233, 3, 'Другие бобовые', NULL, '2018-08-09 15:46:11', '2018-08-09 15:46:11'),
	(332, 233, 3, 'Чечевица', NULL, '2018-08-09 15:46:11', '2018-08-09 15:46:11'),
	(333, 215, 2, 'Антиоксиданты', NULL, '2018-08-09 15:46:11', '2018-08-09 15:46:11'),
	(334, 215, 2, 'Аминоксилоты', NULL, '2018-08-09 15:46:11', '2018-08-09 15:46:11'),
	(335, 215, 2, 'Лецитин', NULL, '2018-08-09 15:46:11', '2018-08-09 15:46:11'),
	(336, 215, 2, 'Омега', NULL, '2018-08-09 15:46:11', '2018-08-09 15:46:11'),
	(337, 215, 2, 'Антивозрастные добавки ', NULL, '2018-08-09 15:46:11', '2018-08-09 15:46:11'),
	(338, 215, 2, 'Для иммунной системы', NULL, '2018-08-09 15:46:11', '2018-08-09 15:46:11'),
	(339, 215, 2, 'Для регуляции сна', NULL, '2018-08-09 15:46:11', '2018-08-09 15:46:11'),
	(340, 215, 2, 'Для опорно-двигательного аппарата', NULL, '2018-08-09 15:46:11', '2018-08-09 15:46:11'),
	(341, 215, 2, 'Для зрения ', NULL, '2018-08-09 15:46:11', '2018-08-09 15:46:11'),
	(342, 215, 2, 'Для работы мозга', NULL, '2018-08-09 15:46:11', '2018-08-09 15:46:11'),
	(343, 215, 2, 'Для сердечно-сосудистой системы', NULL, '2018-08-09 15:46:11', '2018-08-09 15:46:11'),
	(344, 215, 2, 'Для пищеварения', NULL, '2018-08-09 15:46:11', '2018-08-09 15:46:11'),
	(345, 215, 2, 'Для детокса', NULL, '2018-08-09 15:46:11', '2018-08-09 15:46:11'),
	(346, 215, 2, 'Для мужского здоровья', NULL, '2018-08-09 15:46:11', '2018-08-09 15:46:11'),
	(347, 215, 2, 'Для детского здоровья', NULL, '2018-08-09 15:46:11', '2018-08-09 15:46:11'),
	(348, 215, 2, 'Для женского здоровья', NULL, '2018-08-09 15:46:11', '2018-08-09 15:46:11'),
	(349, 215, 2, 'Для нервной системы', NULL, '2018-08-09 15:46:11', '2018-08-09 15:46:11'),
	(350, 333, 3, 'Коэнзим Q10', NULL, '2018-08-09 15:46:11', '2018-08-09 15:46:11'),
	(351, 333, 3, 'Куркумин', NULL, '2018-08-09 15:46:11', '2018-08-09 15:46:11'),
	(352, 333, 3, 'Лютеин', NULL, '2018-08-09 15:46:11', '2018-08-09 15:46:11'),
	(353, 333, 3, 'R-липоевая кислота', NULL, '2018-08-09 15:46:11', '2018-08-09 15:46:11'),
	(354, 333, 3, 'Альфа-липоевая кислота', NULL, '2018-08-09 15:46:12', '2018-08-09 15:46:12'),
	(355, 333, 3, 'Астаксантин', NULL, '2018-08-09 15:46:12', '2018-08-09 15:46:12'),
	(356, 333, 3, 'Ресвератрол', NULL, '2018-08-09 15:46:12', '2018-08-09 15:46:12'),
	(357, 333, 3, 'Кверцетин', NULL, '2018-08-09 15:46:12', '2018-08-09 15:46:12'),
	(358, 333, 3, 'Рутин', NULL, '2018-08-09 15:46:12', '2018-08-09 15:46:12'),
	(359, 333, 3, 'Зелёный чай', NULL, '2018-08-09 15:46:12', '2018-08-09 15:46:12'),
	(360, 333, 3, 'Антиоксидантные экстракты', NULL, '2018-08-09 15:46:12', '2018-08-09 15:46:12'),
	(361, 333, 3, 'Ликопин', NULL, '2018-08-09 15:46:12', '2018-08-09 15:46:12'),
	(362, 333, 3, 'Пикногенол', NULL, '2018-08-09 15:46:12', '2018-08-09 15:46:12'),
	(363, 333, 3, 'L-глутатион', NULL, '2018-08-09 15:46:12', '2018-08-09 15:46:12'),
	(364, 333, 3, 'Индол-3-карбинол', NULL, '2018-08-09 15:46:12', '2018-08-09 15:46:12'),
	(365, 333, 3, 'Антиоксиданты ОРАК (ORAC)', NULL, '2018-08-09 15:46:12', '2018-08-09 15:46:12'),
	(366, 333, 3, 'Пирролохинолинхинон (BioPQQ)', NULL, '2018-08-09 15:46:12', '2018-08-09 15:46:12'),
	(367, 333, 3, 'Птеростильбен', NULL, '2018-08-09 15:46:12', '2018-08-09 15:46:12'),
	(368, 333, 3, 'Фитиновая кислота (IP-6)', NULL, '2018-08-09 15:46:12', '2018-08-09 15:46:12'),
	(369, 333, 3, 'Супероксиддисмутаза (SOD)', NULL, '2018-08-09 15:46:12', '2018-08-09 15:46:12'),
	(370, 333, 3, 'Антиоксидантные формулы', NULL, '2018-08-09 15:46:12', '2018-08-09 15:46:12'),
	(371, 334, 3, 'Аминокислоты БЦАА (BCAA)', NULL, '2018-08-09 15:46:12', '2018-08-09 15:46:12'),
	(372, 334, 3, 'L-карнитин', NULL, '2018-08-09 15:46:12', '2018-08-09 15:46:12'),
	(373, 334, 3, 'L-аргинин', NULL, '2018-08-09 15:46:12', '2018-08-09 15:46:12'),
	(374, 334, 3, 'L-глютамин', NULL, '2018-08-09 15:46:12', '2018-08-09 15:46:12'),
	(375, 334, 3, 'L-лизин', NULL, '2018-08-09 15:46:12', '2018-08-09 15:46:12'),
	(376, 334, 3, 'L-цистеин', NULL, '2018-08-09 15:46:12', '2018-08-09 15:46:12'),
	(377, 334, 3, 'L-Таурин', NULL, '2018-08-09 15:46:12', '2018-08-09 15:46:12'),
	(378, 334, 3, 'N-Ацетил-L-Цистеин (NAC)', NULL, '2018-08-09 15:46:12', '2018-08-09 15:46:12'),
	(379, 334, 3, 'Незаменимые аминокислоты ', NULL, '2018-08-09 15:46:12', '2018-08-09 15:46:12'),
	(380, 334, 3, 'Комплексы аминокислот', NULL, '2018-08-09 15:46:12', '2018-08-09 15:46:12'),
	(381, 335, 3, 'Соевый', NULL, '2018-08-09 15:46:12', '2018-08-09 15:46:12'),
	(382, 335, 3, 'Подсолнечный', NULL, '2018-08-09 15:46:12', '2018-08-09 15:46:12'),
	(383, 335, 3, 'Из яичного желтка', NULL, '2018-08-09 15:46:12', '2018-08-09 15:46:12'),
	(384, 336, 3, 'Рыбий жир', NULL, '2018-08-09 15:46:12', '2018-08-09 15:46:12'),
	(385, 336, 3, 'Рыбий жир для беременных/кормящих', NULL, '2018-08-09 15:46:12', '2018-08-09 15:46:12'),
	(386, 336, 3, 'Рыбий жир для детей', NULL, '2018-08-09 15:46:12', '2018-08-09 15:46:12'),
	(387, 336, 3, 'Омега-3-6-9', NULL, '2018-08-09 15:46:12', '2018-08-09 15:46:12'),
	(388, 336, 3, 'Омега-7', NULL, '2018-08-09 15:46:12', '2018-08-09 15:46:12'),
	(389, 336, 3, 'Масло лосося', NULL, '2018-08-09 15:46:12', '2018-08-09 15:46:12'),
	(390, 336, 3, 'Масло криля', NULL, '2018-08-09 15:46:12', '2018-08-09 15:46:12'),
	(391, 336, 3, 'Масло печени трески', NULL, '2018-08-09 15:46:12', '2018-08-09 15:46:12'),
	(392, 336, 3, 'Льняное масло', NULL, '2018-08-09 15:46:12', '2018-08-09 15:46:12'),
	(393, 336, 3, 'Масло вечерней примулы', NULL, '2018-08-09 15:46:12', '2018-08-09 15:46:12'),
	(394, 336, 3, 'Масло бурачника (бораго)', NULL, '2018-08-09 15:46:12', '2018-08-09 15:46:12'),
	(395, 336, 3, 'DHA/EPA формулы', NULL, '2018-08-09 15:46:12', '2018-08-09 15:46:12'),
	(396, 336, 3, 'Масло чёрной смородины', NULL, '2018-08-09 15:46:12', '2018-08-09 15:46:12'),
	(397, 337, 3, 'Гиалуроновая кислота', NULL, '2018-08-09 15:46:12', '2018-08-09 15:46:12'),
	(398, 337, 3, 'Фосфатидилсерин ', NULL, '2018-08-09 15:46:12', '2018-08-09 15:46:12'),
	(399, 337, 3, 'Диметиламиноэтанол (ДМАЕ/DMAE)', NULL, '2018-08-09 15:46:12', '2018-08-09 15:46:12'),
	(400, 337, 3, 'Антивозрастные комплексы', NULL, '2018-08-09 15:46:12', '2018-08-09 15:46:12'),
	(401, 337, 3, 'Ресвератрол', NULL, '2018-08-09 15:46:12', '2018-08-09 15:46:12'),
	(402, 337, 3, 'Пирролохинолинхинон (BioPQQ)', NULL, '2018-08-09 15:46:12', '2018-08-09 15:46:12'),
	(403, 337, 3, 'Коэнзим Q10', NULL, '2018-08-09 15:46:12', '2018-08-09 15:46:12'),
	(404, 337, 3, 'Коллаген', NULL, '2018-08-09 15:46:12', '2018-08-09 15:46:12'),
	(405, 337, 3, 'Альфа-липоевая кислота', NULL, '2018-08-09 15:46:12', '2018-08-09 15:46:12'),
	(406, 337, 3, 'Омега-3', NULL, '2018-08-09 15:46:12', '2018-08-09 15:46:12'),
	(407, 337, 3, 'Дегидроэпиандростерон (ДГЭА/DHEA)', NULL, '2018-08-09 15:46:12', '2018-08-09 15:46:12'),
	(408, 337, 3, 'Антивозрастные аминокислоты', NULL, '2018-08-09 15:46:12', '2018-08-09 15:46:12'),
	(409, 337, 3, 'Антивозрастные травы', NULL, '2018-08-09 15:46:12', '2018-08-09 15:46:12'),
	(410, 337, 3, 'Витамины и минералы', NULL, '2018-08-09 15:46:12', '2018-08-09 15:46:12'),
	(411, 338, 3, 'Травы', NULL, '2018-08-09 15:46:12', '2018-08-09 15:46:12'),
	(412, 338, 3, 'Грибы', NULL, '2018-08-09 15:46:12', '2018-08-09 15:46:12'),
	(413, 338, 3, 'Пробиотики', NULL, '2018-08-09 15:46:12', '2018-08-09 15:46:12'),
	(414, 338, 3, 'Бета-глюкан', NULL, '2018-08-09 15:46:12', '2018-08-09 15:46:12'),
	(415, 338, 3, 'Эпикор (epicor)', NULL, '2018-08-09 15:46:12', '2018-08-09 15:46:12'),
	(416, 338, 3, 'Молозиво (colostrum)', NULL, '2018-08-09 15:46:12', '2018-08-09 15:46:12'),
	(417, 338, 3, 'Комплексы для иммунитета', NULL, '2018-08-09 15:46:12', '2018-08-09 15:46:12'),
	(418, 338, 3, 'Витамины и минералы', NULL, '2018-08-09 15:46:12', '2018-08-09 15:46:12'),
	(419, 338, 3, 'Другие препараты для иммунной системы', NULL, '2018-08-09 15:46:13', '2018-08-09 15:46:13'),
	(420, 339, 3, 'Аминокислоты', NULL, '2018-08-09 15:46:13', '2018-08-09 15:46:13'),
	(421, 339, 3, 'Мелатонин', NULL, '2018-08-09 15:46:13', '2018-08-09 15:46:13'),
	(422, 339, 3, 'Комплексы от бессонницы', NULL, '2018-08-09 15:46:13', '2018-08-09 15:46:13'),
	(423, 339, 3, 'Витамины и минералы', NULL, '2018-08-09 15:46:13', '2018-08-09 15:46:13'),
	(424, 339, 3, 'Травы от бессонницы', NULL, '2018-08-09 15:46:13', '2018-08-09 15:46:13'),
	(425, 339, 3, 'Фосфатидилсерин', NULL, '2018-08-09 15:46:13', '2018-08-09 15:46:13'),
	(426, 340, 3, 'Глюкозамин', NULL, '2018-08-09 15:46:13', '2018-08-09 15:46:13'),
	(427, 340, 3, 'Глюкозамин+хондроитин', NULL, '2018-08-09 15:46:13', '2018-08-09 15:46:13'),
	(428, 340, 3, 'Метилсульфонилметан (MSM)', NULL, '2018-08-09 15:46:13', '2018-08-09 15:46:13'),
	(429, 340, 3, 'S-аденозилметионин (SAM)', NULL, '2018-08-09 15:46:13', '2018-08-09 15:46:13'),
	(430, 340, 3, 'Коллаген', NULL, '2018-08-09 15:46:13', '2018-08-09 15:46:13'),
	(431, 340, 3, 'Целадрин', NULL, '2018-08-09 15:46:13', '2018-08-09 15:46:13'),
	(432, 340, 3, 'Цетил-миристолеатный комплекс', NULL, '2018-08-09 15:46:13', '2018-08-09 15:46:13'),
	(433, 340, 3, 'Комплексы для опорно-двигательного аппарата', NULL, '2018-08-09 15:46:13', '2018-08-09 15:46:13'),
	(434, 340, 3, 'Хондроитин', NULL, '2018-08-09 15:46:13', '2018-08-09 15:46:13'),
	(435, 340, 3, 'Гиалуроновая кислота', NULL, '2018-08-09 15:46:13', '2018-08-09 15:46:13'),
	(436, 340, 3, 'Иприфлавон', NULL, '2018-08-09 15:46:13', '2018-08-09 15:46:13'),
	(437, 340, 3, 'Травы', NULL, '2018-08-09 15:46:13', '2018-08-09 15:46:13'),
	(438, 340, 3, 'Мембрана яичной скорлупы', NULL, '2018-08-09 15:46:13', '2018-08-09 15:46:13'),
	(439, 340, 3, 'Морские мидии', NULL, '2018-08-09 15:46:13', '2018-08-09 15:46:13'),
	(440, 340, 3, 'Комплексы Остео Би-Флекс (Osteo Bi-Flex)', NULL, '2018-08-09 15:46:13', '2018-08-09 15:46:13'),
	(441, 340, 3, 'Витамины и минералы', NULL, '2018-08-09 15:46:13', '2018-08-09 15:46:13'),
	(442, 341, 3, 'Витамины и минералы', NULL, '2018-08-09 15:46:13', '2018-08-09 15:46:13'),
	(443, 341, 3, 'Ягоды/травы', NULL, '2018-08-09 15:46:13', '2018-08-09 15:46:13'),
	(444, 341, 3, 'Каротиноиды', NULL, '2018-08-09 15:46:13', '2018-08-09 15:46:13'),
	(445, 341, 3, 'Комплексы для зрения', NULL, '2018-08-09 15:46:13', '2018-08-09 15:46:13'),
	(446, 341, 3, 'Другие препараты для зрения', NULL, '2018-08-09 15:46:13', '2018-08-09 15:46:13'),
	(447, 342, 3, 'Грибы/травы', NULL, '2018-08-09 15:46:13', '2018-08-09 15:46:13'),
	(448, 342, 3, 'Комплексы для работы мозга', NULL, '2018-08-09 15:46:13', '2018-08-09 15:46:13'),
	(449, 342, 3, 'Фосфатидилсерин', NULL, '2018-08-09 15:46:13', '2018-08-09 15:46:13'),
	(450, 342, 3, 'Холин/цитиколин', NULL, '2018-08-09 15:46:13', '2018-08-09 15:46:13'),
	(451, 342, 3, 'Ацетил-L-картинин', NULL, '2018-08-09 15:46:13', '2018-08-09 15:46:13'),
	(452, 342, 3, 'Винпоцетин', NULL, '2018-08-09 15:46:13', '2018-08-09 15:46:13'),
	(453, 342, 3, 'Гиперзин A', NULL, '2018-08-09 15:46:13', '2018-08-09 15:46:13'),
	(454, 342, 3, 'Рыбий жир', NULL, '2018-08-09 15:46:13', '2018-08-09 15:46:13'),
	(455, 342, 3, 'Пирролохинолинхинон (BioPQQ)', NULL, '2018-08-09 15:46:13', '2018-08-09 15:46:13'),
	(456, 342, 3, 'Антиоксиданты', NULL, '2018-08-09 15:46:13', '2018-08-09 15:46:13'),
	(457, 342, 3, 'Витамины и минералы', NULL, '2018-08-09 15:46:13', '2018-08-09 15:46:13'),
	(458, 342, 3, 'Другие препараты для мозга', NULL, '2018-08-09 15:46:13', '2018-08-09 15:46:13'),
	(459, 343, 3, 'Комплексы для сердца', NULL, '2018-08-09 15:46:13', '2018-08-09 15:46:13'),
	(460, 343, 3, 'Витамины и минералы', NULL, '2018-08-09 15:46:13', '2018-08-09 15:46:13'),
	(461, 343, 3, 'Растения', NULL, '2018-08-09 15:46:13', '2018-08-09 15:46:13'),
	(462, 343, 3, 'Аминокислоты', NULL, '2018-08-09 15:46:13', '2018-08-09 15:46:13'),
	(463, 343, 3, 'Омега-3', NULL, '2018-08-09 15:46:13', '2018-08-09 15:46:13'),
	(464, 343, 3, 'Коэнзим Q10', NULL, '2018-08-09 15:46:13', '2018-08-09 15:46:13'),
	(465, 343, 3, 'Лецитин ', NULL, '2018-08-09 15:46:13', '2018-08-09 15:46:13'),
	(466, 343, 3, 'Астаксантин', NULL, '2018-08-09 15:46:13', '2018-08-09 15:46:13'),
	(467, 343, 3, 'Фитостеролы ', NULL, '2018-08-09 15:46:13', '2018-08-09 15:46:13'),
	(468, 343, 3, 'Ниацин', NULL, '2018-08-09 15:46:13', '2018-08-09 15:46:13'),
	(469, 343, 3, 'Ресвератрол', NULL, '2018-08-09 15:46:13', '2018-08-09 15:46:13'),
	(470, 343, 3, 'Кверцетин', NULL, '2018-08-09 15:46:13', '2018-08-09 15:46:13'),
	(471, 343, 3, 'Поликозанол', NULL, '2018-08-09 15:46:13', '2018-08-09 15:46:13'),
	(472, 343, 3, 'Ликопин', NULL, '2018-08-09 15:46:13', '2018-08-09 15:46:13'),
	(473, 343, 3, 'Рутин', NULL, '2018-08-09 15:46:13', '2018-08-09 15:46:13'),
	(474, 343, 3, 'Пикногенол', NULL, '2018-08-09 15:46:13', '2018-08-09 15:46:13'),
	(475, 343, 3, 'Другие препараты для сердца', NULL, '2018-08-09 15:46:13', '2018-08-09 15:46:13'),
	(476, 344, 3, 'Пробиотики', NULL, '2018-08-09 15:46:13', '2018-08-09 15:46:13'),
	(477, 344, 3, 'Пищеварительные ферменты', NULL, '2018-08-09 15:46:13', '2018-08-09 15:46:13'),
	(478, 344, 3, 'Протеолитические ферменты (протеаза)', NULL, '2018-08-09 15:46:13', '2018-08-09 15:46:13'),
	(479, 344, 3, 'Панкреатин', NULL, '2018-08-09 15:46:13', '2018-08-09 15:46:13'),
	(480, 344, 3, 'Бетаина гидрохлорид', NULL, '2018-08-09 15:46:13', '2018-08-09 15:46:13'),
	(481, 344, 3, 'Клетчатка', NULL, '2018-08-09 15:46:14', '2018-08-09 15:46:14'),
	(482, 344, 3, 'Травы', NULL, '2018-08-09 15:46:14', '2018-08-09 15:46:14'),
	(483, 344, 3, 'Витамины и минералы', NULL, '2018-08-09 15:46:14', '2018-08-09 15:46:14'),
	(484, 344, 3, 'Лактаза (LCT)', NULL, '2018-08-09 15:46:14', '2018-08-09 15:46:14'),
	(485, 344, 3, 'Другие ферменты', NULL, '2018-08-09 15:46:14', '2018-08-09 15:46:14'),
	(486, 344, 3, 'Биоперин', NULL, '2018-08-09 15:46:14', '2018-08-09 15:46:14'),
	(487, 344, 3, 'Фруктоолигосахариды (FOS)', NULL, '2018-08-09 15:46:14', '2018-08-09 15:46:14'),
	(488, 344, 3, 'Препараты для обмена веществ', NULL, '2018-08-09 15:46:14', '2018-08-09 15:46:14'),
	(489, 345, 3, 'Растения', NULL, '2018-08-09 15:46:14', '2018-08-09 15:46:14'),
	(490, 345, 3, 'Хлорофилл', NULL, '2018-08-09 15:46:14', '2018-08-09 15:46:14'),
	(491, 345, 3, 'Активированный уголь', NULL, '2018-08-09 15:46:14', '2018-08-09 15:46:14'),
	(492, 345, 3, 'Комплексы для детокса', NULL, '2018-08-09 15:46:14', '2018-08-09 15:46:14'),
	(493, 345, 3, 'L-глутатион', NULL, '2018-08-09 15:46:14', '2018-08-09 15:46:14'),
	(494, 345, 3, 'Аминокислоты', NULL, '2018-08-09 15:46:14', '2018-08-09 15:46:14'),
	(495, 345, 3, 'Альфа-липоевая кислота', NULL, '2018-08-09 15:46:14', '2018-08-09 15:46:14'),
	(496, 345, 3, 'S-аденозилметионин (SAM)', NULL, '2018-08-09 15:46:14', '2018-08-09 15:46:14'),
	(497, 345, 3, 'Пектин', NULL, '2018-08-09 15:46:14', '2018-08-09 15:46:14'),
	(498, 345, 3, 'D-глюкарат кальция', NULL, '2018-08-09 15:46:14', '2018-08-09 15:46:14'),
	(499, 345, 3, 'От кандидоза/молочницы', NULL, '2018-08-09 15:46:14', '2018-08-09 15:46:14'),
	(500, 345, 3, 'От паразитов', NULL, '2018-08-09 15:46:14', '2018-08-09 15:46:14'),
	(501, 346, 3, 'Добавки для простаты', NULL, '2018-08-09 15:46:14', '2018-08-09 15:46:14'),
	(502, 346, 3, 'Для потенции', NULL, '2018-08-09 15:46:14', '2018-08-09 15:46:14'),
	(503, 346, 3, 'Травы', NULL, '2018-08-09 15:46:14', '2018-08-09 15:46:14'),
	(504, 346, 3, 'Мультивитамины', NULL, '2018-08-09 15:46:14', '2018-08-09 15:46:14'),
	(505, 346, 3, 'Комплексы для мужчин', NULL, '2018-08-09 15:46:14', '2018-08-09 15:46:14'),
	(506, 346, 3, 'Репродуктивное здоровье', NULL, '2018-08-09 15:46:14', '2018-08-09 15:46:14'),
	(507, 347, 3, 'Кальций ', NULL, '2018-08-09 15:46:14', '2018-08-09 15:46:14'),
	(508, 347, 3, 'Омега-3', NULL, '2018-08-09 15:46:14', '2018-08-09 15:46:14'),
	(509, 347, 3, 'Пробиотики', NULL, '2018-08-09 15:46:14', '2018-08-09 15:46:14'),
	(510, 347, 3, 'Витамин D', NULL, '2018-08-09 15:46:14', '2018-08-09 15:46:14'),
	(511, 347, 3, 'Иммунобустеры ', NULL, '2018-08-09 15:46:14', '2018-08-09 15:46:14'),
	(512, 347, 3, 'Для развивающегося мозга', NULL, '2018-08-09 15:46:14', '2018-08-09 15:46:14'),
	(513, 347, 3, 'Суперфуды', NULL, '2018-08-09 15:46:14', '2018-08-09 15:46:14'),
	(514, 347, 3, 'Мультивитамины', NULL, '2018-08-09 15:46:14', '2018-08-09 15:46:14'),
	(515, 347, 3, 'Детокс комплексы', NULL, '2018-08-09 15:46:14', '2018-08-09 15:46:14'),
	(516, 348, 3, 'Для молочных желёз', NULL, '2018-08-09 15:46:14', '2018-08-09 15:46:14'),
	(517, 348, 3, 'Добавки при менопаузе ', NULL, '2018-08-09 15:46:14', '2018-08-09 15:46:14'),
	(518, 348, 3, 'Комплексы для женщин', NULL, '2018-08-09 15:46:14', '2018-08-09 15:46:14'),
	(519, 348, 3, 'Для кожи/ногтей/волос', NULL, '2018-08-09 15:46:14', '2018-08-09 15:46:14'),
	(520, 348, 3, 'Мультивитамины', NULL, '2018-08-09 15:46:14', '2018-08-09 15:46:14'),
	(521, 348, 3, 'Репродуктивное здоровье', NULL, '2018-08-09 15:46:14', '2018-08-09 15:46:14'),
	(522, 348, 3, 'Коллаген', NULL, '2018-08-09 15:46:14', '2018-08-09 15:46:14'),
	(523, 348, 3, 'Гиалуроновые комплексы', NULL, '2018-08-09 15:46:14', '2018-08-09 15:46:14'),
	(524, 348, 3, 'Индол-3-карбинол/дииндолилметан (ДИМ/DIM)', NULL, '2018-08-09 15:46:14', '2018-08-09 15:46:14'),
	(525, 348, 3, 'Масло вечерней примулы', NULL, '2018-08-09 15:46:14', '2018-08-09 15:46:14'),
	(526, 348, 3, 'От кандидоза/молочницы', NULL, '2018-08-09 15:46:14', '2018-08-09 15:46:14'),
	(527, 348, 3, 'Травы', NULL, '2018-08-09 15:46:14', '2018-08-09 15:46:14'),
	(528, 349, 3, 'Витамины и минералы', NULL, '2018-08-09 15:46:14', '2018-08-09 15:46:14'),
	(529, 349, 3, 'На растительной основе', NULL, '2018-08-09 15:46:14', '2018-08-09 15:46:14'),
	(530, 349, 3, 'От стресса', NULL, '2018-08-09 15:46:14', '2018-08-09 15:46:14'),
	(531, 349, 3, 'Другие препараты для нервной систем', NULL, '2018-08-09 15:46:14', '2018-08-09 15:46:14'),
	(532, 223, 2, 'Протеин', NULL, '2018-08-09 15:46:14', '2018-08-09 15:46:14'),
	(533, 223, 2, 'Гейнеры', NULL, '2018-08-09 15:46:14', '2018-08-09 15:46:14'),
	(534, 223, 2, 'Аминокислоты', NULL, '2018-08-09 15:46:14', '2018-08-09 15:46:14'),
	(535, 223, 2, 'Креатин', NULL, '2018-08-09 15:46:14', '2018-08-09 15:46:14'),
	(536, 223, 2, 'Жиросжигатели', NULL, '2018-08-09 15:46:14', '2018-08-09 15:46:14'),
	(537, 223, 2, 'Пред/послетренировочные комплексы', NULL, '2018-08-09 15:46:14', '2018-08-09 15:46:14'),
	(538, 223, 2, 'Витамины, минаралы и добавки', NULL, '2018-08-09 15:46:14', '2018-08-09 15:46:14'),
	(539, 223, 2, 'Для суставов/связок', NULL, '2018-08-09 15:46:14', '2018-08-09 15:46:14'),
	(540, 223, 2, 'Для повышения тестостерона', NULL, '2018-08-09 15:46:14', '2018-08-09 15:46:14'),
	(541, 223, 2, 'Протеиновые батончики', NULL, '2018-08-09 15:46:14', '2018-08-09 15:46:14'),
	(542, 223, 2, 'Аксессуары', NULL, '2018-08-09 15:46:14', '2018-08-09 15:46:14'),
	(543, 532, 3, 'Казеиновый', NULL, '2018-08-09 15:46:14', '2018-08-09 15:46:14'),
	(544, 532, 3, 'Сывороточный ', NULL, '2018-08-09 15:46:15', '2018-08-09 15:46:15'),
	(545, 532, 3, 'Мясной', NULL, '2018-08-09 15:46:15', '2018-08-09 15:46:15'),
	(546, 532, 3, 'Растительный', NULL, '2018-08-09 15:46:15', '2018-08-09 15:46:15'),
	(547, 532, 3, 'Яичный ', NULL, '2018-08-09 15:46:15', '2018-08-09 15:46:15'),
	(548, 532, 3, 'Комплексный  протеин', NULL, '2018-08-09 15:46:15', '2018-08-09 15:46:15'),
	(549, 533, 3, 'Высокоуглеводные', NULL, '2018-08-09 15:46:15', '2018-08-09 15:46:15'),
	(550, 533, 3, 'Высокобелковые 30% +', NULL, '2018-08-09 15:46:15', '2018-08-09 15:46:15'),
	(551, 534, 3, 'Аминокислоты БЦАА (BCAA)', NULL, '2018-08-09 15:46:15', '2018-08-09 15:46:15'),
	(552, 534, 3, 'Комплексы аминокислот', NULL, '2018-08-09 15:46:15', '2018-08-09 15:46:15'),
	(553, 534, 3, 'Изолированные аминокислоты', NULL, '2018-08-09 15:46:15', '2018-08-09 15:46:15'),
	(554, 535, 3, 'Креалкалин ', NULL, '2018-08-09 15:46:15', '2018-08-09 15:46:15'),
	(555, 535, 3, 'Креатин гидрохлорид (HCl)', NULL, '2018-08-09 15:46:15', '2018-08-09 15:46:15'),
	(556, 535, 3, 'Креатин малат', NULL, '2018-08-09 15:46:15', '2018-08-09 15:46:15'),
	(557, 535, 3, 'Креатин моногидрат', NULL, '2018-08-09 15:46:15', '2018-08-09 15:46:15'),
	(558, 535, 3, 'Комплексы креатина', NULL, '2018-08-09 15:46:15', '2018-08-09 15:46:15'),
	(559, 536, 3, 'L-карнитин', NULL, '2018-08-09 15:46:15', '2018-08-09 15:46:15'),
	(560, 536, 3, 'Жиросжигающие комплексы', NULL, '2018-08-09 15:46:15', '2018-08-09 15:46:15'),
	(561, 537, 3, 'Предтренировочные комплексы', NULL, '2018-08-09 15:46:15', '2018-08-09 15:46:15'),
	(562, 537, 3, 'Послетренировочные комплексы', NULL, '2018-08-09 15:46:15', '2018-08-09 15:46:15'),
	(563, 538, 3, 'Витамины и минералы для женщин', NULL, '2018-08-09 15:46:15', '2018-08-09 15:46:15'),
	(564, 538, 3, 'Витамины и минералы для мужчин', NULL, '2018-08-09 15:46:15', '2018-08-09 15:46:15'),
	(565, 538, 3, 'Витаминно-минеральные комплексы', NULL, '2018-08-09 15:46:15', '2018-08-09 15:46:15'),
	(566, 538, 3, 'Жирные кислоты', NULL, '2018-08-09 15:46:15', '2018-08-09 15:46:15'),
	(567, 539, 3, 'Комплексы', NULL, '2018-08-09 15:46:15', '2018-08-09 15:46:15'),
	(568, 539, 3, 'Коллаген', NULL, '2018-08-09 15:46:15', '2018-08-09 15:46:15'),
	(569, 540, 3, 'Тестостероновые бустеры', NULL, '2018-08-09 15:46:15', '2018-08-09 15:46:15'),
	(570, 540, 3, 'Трибулус (якорцы колючие)', NULL, '2018-08-09 15:46:15', '2018-08-09 15:46:15'),
	(571, 540, 3, 'Цинк + магний + витамин B6 (ZMA)', NULL, '2018-08-09 15:46:15', '2018-08-09 15:46:15'),
	(572, 542, 3, 'Перчатки', NULL, '2018-08-09 15:46:15', '2018-08-09 15:46:15'),
	(573, 542, 3, 'Ремни', NULL, '2018-08-09 15:46:15', '2018-08-09 15:46:15'),
	(574, 542, 3, 'Шейкеры', NULL, '2018-08-09 15:46:15', '2018-08-09 15:46:15'),
	(575, 542, 3, 'Другие аксессуары', NULL, '2018-08-09 15:46:15', '2018-08-09 15:46:15'),
	(576, 14, 3, 'Витамин A', NULL, '2018-08-09 15:46:15', '2018-08-09 15:46:15'),
	(577, 14, 3, 'Витамин B', NULL, '2018-08-09 15:46:15', '2018-08-09 15:46:15'),
	(578, 14, 3, 'Витамин C', NULL, '2018-08-09 15:46:15', '2018-08-09 15:46:15'),
	(579, 14, 3, 'Витамин D', NULL, '2018-08-09 15:46:15', '2018-08-09 15:46:15'),
	(580, 14, 3, 'Витамин E', NULL, '2018-08-09 15:46:15', '2018-08-09 15:46:15'),
	(581, 14, 3, 'Витамин K', NULL, '2018-08-09 15:46:15', '2018-08-09 15:46:15'),
	(582, 576, 4, 'Бета-каротин', NULL, '2018-08-09 15:46:15', '2018-08-09 15:46:15'),
	(583, 576, 4, 'Ретинол', NULL, '2018-08-09 15:46:15', '2018-08-09 15:46:15'),
	(584, 577, 4, 'Кобаламин (витамин B12)', NULL, '2018-08-09 15:46:15', '2018-08-09 15:46:15'),
	(585, 577, 4, 'Пиридоксин (витамин B6)', NULL, '2018-08-09 15:46:15', '2018-08-09 15:46:15'),
	(586, 577, 4, 'Пантотеновая кислота (витамин B5)', NULL, '2018-08-09 15:46:15', '2018-08-09 15:46:15'),
	(587, 577, 4, 'Рибофлавин (витамин B2)', NULL, '2018-08-09 15:46:15', '2018-08-09 15:46:15'),
	(588, 577, 4, 'Тиамин (витамин B1)', NULL, '2018-08-09 15:46:15', '2018-08-09 15:46:15'),
	(589, 577, 4, 'Ниацин (витамин B3)', NULL, '2018-08-09 15:46:15', '2018-08-09 15:46:15'),
	(590, 577, 4, 'Биотин (витамин B7)', NULL, '2018-08-09 15:46:15', '2018-08-09 15:46:15'),
	(591, 577, 4, 'Фолиевая кислота (витамин B9)', NULL, '2018-08-09 15:46:15', '2018-08-09 15:46:15'),
	(592, 577, 4, 'ПАБК (витамин B10)', NULL, '2018-08-09 15:46:15', '2018-08-09 15:46:15'),
	(593, 577, 4, 'Комплексы витаминов B', NULL, '2018-08-09 15:46:15', '2018-08-09 15:46:15'),
	(594, 577, 4, 'B50', NULL, '2018-08-09 15:46:15', '2018-08-09 15:46:15'),
	(595, 577, 4, 'B100', NULL, '2018-08-09 15:46:15', '2018-08-09 15:46:15'),
	(596, 577, 4, 'Коэнзимные', NULL, '2018-08-09 15:46:15', '2018-08-09 15:46:15'),
	(597, 577, 4, 'Холин/Инозитол (витамин B4/B8)', NULL, '2018-08-09 15:46:15', '2018-08-09 15:46:15'),
	(598, 578, 4, 'Аскорбиновая кислота', NULL, '2018-08-09 15:46:15', '2018-08-09 15:46:15'),
	(599, 578, 4, 'Эстер С (Ester-C)', NULL, '2018-08-09 15:46:15', '2018-08-09 15:46:15'),
	(600, 578, 4, 'Ацерола С', NULL, '2018-08-09 15:46:15', '2018-08-09 15:46:15'),
	(601, 578, 4, 'Аксорбат кальция', NULL, '2018-08-09 15:46:15', '2018-08-09 15:46:15'),
	(602, 578, 4, 'Витамин C с биофлавоноидами ', NULL, '2018-08-09 15:46:15', '2018-08-09 15:46:15'),
	(603, 578, 4, 'Другие препараты с витамином С', NULL, '2018-08-09 15:46:15', '2018-08-09 15:46:15'),
	(604, 15, 3, 'Для мужчин', NULL, '2018-08-09 15:46:15', '2018-08-09 15:46:15'),
	(605, 15, 3, 'Для женщин', NULL, '2018-08-09 15:46:15', '2018-08-09 15:46:15'),
	(606, 15, 3, 'Для детей', NULL, '2018-08-09 15:46:15', '2018-08-09 15:46:15'),
	(607, 15, 3, 'Для беременнных/кормящих', NULL, '2018-08-09 15:46:15', '2018-08-09 15:46:15'),
	(608, 15, 3, 'Возраст 50+', NULL, '2018-08-09 15:46:15', '2018-08-09 15:46:15'),
	(609, 15, 3, 'Для кожи/ногтей/волос', NULL, '2018-08-09 15:46:16', '2018-08-09 15:46:16'),
	(610, 22, 3, 'Кальций', NULL, '2018-08-09 15:46:16', '2018-08-09 15:46:16'),
	(611, 22, 3, 'Цинк', NULL, '2018-08-09 15:46:16', '2018-08-09 15:46:16'),
	(612, 22, 3, 'Железо', NULL, '2018-08-09 15:46:16', '2018-08-09 15:46:16'),
	(613, 22, 3, 'Селен', NULL, '2018-08-09 15:46:16', '2018-08-09 15:46:16'),
	(614, 22, 3, 'Другие микроэлементы', NULL, '2018-08-09 15:46:16', '2018-08-09 15:46:16'),
	(615, 22, 3, 'Хром', NULL, '2018-08-09 15:46:16', '2018-08-09 15:46:16'),
	(616, 22, 3, 'Мультиминералы', NULL, '2018-08-09 15:46:16', '2018-08-09 15:46:16'),
	(617, 610, 4, 'Цитрат кальция', NULL, '2018-08-09 15:46:16', '2018-08-09 15:46:16'),
	(618, 610, 4, 'Кальций + магний + витамин D', NULL, '2018-08-09 15:46:16', '2018-08-09 15:46:16'),
	(619, 610, 4, 'Кальций + магний + цинк', NULL, '2018-08-09 15:46:16', '2018-08-09 15:46:16'),
	(620, 610, 4, 'Кальций + витамин D', NULL, '2018-08-09 15:46:16', '2018-08-09 15:46:16'),
	(621, 610, 4, 'Кальций + магний', NULL, '2018-08-09 15:46:16', '2018-08-09 15:46:16'),
	(622, 610, 4, 'Другой кальций', NULL, '2018-08-09 15:46:16', '2018-08-09 15:46:16'),
	(623, 610, 4, 'Карбонат кальция', NULL, '2018-08-09 15:46:16', '2018-08-09 15:46:16'),
	(624, 610, 4, 'Хелат кальция', NULL, '2018-08-09 15:46:16', '2018-08-09 15:46:16'),
	(625, 610, 4, 'D-глюкарат кальция', NULL, '2018-08-09 15:46:16', '2018-08-09 15:46:16'),
	(626, 610, 4, 'Коралловый кальций (Coral Calcium)', NULL, '2018-08-09 15:46:16', '2018-08-09 15:46:16'),
	(627, 610, 4, 'Гидроксиапатит кальция', NULL, '2018-08-09 15:46:16', '2018-08-09 15:46:16'),
	(628, 23, 4, 'Цитрат магния', NULL, '2018-08-09 15:46:16', '2018-08-09 15:46:16'),
	(629, 23, 4, 'Хелат магния', NULL, '2018-08-09 15:46:16', '2018-08-09 15:46:16'),
	(630, 23, 4, 'Глицинат магния', NULL, '2018-08-09 15:46:16', '2018-08-09 15:46:16'),
	(631, 23, 4, 'Магний B6', NULL, '2018-08-09 15:46:16', '2018-08-09 15:46:16'),
	(632, 23, 4, 'Другие формулы', NULL, '2018-08-09 15:46:16', '2018-08-09 15:46:16'),
	(633, 23, 4, 'Оксид магния', NULL, '2018-08-09 15:46:16', '2018-08-09 15:46:16'),
	(634, 23, 4, 'Малат магния', NULL, '2018-08-09 15:46:16', '2018-08-09 15:46:16'),
	(635, 23, 4, 'Аспартат магния', NULL, '2018-08-09 15:46:16', '2018-08-09 15:46:16'),
	(636, 611, 4, 'Пиколинат цинка', NULL, '2018-08-09 15:46:16', '2018-08-09 15:46:16'),
	(637, 611, 4, 'Хелат цинка', NULL, '2018-08-09 15:46:16', '2018-08-09 15:46:16'),
	(638, 611, 4, 'Л-оптицинк (L-optizinc)', NULL, '2018-08-09 15:46:16', '2018-08-09 15:46:16'),
	(639, 611, 4, 'Глицинат цинка', NULL, '2018-08-09 15:46:16', '2018-08-09 15:46:16'),
	(640, 614, 4, 'Формулы йода', NULL, '2018-08-09 15:46:16', '2018-08-09 15:46:16'),
	(641, 614, 4, 'Кремний', NULL, '2018-08-09 15:46:16', '2018-08-09 15:46:16'),
	(642, 614, 4, 'Медь', NULL, '2018-08-09 15:46:16', '2018-08-09 15:46:16'),
	(643, 614, 4, 'Молибден', NULL, '2018-08-09 15:46:16', '2018-08-09 15:46:16'),
	(644, 614, 4, 'Марганец', NULL, '2018-08-09 15:46:16', '2018-08-09 15:46:16'),
	(645, 614, 4, 'Сера ', NULL, '2018-08-09 15:46:16', '2018-08-09 15:46:16'),
	(646, 614, 4, 'Бор', NULL, '2018-08-09 15:46:16', '2018-08-09 15:46:16'),
	(647, 614, 4, 'Калий', NULL, '2018-08-09 15:46:16', '2018-08-09 15:46:16'),
	(648, 615, 4, 'Хром пиколинат', NULL, '2018-08-09 15:46:16', '2018-08-09 15:46:16'),
	(649, 615, 4, 'Хром фактор толерантности к глюкозе (ФТГ)', NULL, '2018-08-09 15:46:16', '2018-08-09 15:46:16'),
	(650, 615, 4, 'Хром + ванадий', NULL, '2018-08-09 15:46:16', '2018-08-09 15:46:16'),
	(651, 615, 4, 'Хром хелат', NULL, '2018-08-09 15:46:16', '2018-08-09 15:46:16');
/*!40000 ALTER TABLE `categories` ENABLE KEYS */;

-- Дамп структуры для таблица ecoproj.categories_products
CREATE TABLE IF NOT EXISTS `categories_products` (
  `category_id` int(10) unsigned NOT NULL,
  `product_id` int(10) unsigned NOT NULL,
  PRIMARY KEY (`category_id`,`product_id`),
  KEY `categories_products_product_id_foreign` (`product_id`),
  CONSTRAINT `categories_products_category_id_foreign` FOREIGN KEY (`category_id`) REFERENCES `categories` (`id`) ON DELETE CASCADE ON UPDATE CASCADE,
  CONSTRAINT `categories_products_product_id_foreign` FOREIGN KEY (`product_id`) REFERENCES `products` (`id`) ON DELETE CASCADE ON UPDATE CASCADE
) ENGINE=InnoDB DEFAULT CHARSET=utf8mb4 COLLATE=utf8mb4_unicode_ci;

-- Дамп данных таблицы ecoproj.categories_products: ~20 rows (приблизительно)
DELETE FROM `categories_products`;
/*!40000 ALTER TABLE `categories_products` DISABLE KEYS */;
INSERT INTO `categories_products` (`category_id`, `product_id`) VALUES
	(22, 6),
	(20, 8),
	(13, 9),
	(17, 9),
	(20, 9),
	(12, 10),
	(32, 10),
	(12, 11),
	(24, 11),
	(25, 11),
	(24, 16),
	(25, 16),
	(29, 16);
/*!40000 ALTER TABLE `categories_products` ENABLE KEYS */;

-- Дамп структуры для таблица ecoproj.cities
CREATE TABLE IF NOT EXISTS `cities` (
  `id` int(10) unsigned NOT NULL AUTO_INCREMENT,
  `name` varchar(100) COLLATE utf8mb4_unicode_ci NOT NULL,
  `country_id` int(10) unsigned DEFAULT NULL,
  `created_at` timestamp NULL DEFAULT NULL,
  `updated_at` timestamp NULL DEFAULT NULL,
  PRIMARY KEY (`id`),
  KEY `cities_country_id_foreign` (`country_id`),
  CONSTRAINT `cities_country_id_foreign` FOREIGN KEY (`country_id`) REFERENCES `countries` (`id`) ON DELETE CASCADE ON UPDATE CASCADE
) ENGINE=InnoDB AUTO_INCREMENT=3 DEFAULT CHARSET=utf8mb4 COLLATE=utf8mb4_unicode_ci;

-- Дамп данных таблицы ecoproj.cities: ~2 rows (приблизительно)
DELETE FROM `cities`;
/*!40000 ALTER TABLE `cities` DISABLE KEYS */;
INSERT INTO `cities` (`id`, `name`, `country_id`, `created_at`, `updated_at`) VALUES
	(1, 'Запорожье', 3, '2018-07-19 09:24:10', '2018-07-19 09:24:10'),
	(2, 'Днепр', 3, '2018-07-19 09:24:00', '2018-07-19 09:24:37');
/*!40000 ALTER TABLE `cities` ENABLE KEYS */;

-- Дамп структуры для таблица ecoproj.combo_offers
CREATE TABLE IF NOT EXISTS `combo_offers` (
  `id` int(10) unsigned NOT NULL AUTO_INCREMENT,
  `product_id` int(10) unsigned NOT NULL,
  `related_product_id` int(10) unsigned NOT NULL,
  `combo_discount_abs` decimal(8,2) NOT NULL,
  `created_at` timestamp NULL DEFAULT NULL,
  `updated_at` timestamp NULL DEFAULT NULL,
  PRIMARY KEY (`id`),
  UNIQUE KEY `combo_offers_product_id_related_product_id_unique` (`product_id`,`related_product_id`),
  KEY `combo_offers_product_id_related_product_id_index` (`product_id`,`related_product_id`),
  KEY `combo_offers_related_product_id_index` (`related_product_id`)
) ENGINE=InnoDB AUTO_INCREMENT=13 DEFAULT CHARSET=utf8mb4 COLLATE=utf8mb4_unicode_ci;

-- Дамп данных таблицы ecoproj.combo_offers: ~3 rows (приблизительно)
DELETE FROM `combo_offers`;
/*!40000 ALTER TABLE `combo_offers` DISABLE KEYS */;
INSERT INTO `combo_offers` (`id`, `product_id`, `related_product_id`, `combo_discount_abs`, `created_at`, `updated_at`) VALUES
	(9, 6, 7, 7.00, '2018-06-26 12:01:01', '2018-06-26 12:01:01'),
	(10, 9, 6, 3.00, '2018-06-26 12:01:59', '2018-06-26 12:01:59'),
	(12, 8, 6, 3.00, '2018-06-26 12:49:20', '2018-06-26 12:49:20');
/*!40000 ALTER TABLE `combo_offers` ENABLE KEYS */;

-- Дамп структуры для таблица ecoproj.countries
CREATE TABLE IF NOT EXISTS `countries` (
  `id` int(10) unsigned NOT NULL AUTO_INCREMENT,
  `country_code` varchar(3) COLLATE utf8mb4_unicode_ci NOT NULL,
  `name` varchar(60) COLLATE utf8mb4_unicode_ci NOT NULL,
  `created_at` timestamp NULL DEFAULT NULL,
  `updated_at` timestamp NULL DEFAULT NULL,
  PRIMARY KEY (`id`)
) ENGINE=InnoDB AUTO_INCREMENT=841 DEFAULT CHARSET=utf8mb4 COLLATE=utf8mb4_unicode_ci;

-- Дамп данных таблицы ecoproj.countries: ~8 rows (приблизительно)
DELETE FROM `countries`;
/*!40000 ALTER TABLE `countries` DISABLE KEYS */;
INSERT INTO `countries` (`id`, `country_code`, `name`, `created_at`, `updated_at`) VALUES
	(1, 'US', 'США', '2018-06-25 08:36:13', '2018-06-25 08:36:13'),
	(2, 'RU', 'Росия', '2018-06-25 08:36:45', '2018-06-25 08:36:45'),
	(3, 'UA', 'Украина', '2018-06-25 08:38:48', '2018-06-25 08:38:48'),
	(101, 'UK', 'Англия', '2018-07-27 12:44:07', '2018-07-30 11:44:13'),
	(156, 'CIA', 'Китай                  ', '2018-07-27 12:44:07', '2018-07-30 11:44:13'),
	(616, 'POL', 'Польша                 ', '2018-08-09 15:46:09', '2018-08-09 15:46:09'),
	(804, 'UKR', 'Украина', '2018-07-27 12:44:07', '2018-07-30 11:44:13'),
	(840, '', 'Соединенные Штаты', '2018-08-09 15:46:09', '2018-08-09 15:46:09');
/*!40000 ALTER TABLE `countries` ENABLE KEYS */;

-- Дамп структуры для таблица ecoproj.currencies
CREATE TABLE IF NOT EXISTS `currencies` (
  `id` int(10) unsigned NOT NULL AUTO_INCREMENT,
  `name` varchar(191) COLLATE utf8mb4_unicode_ci NOT NULL,
  `code` varchar(10) COLLATE utf8mb4_unicode_ci NOT NULL,
  `symbol` varchar(25) COLLATE utf8mb4_unicode_ci NOT NULL,
  `format` varchar(50) COLLATE utf8mb4_unicode_ci NOT NULL,
  `exchange_rate` varchar(191) COLLATE utf8mb4_unicode_ci NOT NULL,
  `active` tinyint(1) NOT NULL DEFAULT '0',
  `created_at` timestamp NULL DEFAULT NULL,
  `updated_at` timestamp NULL DEFAULT NULL,
  PRIMARY KEY (`id`),
  KEY `currencies_code_index` (`code`)
) ENGINE=InnoDB AUTO_INCREMENT=4 DEFAULT CHARSET=utf8mb4 COLLATE=utf8mb4_unicode_ci;

-- Дамп данных таблицы ecoproj.currencies: ~3 rows (приблизительно)
DELETE FROM `currencies`;
/*!40000 ALTER TABLE `currencies` DISABLE KEYS */;
INSERT INTO `currencies` (`id`, `name`, `code`, `symbol`, `format`, `exchange_rate`, `active`, `created_at`, `updated_at`) VALUES
	(1, 'Ukraine, Hryvnia', 'UAH', '₴', '1 0,00₴', '26', 0, '2018-06-13 13:58:11', '2018-06-13 13:58:11'),
	(2, 'Russian Ruble', 'RUB', '₽', '1 0,00 ₽', '50', 0, '2018-06-13 13:58:36', '2018-06-13 13:58:36'),
	(3, 'US Dollar', 'USD', '$', '$1,0.00', '1', 0, '2018-06-13 14:07:43', '2018-06-13 14:07:43');
/*!40000 ALTER TABLE `currencies` ENABLE KEYS */;

-- Дамп структуры для таблица ecoproj.data_rows
CREATE TABLE IF NOT EXISTS `data_rows` (
  `id` int(10) unsigned NOT NULL AUTO_INCREMENT,
  `data_type_id` int(10) unsigned NOT NULL,
  `field` varchar(255) COLLATE utf8mb4_unicode_ci NOT NULL,
  `type` varchar(255) COLLATE utf8mb4_unicode_ci NOT NULL,
  `display_name` varchar(255) COLLATE utf8mb4_unicode_ci NOT NULL,
  `required` tinyint(1) NOT NULL DEFAULT '0',
  `browse` tinyint(1) NOT NULL DEFAULT '1',
  `read` tinyint(1) NOT NULL DEFAULT '1',
  `edit` tinyint(1) NOT NULL DEFAULT '1',
  `add` tinyint(1) NOT NULL DEFAULT '1',
  `delete` tinyint(1) NOT NULL DEFAULT '1',
  `details` text COLLATE utf8mb4_unicode_ci,
  `order` int(11) NOT NULL DEFAULT '1',
  PRIMARY KEY (`id`),
  KEY `data_rows_data_type_id_foreign` (`data_type_id`),
  CONSTRAINT `data_rows_data_type_id_foreign` FOREIGN KEY (`data_type_id`) REFERENCES `data_types` (`id`) ON DELETE CASCADE ON UPDATE CASCADE
) ENGINE=InnoDB AUTO_INCREMENT=233 DEFAULT CHARSET=utf8mb4 COLLATE=utf8mb4_unicode_ci;

-- Дамп данных таблицы ecoproj.data_rows: ~183 rows (приблизительно)
DELETE FROM `data_rows`;
/*!40000 ALTER TABLE `data_rows` DISABLE KEYS */;
INSERT INTO `data_rows` (`id`, `data_type_id`, `field`, `type`, `display_name`, `required`, `browse`, `read`, `edit`, `add`, `delete`, `details`, `order`) VALUES
	(1, 8, 'id', 'number', 'ID', 1, 0, 0, 0, 0, 0, '', 1),
	(2, 8, 'name', 'text', 'Name', 1, 1, 1, 1, 1, 1, '', 2),
	(3, 8, 'email', 'text', 'Email', 1, 1, 1, 1, 1, 1, '', 3),
	(4, 8, 'password', 'password', 'Password', 1, 0, 0, 1, 1, 0, '', 4),
	(5, 8, 'remember_token', 'text', 'Remember Token', 0, 0, 0, 0, 0, 0, '', 5),
	(6, 8, 'created_at', 'timestamp', 'Created At', 0, 1, 1, 0, 0, 0, '', 6),
	(7, 8, 'updated_at', 'timestamp', 'Updated At', 0, 0, 0, 0, 0, 0, '', 7),
	(8, 8, 'avatar', 'image', 'Avatar', 0, 1, 1, 1, 1, 1, '', 8),
	(9, 8, 'user_belongsto_role_relationship', 'relationship', 'Role', 0, 1, 1, 1, 1, 0, '{"model":"TCG\\\\Voyager\\\\Models\\\\Role","table":"roles","type":"belongsTo","column":"role_id","key":"id","label":"display_name","pivot_table":"roles","pivot":"0"}', 10),
	(10, 8, 'user_belongstomany_role_relationship', 'relationship', 'Roles', 0, 1, 1, 1, 1, 0, '{"model":"TCG\\\\Voyager\\\\Models\\\\Role","table":"roles","type":"belongsToMany","column":"id","key":"id","label":"display_name","pivot_table":"user_roles","pivot":"1","taggable":"0"}', 11),
	(11, 8, 'locale', 'text', 'Locale', 0, 1, 1, 1, 1, 0, '', 12),
	(12, 8, 'settings', 'hidden', 'Settings', 0, 0, 0, 0, 0, 0, '', 12),
	(13, 9, 'id', 'number', 'ID', 1, 0, 0, 0, 0, 0, '', 1),
	(14, 9, 'name', 'text', 'Name', 1, 1, 1, 1, 1, 1, '', 2),
	(15, 9, 'created_at', 'timestamp', 'Created At', 0, 0, 0, 0, 0, 0, '', 3),
	(16, 9, 'updated_at', 'timestamp', 'Updated At', 0, 0, 0, 0, 0, 0, '', 4),
	(17, 10, 'id', 'number', 'ID', 1, 0, 0, 0, 0, 0, '', 1),
	(18, 10, 'name', 'text', 'Name', 1, 1, 1, 1, 1, 1, '', 2),
	(19, 10, 'created_at', 'timestamp', 'Created At', 0, 0, 0, 0, 0, 0, '', 3),
	(20, 10, 'updated_at', 'timestamp', 'Updated At', 0, 0, 0, 0, 0, 0, '', 4),
	(21, 10, 'display_name', 'text', 'Display Name', 1, 1, 1, 1, 1, 1, '', 5),
	(22, 8, 'role_id', 'text', 'Role', 1, 1, 1, 1, 1, 1, '', 9),
	(23, 11, 'id', 'number', 'ID', 1, 0, 0, 0, 0, 0, NULL, 1),
	(24, 11, 'parent_id', 'select_dropdown', 'Родительская категория', 0, 0, 1, 1, 1, 1, '{"default":"","null":"","options":{"":"-- None --"},"relationship":{"key":"id","label":"name"}}', 2),
	(25, 11, 'order', 'text', 'Порядок отображения', 1, 1, 1, 1, 1, 1, '{"default":1}', 5),
	(26, 11, 'name', 'text', 'Название', 1, 1, 1, 1, 1, 1, NULL, 3),
	(27, 11, 'slug', 'text', 'Alias', 1, 1, 1, 1, 1, 1, '{"slugify":{"origin":"name"}}', 4),
	(28, 11, 'created_at', 'timestamp', 'Создано', 0, 0, 1, 0, 0, 0, NULL, 6),
	(29, 11, 'updated_at', 'timestamp', 'Редактировано', 0, 0, 0, 0, 0, 0, NULL, 7),
	(30, 12, 'id', 'number', 'ID', 1, 0, 0, 0, 0, 0, NULL, 1),
	(31, 12, 'order', 'text', 'Порядок', 1, 0, 0, 0, 0, 0, '{"default":1}', 25),
	(32, 12, 'name', 'text', 'Название', 1, 1, 1, 1, 1, 1, NULL, 2),
	(33, 12, 'article', 'text', 'Артикул', 1, 1, 1, 1, 0, 0, '{"display":{"width":"3","disabled":1}}', 12),
	(34, 12, 'image', 'multiple_images', 'Изображения', 0, 1, 1, 1, 1, 1, NULL, 22),
	(35, 12, 'description', 'rich_text_box', 'Текстовое описание продукта', 0, 0, 1, 1, 1, 1, NULL, 23),
	(36, 12, 'meta_title', 'text', 'Meta Title', 0, 0, 1, 1, 1, 1, NULL, 28),
	(37, 12, 'meta_description', 'text_area', 'Meta Description', 0, 0, 1, 1, 1, 1, NULL, 29),
	(38, 12, 'meta_keywords', 'text_area', 'Meta Keywords', 0, 0, 1, 1, 1, 1, NULL, 30),
	(39, 12, 'created_at', 'timestamp', 'Создано', 0, 0, 1, 0, 0, 0, NULL, 26),
	(40, 12, 'updated_at', 'timestamp', 'Редактировано', 0, 0, 0, 0, 0, 0, NULL, 27),
	(41, 12, 'product_belongstomany_category_relationship', 'relationship', 'Категории', 0, 1, 1, 1, 1, 1, '{"model":"App\\\\Models\\\\Category","table":"categories","type":"belongsToMany","column":"id","key":"id","label":"name","pivot_table":"categories_products","pivot":"1","taggable":"on"}', 3),
	(43, 12, 'price', 'text', 'Цена', 0, 1, 1, 1, 0, 0, '{"display":{"width":"3","disabled":1}}', 20),
	(44, 12, 'discount', 'number', 'Скидка', 0, 1, 1, 1, 1, 1, '{"display":{"width":"3"}}', 21),
	(48, 14, 'id', 'text', 'ID', 1, 0, 0, 0, 0, 0, NULL, 1),
	(49, 14, 'name', 'text', 'Название', 1, 1, 1, 1, 1, 1, NULL, 2),
	(50, 14, 'slug', 'text', 'Alias', 1, 1, 1, 1, 1, 1, '{"slugify":{"origin":"name"}}', 3),
	(51, 12, 'product_belongstomany_tag_relationship', 'relationship', 'Теги', 0, 0, 1, 1, 1, 1, '{"model":"App\\\\Models\\\\Tag","table":"tags","type":"belongsToMany","column":"id","key":"id","label":"name","pivot_table":"products_tags","pivot":"1","taggable":"on"}', 4),
	(52, 16, 'id', 'text', 'Id', 1, 0, 0, 0, 0, 0, NULL, 1),
	(53, 16, 'name', 'text', 'Name', 1, 1, 1, 1, 1, 1, NULL, 2),
	(54, 16, 'code', 'text', 'Code', 1, 1, 1, 1, 1, 1, NULL, 3),
	(55, 16, 'symbol', 'text', 'Symbol', 1, 1, 1, 1, 1, 1, NULL, 4),
	(56, 16, 'format', 'text', 'Format', 1, 1, 1, 1, 1, 1, NULL, 5),
	(57, 16, 'exchange_rate', 'text', 'Exchange Rate', 1, 1, 1, 1, 1, 1, NULL, 6),
	(58, 16, 'active', 'text', 'Active', 1, 1, 1, 1, 1, 1, NULL, 7),
	(59, 16, 'created_at', 'timestamp', 'Created At', 0, 1, 1, 1, 0, 1, NULL, 8),
	(60, 16, 'updated_at', 'timestamp', 'Updated At', 0, 0, 0, 0, 0, 0, NULL, 9),
	(69, 19, 'id', 'text', 'Id', 1, 0, 0, 0, 0, 0, NULL, 1),
	(70, 19, 'name', 'text', 'Name', 1, 1, 1, 1, 1, 1, NULL, 2),
	(71, 19, 'slug', 'text', 'Slug', 1, 1, 1, 1, 1, 1, '{"slugify":{"origin":"name"}}', 3),
	(72, 12, 'product_belongsto_brand_relationship', 'relationship', 'Бренд', 0, 1, 1, 1, 0, 0, '{"model":"App\\\\Models\\\\Brand","table":"brands","type":"belongsTo","column":"brand_id","key":"id","label":"name","pivot_table":"brands","pivot":"0","taggable":"0"}', 44),
	(82, 12, 'brand_id', 'select_dropdown', 'Brand Id', 1, 0, 0, 0, 0, 0, NULL, 40),
	(83, 21, 'country_code', 'text', 'Country Code', 1, 1, 1, 1, 1, 1, NULL, 1),
	(84, 21, 'name', 'text', 'Name', 1, 1, 1, 1, 1, 1, NULL, 2),
	(85, 12, 'exp_date', 'date', 'Exp Date', 0, 1, 1, 1, 0, 0, '{"display":{"width":"3","disabled":1}}', 13),
	(87, 12, 'volume', 'text', 'Объем', 0, 0, 1, 1, 0, 0, '{"display":{"width":"3","disabled":1}}', 14),
	(88, 12, 'volume_dim', 'text', 'Объем ед.изм.', 0, 0, 1, 1, 0, 0, '{"default":"volume_dim","options":{"ml":"мл","l":"л"},"display":{"width":"3","disabled":1}}', 15),
	(89, 12, 'weight', 'text', 'Вес', 0, 0, 1, 1, 0, 0, '{"display":{"width":"3","disabled":1}}', 16),
	(90, 12, 'weight_dim', 'text', 'Вес ед.измер.', 0, 0, 1, 1, 0, 0, '{"default":"weight_dim","options":{"g":"г","kg":"кг"},"display":{"width":"3","disabled":1}}', 17),
	(91, 12, 'pack_pieces', 'number', 'Кол.шт. в упаковке', 0, 0, 1, 1, 1, 1, '{"display":{"disabled":1}}', 18),
	(94, 12, 'quantity', 'number', 'Остаток на складе', 0, 1, 1, 1, 0, 0, '{"display":{"width":"3","disabled":1}}', 11),
	(95, 12, 'product_belongsto_country_relationship', 'relationship', 'countries', 0, 0, 1, 1, 0, 0, '{"model":"App\\\\Models\\\\Country","table":"countries","type":"belongsTo","column":"id","key":"id","label":"name","pivot_table":"brands","pivot":"0","taggable":"0"}', 46),
	(96, 12, 'consist', 'rich_text_box', 'Consist', 0, 0, 1, 1, 1, 1, NULL, 24),
	(97, 22, 'id', 'text', 'Id', 1, 0, 0, 0, 0, 0, NULL, 1),
	(98, 22, 'product_id', 'text', 'Product Id', 1, 1, 1, 1, 1, 1, '{"validation":{"rule":"combo_unique:combo_offers,related_product_id","messages":{"combo_unique":"Combo exists"}}}', 2),
	(99, 22, 'related_product_id', 'text', 'Related Product Id', 1, 1, 1, 1, 1, 1, NULL, 3),
	(100, 22, 'combo_discount_abs', 'number', 'Combo Discount Abs', 1, 1, 1, 1, 1, 1, NULL, 4),
	(101, 22, 'created_at', 'timestamp', 'Created At', 0, 1, 1, 1, 0, 1, NULL, 5),
	(102, 22, 'updated_at', 'timestamp', 'Updated At', 0, 0, 0, 0, 0, 0, NULL, 6),
	(103, 22, 'combo_offer_belongsto_product_relationship', 'relationship', 'products', 0, 1, 1, 1, 1, 1, '{"model":"App\\\\Models\\\\Product","table":"products","type":"belongsTo","column":"product_id","key":"id","label":"name","pivot_table":"brands","pivot":"0","taggable":"0"}', 7),
	(104, 22, 'combo_offer_belongsto_product_relationship_1', 'relationship', 'products', 0, 1, 1, 1, 1, 1, '{"model":"App\\\\Models\\\\Product","table":"products","type":"belongsTo","column":"related_product_id","key":"id","label":"name","pivot_table":"brands","pivot":"0","taggable":"0"}', 8),
	(105, 23, 'id', 'text', 'Id', 1, 0, 0, 0, 0, 0, NULL, 1),
	(106, 23, 'author_id', 'text', 'Author Id', 0, 0, 0, 0, 0, 0, NULL, 2),
	(107, 23, 'title', 'text', 'Title', 1, 1, 1, 1, 1, 1, NULL, 3),
	(108, 23, 'excerpt', 'text', 'Excerpt', 0, 0, 0, 0, 0, 0, NULL, 4),
	(109, 23, 'body', 'rich_text_box', 'Body', 0, 0, 1, 1, 1, 1, NULL, 5),
	(110, 23, 'image', 'text', 'Image', 0, 0, 0, 0, 0, 0, NULL, 6),
	(111, 23, 'slug', 'text', 'Slug', 1, 1, 1, 1, 1, 1, '{"slugify":{"origin":"name"}}', 7),
	(112, 23, 'meta_description', 'text', 'Meta Description', 0, 1, 1, 1, 1, 1, NULL, 8),
	(113, 23, 'meta_keywords', 'text', 'Meta Keywords', 0, 1, 1, 1, 1, 1, NULL, 9),
	(114, 23, 'status', 'text', 'Status', 1, 1, 1, 1, 1, 1, NULL, 10),
	(115, 23, 'created_at', 'timestamp', 'Created At', 0, 1, 1, 1, 0, 1, NULL, 11),
	(116, 23, 'updated_at', 'timestamp', 'Updated At', 0, 0, 0, 0, 0, 0, NULL, 12),
	(117, 12, 'product_belongsto_issue_form_relationship', 'relationship', 'Форма выпуска', 0, 0, 1, 1, 0, 0, '{"model":"App\\\\Models\\\\IssueForm","table":"issue_forms","type":"belongsTo","column":"id","key":"id","label":"name","pivot_table":"brands","pivot":"0","taggable":"0"}', 19),
	(118, 12, 'discount2', 'text', 'Discount2', 0, 0, 0, 0, 0, 0, NULL, 31),
	(119, 12, 'discount3', 'text', 'Discount3', 0, 0, 0, 0, 0, 0, NULL, 32),
	(120, 12, 'discount4', 'text', 'Discount4', 0, 0, 0, 0, 0, 0, NULL, 33),
	(121, 12, 'discount5', 'text', 'Discount5', 0, 0, 0, 0, 0, 0, NULL, 34),
	(122, 12, 'discount6', 'text', 'Discount6', 0, 0, 0, 0, 0, 0, NULL, 35),
	(123, 12, 'discount7', 'text', 'Discount7', 0, 0, 0, 0, 0, 0, NULL, 36),
	(124, 12, 'discount8', 'text', 'Discount8', 0, 0, 0, 0, 0, 0, NULL, 37),
	(125, 12, 'discount9', 'text', 'Discount9', 0, 0, 0, 0, 0, 0, NULL, 38),
	(126, 12, 'discount10', 'text', 'Discount10', 0, 0, 0, 0, 0, 0, NULL, 39),
	(127, 12, 'is_bestseller', 'checkbox', 'Бестселлер', 1, 1, 1, 1, 1, 1, '{"on":"Бестселлер","off":"Не Бестселлер","display":{"width":"2"}}', 6),
	(128, 12, 'is_hit', 'checkbox', 'Хит продаж', 1, 1, 1, 1, 1, 1, '{"on":"Хит","off":"Не Хит","display":{"width":"2"}}', 7),
	(129, 12, 'is_special', 'checkbox', 'СПециальная цена (уценка)', 1, 1, 1, 1, 1, 1, '{"on":"Уценка","off":"","display":{"width":"2"}}', 9),
	(130, 12, 'is_new', 'checkbox', 'Новинка', 1, 1, 1, 1, 1, 1, '{"on":"Новинка","off":"Не Новинка","display":{"width":"2"}}', 8),
	(131, 12, 'is_finished', 'checkbox', 'Is Finished', 1, 1, 1, 1, 1, 1, '{"on":"Закончился","off":"","display":{"width":"2"}}', 10),
	(132, 12, 'is_active', 'checkbox', 'Активный', 1, 1, 1, 1, 1, 1, '{"on":"Активный","off":"Неактивный","display":{"width":"2"}}', 5),
	(133, 12, 'flavor_id', 'text', 'Flavor Id', 0, 0, 0, 0, 0, 0, NULL, 41),
	(134, 12, 'issue_form_id', 'text', 'Issue Form Id', 0, 0, 0, 0, 0, 0, NULL, 42),
	(135, 12, 'country_id', 'text', 'Country Id', 0, 0, 0, 0, 0, 0, NULL, 45),
	(136, 12, 'product_belongsto_flavor_relationship', 'relationship', 'flavors', 0, 0, 1, 1, 0, 0, '{"model":"App\\\\Models\\\\Flavor","table":"flavors","type":"belongsTo","column":"id","key":"id","label":"name","pivot_table":"brands","pivot":"0","taggable":"0"}', 47),
	(137, 24, 'id', 'text', 'Id', 1, 0, 0, 0, 0, 0, NULL, 1),
	(138, 24, 'code', 'text', 'Code', 1, 1, 1, 1, 1, 1, NULL, 2),
	(139, 24, 'discount', 'number', 'Discount', 0, 1, 1, 1, 1, 1, NULL, 3),
	(140, 24, 'data', 'text', 'Data', 0, 0, 0, 0, 0, 0, NULL, 4),
	(141, 24, 'is_disposable', 'checkbox', 'Is Disposable', 1, 1, 1, 1, 1, 1, '{"default":"1"}', 5),
	(142, 24, 'exp_date', 'date', 'Exp Date', 0, 1, 1, 1, 1, 1, NULL, 6),
	(143, 24, 'created_at', 'timestamp', 'Created At', 0, 1, 1, 1, 0, 1, NULL, 7),
	(144, 24, 'updated_at', 'timestamp', 'Updated At', 0, 0, 0, 0, 0, 0, NULL, 8),
	(145, 19, 'created_at', 'timestamp', 'Created At', 0, 1, 1, 1, 0, 1, NULL, 4),
	(146, 19, 'updated_at', 'timestamp', 'Updated At', 0, 0, 0, 0, 0, 0, NULL, 5),
	(148, 12, 'video_iframe', 'text', 'Video Iframe', 0, 0, 0, 1, 1, 1, NULL, 43),
	(149, 25, 'id', 'text', 'Id', 1, 0, 0, 0, 0, 0, NULL, 1),
	(150, 25, 'title', 'text', 'Title', 0, 1, 1, 1, 1, 1, NULL, 2),
	(151, 25, 'url', 'text', 'Url', 1, 1, 1, 1, 1, 1, '{"validation":{"rule":"required|URL"}}', 3),
	(152, 25, 'image', 'image', 'Image', 1, 1, 1, 1, 1, 1, NULL, 4),
	(153, 25, 'descr', 'text', 'Descr', 0, 1, 1, 1, 1, 1, NULL, 5),
	(154, 25, 'is_active', 'checkbox', 'Is Active', 1, 1, 1, 1, 1, 1, '{"checked":true}', 6),
	(155, 25, 'created_at', 'timestamp', 'Created At', 0, 0, 0, 0, 0, 0, NULL, 7),
	(156, 25, 'updated_at', 'timestamp', 'Updated At', 0, 0, 0, 0, 0, 0, NULL, 8),
	(157, 26, 'id', 'text', 'Id', 1, 0, 0, 0, 0, 0, NULL, 1),
	(158, 26, 'name', 'text', 'Name', 1, 1, 1, 1, 1, 1, NULL, 3),
	(159, 26, 'country_id', 'text', 'Country Id', 0, 1, 1, 1, 1, 1, NULL, 2),
	(160, 26, 'created_at', 'timestamp', 'Created At', 0, 1, 1, 1, 0, 1, NULL, 4),
	(161, 26, 'updated_at', 'timestamp', 'Updated At', 0, 0, 0, 0, 0, 0, NULL, 5),
	(162, 26, 'city_belongsto_country_relationship', 'relationship', 'countries', 0, 1, 1, 1, 1, 1, '{"model":"App\\\\Models\\\\Country","table":"countries","type":"belongsTo","column":"country_id","key":"id","label":"name","pivot_table":"banners","pivot":"0","taggable":null}', 6),
	(163, 27, 'id', 'text', 'Id', 1, 0, 0, 0, 0, 0, NULL, 1),
	(164, 27, 'name', 'text', 'Name', 1, 1, 1, 1, 1, 1, NULL, 2),
	(165, 28, 'id', 'text', 'Id', 1, 0, 0, 0, 0, 0, NULL, 1),
	(166, 28, 'created_at', 'timestamp', 'Created At', 0, 0, 0, 0, 0, 0, NULL, 2),
	(167, 28, 'updated_at', 'timestamp', 'Updated At', 0, 0, 0, 0, 0, 0, NULL, 3),
	(168, 28, 'name', 'text', 'Name', 1, 1, 1, 1, 1, 1, NULL, 4),
	(169, 28, 'description', 'text', 'Description', 0, 1, 1, 1, 1, 1, NULL, 5),
	(170, 28, 'api', 'text', 'Api', 0, 1, 1, 1, 1, 1, NULL, 6),
	(171, 28, 'api_key', 'text', 'Api Key', 0, 1, 1, 1, 1, 1, NULL, 7),
	(172, 28, 'price', 'text', 'Price', 0, 0, 0, 0, 0, 0, NULL, 8),
	(173, 28, 'active', 'checkbox', 'Active', 1, 1, 1, 1, 1, 1, NULL, 9),
	(174, 29, 'id', 'text', 'Id', 1, 0, 0, 0, 0, 0, NULL, 1),
	(175, 29, 'created_at', 'timestamp', 'Created At', 0, 0, 0, 0, 0, 0, NULL, 2),
	(176, 29, 'updated_at', 'timestamp', 'Updated At', 0, 0, 0, 0, 0, 0, NULL, 3),
	(177, 29, 'name', 'text', 'Name', 1, 1, 1, 1, 1, 1, NULL, 4),
	(178, 29, 'description', 'text', 'Description', 0, 1, 1, 1, 1, 1, NULL, 5),
	(179, 29, 'gateway', 'text', 'Gateway', 0, 1, 1, 1, 1, 1, NULL, 6),
	(180, 29, 'price', 'text', 'Price', 0, 0, 0, 0, 0, 0, NULL, 7),
	(181, 29, 'active', 'checkbox', 'Active', 1, 1, 1, 1, 1, 1, NULL, 8),
	(182, 30, 'id', 'text', 'Id', 1, 0, 0, 0, 0, 0, NULL, 1),
	(183, 30, 'name', 'text', 'Name', 1, 1, 1, 1, 1, 1, NULL, 2),
	(184, 30, 'created_at', 'timestamp', 'Created At', 0, 1, 1, 1, 0, 1, NULL, 3),
	(185, 30, 'updated_at', 'timestamp', 'Updated At', 0, 0, 0, 0, 0, 0, NULL, 4),
	(186, 28, 'shipping_type_belongstomany_shipping_method_relationship', 'relationship', 'Вид доставки', 0, 1, 1, 1, 1, 1, '{"model":"App\\\\Models\\\\ShippingMethod","table":"shipping_methods","type":"hasMany","column":"id","key":"id","label":"name","pivot_table":"banners","pivot":"0","taggable":"on"}', 10),
	(187, 31, 'id', 'text', 'Id', 1, 0, 0, 0, 0, 0, NULL, 1),
	(188, 31, 'name', 'text', 'Name', 1, 1, 1, 1, 1, 1, NULL, 2),
	(189, 29, 'private_key', 'text', 'Private Key', 0, 0, 0, 1, 1, 1, NULL, 9),
	(190, 29, 'public_key', 'text', 'Public Key', 0, 0, 0, 1, 1, 1, NULL, 10),
	(191, 30, 'method', 'text', 'Ключ латиницей', 1, 1, 1, 1, 1, 1, NULL, 6),
	(192, 30, 'shipping_type_id', 'text', 'Shipping Type Id', 0, 1, 1, 1, 1, 1, NULL, 2),
	(193, 30, 'shipping_method_belongsto_shipping_type_relationship', 'relationship', 'shipping_types', 0, 1, 1, 1, 1, 1, '{"model":"App\\\\Models\\\\ShippingType","table":"shipping_types","type":"belongsTo","column":"shipping_type_id","key":"id","label":"name","pivot_table":"banners","pivot":"0","taggable":"0"}', 7),
	(195, 28, 'shipping_type_belongstomany_payment_type_relationship', 'relationship', 'Допустимые способы оплаты', 0, 1, 1, 1, 1, 1, '{"model":"App\\\\Models\\\\PaymentType","table":"payment_types","type":"belongsToMany","column":"id","key":"id","label":"name","pivot_table":"shipping_type_payment_type","pivot":"1","taggable":"0"}', 11),
	(196, 32, 'id', 'text', 'ID', 1, 1, 1, 0, 0, 0, NULL, 1),
	(197, 32, 'user_id', 'text', 'Клиент', 0, 0, 0, 0, 0, 0, NULL, 3),
	(198, 32, 'status', 'select_dropdown', 'Статус', 1, 1, 1, 1, 1, 1, '{"default":"pending","options":{"pending":"Не завершен","active":"Активный","completed":"Оформлен","canceled":"Отменен"}}', 4),
	(199, 32, 'completed_at', 'date', 'Оформлен', 0, 0, 1, 1, 1, 1, NULL, 9),
	(200, 32, 'note', 'text', 'Комментарий', 0, 0, 1, 1, 1, 1, NULL, 10),
	(201, 32, 'created_at', 'timestamp', 'Создан', 0, 0, 1, 1, 0, 1, NULL, 7),
	(202, 32, 'updated_at', 'timestamp', 'Изменен', 0, 1, 0, 0, 0, 0, NULL, 8),
	(203, 32, 'item_count', 'text', 'К-во', 1, 1, 1, 1, 1, 1, NULL, 11),
	(204, 32, 'total_price', 'text', 'Без скидок', 1, 1, 1, 1, 1, 1, NULL, 12),
	(205, 32, 'discount_by_qnt_combo', 'text', 'Cкидки (по к-ву и комбо)', 1, 1, 1, 1, 1, 1, '{"description":"Скидки по комбо и спец. предложениям. (по количеству и совместным покупкам)"}', 13),
	(206, 32, 'currency', 'text', 'Валюта', 1, 0, 1, 1, 1, 1, NULL, 17),
	(207, 32, 'currency_rate', 'text', 'Курс', 1, 0, 1, 1, 1, 1, '{"description":"Курс валюты на момент оформления заказа."}', 18),
	(208, 32, 'shipping_status', 'select_dropdown', 'Статус доставки', 0, 1, 1, 1, 1, 1, '{"default":"pending","options":{"pending":"В ожидании отправки","active":"Товар в пути","completed":"Товар доставлен"}}', 5),
	(209, 32, 'shipping_address', 'text', 'Адрес', 0, 0, 1, 1, 1, 1, NULL, 34),
	(210, 32, 'shipping_city', 'text', 'Город', 0, 1, 1, 1, 1, 1, NULL, 35),
	(211, 32, 'shipping_name', 'text', 'Имя', 0, 1, 1, 1, 1, 1, NULL, 19),
	(212, 32, 'shipping_last_name', 'text', 'Фамилия', 0, 0, 1, 1, 1, 1, NULL, 20),
	(213, 32, 'shipping_email', 'text', 'Email', 0, 1, 1, 1, 1, 1, NULL, 21),
	(214, 32, 'shipping_phone', 'text', 'Тел.', 0, 1, 1, 1, 1, 1, NULL, 22),
	(215, 32, 'shipping_city_id', 'text', 'Shipping City Id', 0, 0, 0, 0, 0, 0, NULL, 23),
	(216, 32, 'shipping_street', 'text', 'Улица', 0, 0, 0, 0, 0, 0, NULL, 24),
	(217, 32, 'shipping_house', 'text', 'Дом', 0, 0, 0, 0, 0, 0, NULL, 25),
	(218, 32, 'shipping_room', 'text', 'Кварт.', 0, 0, 0, 0, 0, 0, NULL, 26),
	(219, 32, 'discount_promo', 'text', '% промо скидки', 1, 1, 1, 1, 1, 1, NULL, 15),
	(220, 32, 'total_price_discounted_without_promo', 'text', 'Со скидкой без промо', 1, 0, 1, 0, 0, 0, NULL, 14),
	(221, 32, 'total_price_discounted', 'text', 'Со скидками', 1, 1, 1, 0, 0, 0, NULL, 16),
	(222, 32, 'shipping_department', 'text', 'Отделение', 0, 0, 1, 1, 1, 1, NULL, 33),
	(223, 32, 'shipping_method_id', 'text', 'Вид доставки', 0, 0, 0, 1, 1, 1, NULL, 32),
	(224, 32, 'payment_type_id', 'text', 'Оплата', 0, 0, 0, 1, 1, 1, NULL, 30),
	(225, 32, 'shipping_type_id', 'text', 'Доставка', 0, 0, 0, 1, 1, 1, NULL, 31),
	(226, 32, 'order_belongsto_payment_type_relationship', 'relationship', 'Оплата', 0, 1, 1, 1, 1, 1, '{"model":"App\\\\Models\\\\PaymentType","table":"payment_types","type":"belongsTo","column":"payment_type_id","key":"id","label":"name","pivot_table":"banners","pivot":"0","taggable":"0"}', 27),
	(227, 32, 'order_belongsto_shipping_type_relationship', 'relationship', 'Доставка', 0, 1, 1, 1, 1, 1, '{"model":"App\\\\Models\\\\ShippingType","table":"shipping_types","type":"belongsTo","column":"shipping_type_id","key":"id","label":"name","pivot_table":"banners","pivot":"0","taggable":"0"}', 28),
	(228, 32, 'order_belongsto_shipping_method_relationship', 'relationship', 'Вид доставки', 0, 0, 1, 1, 1, 1, '{"model":"App\\\\Models\\\\ShippingMethod","table":"shipping_methods","type":"belongsTo","column":"shipping_method_id","key":"id","label":"name","pivot_table":"banners","pivot":"0","taggable":"0"}', 29),
	(229, 32, 'order_belongsto_user_relationship', 'relationship', 'Клиент', 0, 1, 1, 1, 1, 1, '{"model":"App\\\\User","table":"users","type":"belongsTo","column":"user_id","key":"id","label":"name","pivot_table":"banners","pivot":"0","taggable":"0"}', 2),
	(230, 32, 'order_hasone_payment_relationship', 'relationship', 'Статус оплаты', 0, 1, 1, 1, 1, 1, '{"model":"App\\\\Models\\\\Payment","table":"payments","type":"hasOne","column":"order_id","key":"id","label":"status","pivot_table":"banners","pivot":"0","taggable":"0"}', 6),
	(232, 24, 'is_oneuser_disposable', 'text', 'Is Oneuser Disposable', 1, 1, 1, 1, 1, 1, NULL, 6);
/*!40000 ALTER TABLE `data_rows` ENABLE KEYS */;

-- Дамп структуры для таблица ecoproj.data_types
CREATE TABLE IF NOT EXISTS `data_types` (
  `id` int(10) unsigned NOT NULL AUTO_INCREMENT,
  `name` varchar(255) COLLATE utf8mb4_unicode_ci NOT NULL,
  `slug` varchar(255) COLLATE utf8mb4_unicode_ci NOT NULL,
  `display_name_singular` varchar(255) COLLATE utf8mb4_unicode_ci NOT NULL,
  `display_name_plural` varchar(255) COLLATE utf8mb4_unicode_ci NOT NULL,
  `icon` varchar(255) COLLATE utf8mb4_unicode_ci DEFAULT NULL,
  `model_name` varchar(255) COLLATE utf8mb4_unicode_ci DEFAULT NULL,
  `policy_name` varchar(255) COLLATE utf8mb4_unicode_ci DEFAULT NULL,
  `controller` varchar(255) COLLATE utf8mb4_unicode_ci DEFAULT NULL,
  `description` varchar(255) COLLATE utf8mb4_unicode_ci DEFAULT NULL,
  `generate_permissions` tinyint(1) NOT NULL DEFAULT '0',
  `server_side` tinyint(4) NOT NULL DEFAULT '0',
  `details` text COLLATE utf8mb4_unicode_ci,
  `created_at` timestamp NULL DEFAULT NULL,
  `updated_at` timestamp NULL DEFAULT NULL,
  PRIMARY KEY (`id`),
  UNIQUE KEY `data_types_name_unique` (`name`),
  UNIQUE KEY `data_types_slug_unique` (`slug`)
) ENGINE=InnoDB AUTO_INCREMENT=33 DEFAULT CHARSET=utf8mb4 COLLATE=utf8mb4_unicode_ci;

-- Дамп данных таблицы ecoproj.data_types: ~19 rows (приблизительно)
DELETE FROM `data_types`;
/*!40000 ALTER TABLE `data_types` DISABLE KEYS */;
INSERT INTO `data_types` (`id`, `name`, `slug`, `display_name_singular`, `display_name_plural`, `icon`, `model_name`, `policy_name`, `controller`, `description`, `generate_permissions`, `server_side`, `details`, `created_at`, `updated_at`) VALUES
	(8, 'users', 'users', 'User', 'Users', 'voyager-person', 'TCG\\Voyager\\Models\\User', 'TCG\\Voyager\\Policies\\UserPolicy', '', '', 1, 0, NULL, '2018-06-07 08:17:29', '2018-06-07 08:17:29'),
	(9, 'menus', 'menus', 'Menu', 'Menus', 'voyager-list', 'TCG\\Voyager\\Models\\Menu', NULL, '', '', 1, 0, NULL, '2018-06-07 08:17:29', '2018-06-07 08:17:29'),
	(10, 'roles', 'roles', 'Role', 'Roles', 'voyager-lock', 'TCG\\Voyager\\Models\\Role', NULL, '', '', 1, 0, NULL, '2018-06-07 08:17:29', '2018-06-07 08:17:29'),
	(11, 'categories', 'categories', 'Категория', 'Категории', 'voyager-categories', 'App\\Models\\Category', NULL, NULL, NULL, 1, 1, '{"order_column":"order","order_display_column":"name"}', '2018-06-07 08:17:29', '2018-06-22 08:51:34'),
	(12, 'products', 'products', 'Продукт', 'Продукты', 'voyager-products', 'App\\Models\\Product', NULL, NULL, NULL, 1, 0, '{"order_column":"order","order_display_column":"name"}', '2018-06-07 08:17:29', '2018-06-13 10:58:46'),
	(14, 'tags', 'tags', 'Тег', 'Теги', NULL, 'App\\Models\\Tag', NULL, NULL, NULL, 1, 0, '{"order_column":null,"order_display_column":null}', '2018-06-14 07:48:26', '2018-06-14 07:50:35'),
	(16, 'currencies', 'currencies', 'Currency', 'Currencies', 'voyager-dollar', 'App\\Models\\Currency', NULL, NULL, NULL, 1, 0, '{"order_column":null,"order_display_column":null}', '2018-06-14 12:22:24', '2018-06-21 08:24:36'),
	(19, 'brands', 'brands', 'Brand', 'Brands', NULL, 'App\\Models\\Brand', NULL, NULL, NULL, 1, 0, '{"order_column":null,"order_display_column":null}', '2018-06-22 07:08:05', '2018-06-22 07:08:05'),
	(21, 'countries', 'countries', 'Country', 'Countries', NULL, 'App\\Models\\Country', NULL, NULL, NULL, 1, 0, '{"order_column":null,"order_display_column":null}', '2018-06-25 08:12:23', '2018-06-25 08:12:23'),
	(22, 'combo_offers', 'combo-offers', 'Combo Offer', 'Combo Offers', NULL, 'App\\Models\\ComboOffer', NULL, 'Admin\\ComboOfferController', NULL, 1, 0, '{"order_column":null,"order_display_column":null}', '2018-06-26 11:54:24', '2018-06-26 11:58:02'),
	(23, 'pages', 'pages', 'Page', 'Pages', 'voyager-file-text', 'App\\Models\\Page', NULL, NULL, NULL, 1, 1, '{"order_column":"title","order_display_column":null}', '2018-07-02 17:04:49', '2018-07-02 17:04:49'),
	(24, 'promocodes', 'promocodes', 'Promocode', 'Promocodes', NULL, 'App\\Models\\Promocode', NULL, 'Admin\\PromocodeController', NULL, 1, 0, '{"order_column":null,"order_display_column":null}', '2018-07-16 11:56:37', '2018-08-08 15:29:56'),
	(25, 'banners', 'banners', 'Banner', 'Banners', NULL, 'App\\Models\\Banner', NULL, NULL, NULL, 1, 0, '{"order_column":null,"order_display_column":null}', '2018-07-20 08:18:37', '2018-07-20 08:18:37'),
	(26, 'cities', 'cities', 'City', 'Cities', NULL, 'App\\Models\\City', NULL, NULL, NULL, 1, 0, '{"order_column":null,"order_display_column":null}', '2018-07-20 08:19:20', '2018-07-20 08:19:20'),
	(27, 'flavors', 'flavors', 'Flavor', 'Flavors', NULL, 'App\\Models\\Flavor', NULL, NULL, NULL, 1, 0, '{"order_column":null,"order_display_column":null}', '2018-07-20 08:21:07', '2018-07-20 08:21:07'),
	(28, 'shipping_types', 'shipping-types', 'Shipping Type', 'Shipping Types', NULL, 'App\\Models\\ShippingType', NULL, NULL, NULL, 1, 0, '{"order_column":null,"order_display_column":null}', '2018-07-20 08:23:01', '2018-07-20 08:23:01'),
	(29, 'payment_types', 'payment-types', 'Payment Type', 'Payment Types', NULL, 'App\\Models\\PaymentType', NULL, NULL, NULL, 1, 0, '{"order_column":null,"order_display_column":null}', '2018-07-20 08:39:18', '2018-07-20 08:39:18'),
	(30, 'shipping_methods', 'shipping-methods', 'Вид доставки', 'Виды доставки', NULL, 'App\\Models\\ShippingMethod', NULL, NULL, NULL, 1, 0, '{"order_column":null,"order_display_column":null}', '2018-07-23 12:40:43', '2018-08-01 07:29:36'),
	(31, 'issue_forms', 'issue-forms', 'Форма выпуска', 'Issue Forms', NULL, 'App\\Models\\IssueForm', NULL, NULL, NULL, 1, 0, '{"order_column":null,"order_display_column":null}', '2018-07-24 09:44:29', '2018-07-24 09:44:29'),
	(32, 'orders', 'orders', 'Order', 'Orders', NULL, 'App\\Models\\Order', NULL, 'Admin\\OrdersController', NULL, 1, 0, '{"order_column":"updated_at","order_display_column":"updated_at"}', '2018-08-01 12:06:16', '2018-08-02 13:56:10');
/*!40000 ALTER TABLE `data_types` ENABLE KEYS */;

-- Дамп структуры для таблица ecoproj.favorites
CREATE TABLE IF NOT EXISTS `favorites` (
  `user_id` int(10) unsigned NOT NULL,
  `favoriteable_id` int(10) unsigned NOT NULL,
  `favoriteable_type` varchar(191) COLLATE utf8mb4_unicode_ci NOT NULL,
  `created_at` timestamp NULL DEFAULT NULL,
  `updated_at` timestamp NULL DEFAULT NULL,
  PRIMARY KEY (`user_id`,`favoriteable_id`,`favoriteable_type`),
  KEY `favorites_favoriteable_id_favoriteable_type_index` (`favoriteable_id`,`favoriteable_type`),
  KEY `favorites_user_id_index` (`user_id`)
) ENGINE=InnoDB DEFAULT CHARSET=utf8mb4 COLLATE=utf8mb4_unicode_ci;

-- Дамп данных таблицы ecoproj.favorites: ~5 rows (приблизительно)
DELETE FROM `favorites`;
/*!40000 ALTER TABLE `favorites` DISABLE KEYS */;
INSERT INTO `favorites` (`user_id`, `favoriteable_id`, `favoriteable_type`, `created_at`, `updated_at`) VALUES
	(14, 1, 'App\\Models\\Product', '2018-06-08 15:13:31', '2018-06-08 15:13:31'),
	(14, 4, 'App\\Models\\Product', '2018-06-14 10:48:20', '2018-06-14 10:48:20'),
	(14, 8, 'App\\Models\\Product', '2018-07-18 13:22:10', '2018-07-18 13:22:10'),
	(18, 8, 'App\\Models\\Product', '2018-07-31 06:03:40', '2018-07-31 06:03:40'),
	(18, 10, 'App\\Models\\Product', '2018-07-31 06:17:53', '2018-07-31 06:17:53');
/*!40000 ALTER TABLE `favorites` ENABLE KEYS */;

-- Дамп структуры для таблица ecoproj.flavors
CREATE TABLE IF NOT EXISTS `flavors` (
  `id` int(10) unsigned NOT NULL AUTO_INCREMENT,
  `name` varchar(191) COLLATE utf8mb4_unicode_ci NOT NULL,
  `created_at` timestamp NULL DEFAULT NULL,
  `updated_at` timestamp NULL DEFAULT NULL,
  PRIMARY KEY (`id`)
) ENGINE=InnoDB AUTO_INCREMENT=118 DEFAULT CHARSET=utf8mb4 COLLATE=utf8mb4_unicode_ci;

-- Дамп данных таблицы ecoproj.flavors: ~116 rows (приблизительно)
DELETE FROM `flavors`;
/*!40000 ALTER TABLE `flavors` DISABLE KEYS */;
INSERT INTO `flavors` (`id`, `name`, `created_at`, `updated_at`) VALUES
	(1, 'Кокос', '2018-07-27 10:03:19', '2018-08-09 15:37:06'),
	(2, 'Вишня-банан', '2018-07-27 10:03:19', '2018-08-09 15:37:06'),
	(3, 'Йогурт-Абрикос', '2018-07-27 10:03:19', '2018-08-09 15:37:06'),
	(4, 'Ананас-манго', '2018-07-27 10:03:19', '2018-08-09 15:37:06'),
	(6, 'Шоколад', '2018-08-09 15:46:06', '2018-08-09 15:46:06'),
	(7, 'Ваниль', '2018-08-09 15:46:06', '2018-08-09 15:46:06'),
	(8, 'Клубника', '2018-08-09 15:46:06', '2018-08-09 15:46:06'),
	(9, 'Клубника-банан', '2018-08-09 15:46:06', '2018-08-09 15:46:06'),
	(10, 'Шоколад-мята', '2018-08-09 15:46:06', '2018-08-09 15:46:06'),
	(11, 'Мокко-капучино', '2018-08-09 15:46:06', '2018-08-09 15:46:06'),
	(12, 'Банан', '2018-08-09 15:46:06', '2018-08-09 15:46:06'),
	(13, 'Шоколад-кокос', '2018-08-09 15:46:06', '2018-08-09 15:46:06'),
	(14, 'Кофе', '2018-08-09 15:46:06', '2018-08-09 15:46:06'),
	(15, 'Тропический пунш', '2018-08-09 15:46:06', '2018-08-09 15:46:06'),
	(16, 'Ванильное мороженое', '2018-08-09 15:46:06', '2018-08-09 15:46:06'),
	(17, 'Молочный шоколад', '2018-08-09 15:46:06', '2018-08-09 15:46:06'),
	(18, 'Печенье с кремом', '2018-08-09 15:46:06', '2018-08-09 15:46:06'),
	(19, 'Апельсиновый смузи', '2018-08-09 15:46:06', '2018-08-09 15:46:06'),
	(20, 'Шоколадное пироженое', '2018-08-09 15:46:06', '2018-08-09 15:46:06'),
	(21, 'Гранат', '2018-08-09 15:46:06', '2018-08-09 15:46:06'),
	(22, 'Лимонный чизкейк', '2018-08-09 15:46:06', '2018-08-09 15:46:06'),
	(23, 'Вишня', '2018-08-09 15:46:06', '2018-08-09 15:46:06'),
	(24, 'Персик', '2018-08-09 15:46:06', '2018-08-09 15:46:06'),
	(25, 'Яблоко', '2018-08-09 15:46:06', '2018-08-09 15:46:06'),
	(26, 'Какао', '2018-08-09 15:46:06', '2018-08-09 15:46:06'),
	(27, 'Малина', '2018-08-09 15:46:06', '2018-08-09 15:46:06'),
	(28, 'Ванила-айскрем', '2018-08-09 15:46:06', '2018-08-09 15:46:06'),
	(29, 'Банан-земляника', '2018-08-09 15:46:06', '2018-08-09 15:46:06'),
	(30, 'Шоконатс', '2018-08-09 15:46:07', '2018-08-09 15:46:07'),
	(31, 'Смородина-йогурт', '2018-08-09 15:46:07', '2018-08-09 15:46:07'),
	(32, 'Шоколадное молоко', '2018-08-09 15:46:07', '2018-08-09 15:46:07'),
	(33, 'Банан-клубничное мороженное', '2018-08-09 15:46:07', '2018-08-09 15:46:07'),
	(34, 'Сникерс', '2018-08-09 15:46:07', '2018-08-09 15:46:07'),
	(35, 'Орео', '2018-08-09 15:46:07', '2018-08-09 15:46:07'),
	(36, 'Клубничное мороженное', '2018-08-09 15:46:07', '2018-08-09 15:46:07'),
	(37, 'Соленая карамель', '2018-08-09 15:46:07', '2018-08-09 15:46:07'),
	(38, 'Банановое мороженное', '2018-08-09 15:46:07', '2018-08-09 15:46:07'),
	(39, 'Шоколад-апельсин', '2018-08-09 15:46:07', '2018-08-09 15:46:07'),
	(40, 'Шоколад-орех', '2018-08-09 15:46:07', '2018-08-09 15:46:07'),
	(41, 'Клубника-крем', '2018-08-09 15:46:07', '2018-08-09 15:46:07'),
	(42, 'Летние фрукты', '2018-08-09 15:46:07', '2018-08-09 15:46:07'),
	(43, 'Мокко', '2018-08-09 15:46:07', '2018-08-09 15:46:07'),
	(44, 'Орехово-шоколадное мороженное', '2018-08-09 15:46:07', '2018-08-09 15:46:07'),
	(45, 'Белый шоколад', '2018-08-09 15:46:07', '2018-08-09 15:46:07'),
	(46, 'Ванила-синамон', '2018-08-09 15:46:07', '2018-08-09 15:46:07'),
	(47, 'Хрустящая ириска', '2018-08-09 15:46:07', '2018-08-09 15:46:07'),
	(48, 'Шоколад-цинамон', '2018-08-09 15:46:07', '2018-08-09 15:46:07'),
	(49, 'Ягодный микс', '2018-08-09 15:46:07', '2018-08-09 15:46:07'),
	(50, 'Банановый крем', '2018-08-09 15:46:07', '2018-08-09 15:46:07'),
	(51, 'Лесная ягода', '2018-08-09 15:46:07', '2018-08-09 15:46:07'),
	(52, 'Печенье', '2018-08-09 15:46:07', '2018-08-09 15:46:07'),
	(53, 'Ириска', '2018-08-09 15:46:07', '2018-08-09 15:46:07'),
	(54, 'Малиновый йогурт', '2018-08-09 15:46:07', '2018-08-09 15:46:07'),
	(55, 'Банан со сливками', '2018-08-09 15:46:07', '2018-08-09 15:46:07'),
	(56, 'Шоколадный коктейль', '2018-08-09 15:46:07', '2018-08-09 15:46:07'),
	(57, 'Клубничный коктейль', '2018-08-09 15:46:07', '2018-08-09 15:46:07'),
	(58, 'Апельсиновый чизкейк', '2018-08-09 15:46:07', '2018-08-09 15:46:07'),
	(59, 'Пинаколада', '2018-08-09 15:46:07', '2018-08-09 15:46:07'),
	(60, 'Соленая карамель и арахисовое масло', '2018-08-09 15:46:07', '2018-08-09 15:46:07'),
	(61, 'Фруктовый пунш', '2018-08-09 15:46:07', '2018-08-09 15:46:07'),
	(62, 'Малиновый лимонад', '2018-08-09 15:46:07', '2018-08-09 15:46:07'),
	(63, 'Апельсин', '2018-08-09 15:46:07', '2018-08-09 15:46:07'),
	(64, 'Грейпфрут', '2018-08-09 15:46:07', '2018-08-09 15:46:07'),
	(65, 'Клюква', '2018-08-09 15:46:07', '2018-08-09 15:46:07'),
	(66, 'Черника', '2018-08-09 15:46:07', '2018-08-09 15:46:07'),
	(67, 'Зеленое яблоко', '2018-08-09 15:46:07', '2018-08-09 15:46:07'),
	(68, 'Арбуз', '2018-08-09 15:46:07', '2018-08-09 15:46:07'),
	(69, 'Виноград', '2018-08-09 15:46:07', '2018-08-09 15:46:07'),
	(70, 'Лимон-лайм', '2018-08-09 15:46:07', '2018-08-09 15:46:07'),
	(71, 'Голубая малина', '2018-08-09 15:46:07', '2018-08-09 15:46:07'),
	(72, 'Лимонад', '2018-08-09 15:46:07', '2018-08-09 15:46:07'),
	(73, 'Яблоко-мята', '2018-08-09 15:46:07', '2018-08-09 15:46:07'),
	(74, 'Лайм', '2018-08-09 15:46:07', '2018-08-09 15:46:07'),
	(75, 'Кола', '2018-08-09 15:46:07', '2018-08-09 15:46:07'),
	(76, 'Ежевика', '2018-08-09 15:46:07', '2018-08-09 15:46:07'),
	(77, 'Персик-манго', '2018-08-09 15:46:07', '2018-08-09 15:46:07'),
	(78, 'Лимон', '2018-08-09 15:46:07', '2018-08-09 15:46:07'),
	(79, 'Апельсин-малина', '2018-08-09 15:46:07', '2018-08-09 15:46:07'),
	(80, 'Фрукты', '2018-08-09 15:46:07', '2018-08-09 15:46:07'),
	(81, 'Клубника-лайм', '2018-08-09 15:46:07', '2018-08-09 15:46:07'),
	(82, 'Персиковый чай', '2018-08-09 15:46:07', '2018-08-09 15:46:07'),
	(83, 'Мохито', '2018-08-09 15:46:07', '2018-08-09 15:46:07'),
	(84, 'Тропические фрукты', '2018-08-09 15:46:07', '2018-08-09 15:46:07'),
	(85, 'Дюшес', '2018-08-09 15:46:07', '2018-08-09 15:46:07'),
	(86, 'Вишня-ягоды', '2018-08-09 15:46:07', '2018-08-09 15:46:07'),
	(87, 'Вишня-ваниль', '2018-08-09 15:46:07', '2018-08-09 15:46:07'),
	(88, 'Голубая ягода', '2018-08-09 15:46:07', '2018-08-09 15:46:07'),
	(89, 'Nutella', '2018-08-09 15:46:07', '2018-08-09 15:46:07'),
	(90, 'Йогурт-вишня', '2018-08-09 15:46:07', '2018-08-09 15:46:07'),
	(91, 'Орех', '2018-08-09 15:46:07', '2018-08-09 15:46:07'),
	(92, 'Вишня в шоколаде', '2018-08-09 15:46:07', '2018-08-09 15:46:07'),
	(93, 'Шоколад-марципан', '2018-08-09 15:46:07', '2018-08-09 15:46:07'),
	(94, 'Ваниль-кокос', '2018-08-09 15:46:07', '2018-08-09 15:46:07'),
	(95, 'Шоколад-кофе', '2018-08-09 15:46:08', '2018-08-09 15:46:08'),
	(96, 'Шоколад-малина', '2018-08-09 15:46:08', '2018-08-09 15:46:08'),
	(97, 'Макиато-карамель', '2018-08-09 15:46:08', '2018-08-09 15:46:08'),
	(98, 'Ваниль-карамель', '2018-08-09 15:46:08', '2018-08-09 15:46:08'),
	(99, 'Черный шоколад', '2018-08-09 15:46:08', '2018-08-09 15:46:08'),
	(100, 'Шоколадное печенье', '2018-08-09 15:46:08', '2018-08-09 15:46:08'),
	(101, 'Черный шоколад-карамель', '2018-08-09 15:46:08', '2018-08-09 15:46:08'),
	(102, 'Шоколад-арахис', '2018-08-09 15:46:08', '2018-08-09 15:46:08'),
	(103, 'Шоколадный маффин', '2018-08-09 15:46:08', '2018-08-09 15:46:08'),
	(104, 'Белый шоколад-малина', '2018-08-09 15:46:08', '2018-08-09 15:46:08'),
	(105, 'Шоколад-брауни', '2018-08-09 15:46:08', '2018-08-09 15:46:08'),
	(106, 'Банановый йогурт', '2018-08-09 15:46:08', '2018-08-09 15:46:08'),
	(107, 'Фруктовый микс', '2018-08-09 15:46:08', '2018-08-09 15:46:08'),
	(108, 'Дыня', '2018-08-09 15:46:08', '2018-08-09 15:46:08'),
	(109, 'Банан-клубника', '2018-08-09 15:46:08', '2018-08-09 15:46:08'),
	(110, 'Абрикосовый крем', '2018-08-09 15:46:08', '2018-08-09 15:46:08'),
	(111, 'Малиновый чизкейк', '2018-08-09 15:46:08', '2018-08-09 15:46:08'),
	(112, 'Лимон-базилик', '2018-08-09 15:46:08', '2018-08-09 15:46:08'),
	(113, 'Капучино', '2018-08-09 15:46:08', '2018-08-09 15:46:08'),
	(114, 'Шоколад-карамель', '2018-08-09 15:46:08', '2018-08-09 15:46:08'),
	(115, 'Шоколад-орех', '2018-08-09 15:46:08', '2018-08-09 15:46:08'),
	(116, 'Смородина', '2018-08-09 15:46:08', '2018-08-09 15:46:08'),
	(117, 'Труфалье', '2018-08-09 15:46:08', '2018-08-09 15:46:08');
/*!40000 ALTER TABLE `flavors` ENABLE KEYS */;

-- Дамп структуры для таблица ecoproj.imports
CREATE TABLE IF NOT EXISTS `imports` (
  `id` int(10) unsigned NOT NULL AUTO_INCREMENT,
  `info` text COLLATE utf8mb4_unicode_ci,
  `created_at` timestamp NULL DEFAULT NULL,
  `updated_at` timestamp NULL DEFAULT NULL,
  PRIMARY KEY (`id`)
) ENGINE=InnoDB AUTO_INCREMENT=37 DEFAULT CHARSET=utf8mb4 COLLATE=utf8mb4_unicode_ci;

-- Дамп данных таблицы ecoproj.imports: ~28 rows (приблизительно)
DELETE FROM `imports`;
/*!40000 ALTER TABLE `imports` DISABLE KEYS */;
INSERT INTO `imports` (`id`, `info`, `created_at`, `updated_at`) VALUES
	(7, '{"flavors":{"items":[1,2,3,4],"count":4},"brands":{"items":[1,3,4,5],"count":4},"issue_forms":{"items":[1,2,3,4,5,6],"count":6},"countries":{"items":[101,156,804],"count":3},"categories":{"items":[6,11,13,14,15,18],"count":6},"products":{"items":[7,8,10,16,17,19,20],"count":7}}', '2018-07-27 13:13:40', '2018-07-27 13:13:42'),
	(8, '[]', '2018-07-30 11:19:16', '2018-07-30 11:19:17'),
	(9, '{"flavors":{"items":[1,2,3,4],"count":4},"brands":{"items":[1,3,4,5],"count":4},"issue_forms":{"items":[1,2,3,4,5,6],"count":6},"countries":{"items":[101,156,804],"count":3},"categories":{"items":[6,11,13,14,15,18],"count":6},"products":{"items":[7,8,10,16,17,19,20],"count":7}}', '2018-07-30 11:22:44', '2018-07-30 11:22:45'),
	(10, '{"flavors":{"items":[1,2,3,4],"count":4},"brands":{"items":[1,3,4,5],"count":4},"issue_forms":{"items":[1,2,3,4,5,6],"count":6},"countries":{"items":[101,156,804],"count":3},"categories":{"items":[6,11,13,14,15,18],"count":6},"products":{"items":[7,8,10,16,17,19,20],"count":7}}', '2018-07-30 11:25:12', '2018-07-30 11:25:13'),
	(11, NULL, '2018-07-30 11:26:35', '2018-07-30 11:26:35'),
	(12, NULL, '2018-07-30 11:27:53', '2018-07-30 11:27:53'),
	(13, NULL, '2018-07-30 11:28:48', '2018-07-30 11:28:48'),
	(14, NULL, '2018-07-30 11:35:31', '2018-07-30 11:35:31'),
	(15, NULL, '2018-07-30 11:38:44', '2018-07-30 11:38:44'),
	(16, NULL, '2018-07-30 11:39:12', '2018-07-30 11:39:12'),
	(17, NULL, '2018-07-30 11:41:25', '2018-07-30 11:41:25'),
	(18, NULL, '2018-07-30 11:41:53', '2018-07-30 11:41:53'),
	(19, NULL, '2018-07-30 11:42:06', '2018-07-30 11:42:06'),
	(20, NULL, '2018-07-30 11:43:13', '2018-07-30 11:43:13'),
	(21, NULL, '2018-07-30 11:43:46', '2018-07-30 11:43:46'),
	(22, NULL, '2018-07-30 11:44:12', '2018-07-30 11:44:12'),
	(23, NULL, '2018-07-30 11:44:46', '2018-07-30 11:44:46'),
	(24, NULL, '2018-07-30 11:45:22', '2018-07-30 11:45:22'),
	(25, NULL, '2018-07-30 11:45:30', '2018-07-30 11:45:30'),
	(26, '{"flavors":{"items":[1,2,3,4],"count":4},"brands":{"items":[1,3,4,5],"count":4},"issue_forms":{"items":[1,2,3,4,5,6],"count":6},"countries":{"items":[101,156,804],"count":3},"categories":{"items":[6,11,13,14,15,18],"count":6},"products":{"items":[7,8,10,16,17,19,20],"count":7}}', '2018-07-30 11:45:57', '2018-07-30 11:45:58'),
	(27, '{"flavors":{"items":[1,2,3,4],"count":4},"brands":{"items":[1,3,4,5],"count":4},"issue_forms":{"items":[1,2,3,4,5,6],"count":6},"countries":{"items":[101,156,804],"count":3},"categories":{"items":[6,11,13,14,15,18],"count":6},"products":{"items":[7,8,10,16,17,19,20],"count":7}}', '2018-07-30 11:47:11', '2018-07-30 11:47:12'),
	(28, NULL, '2018-08-09 15:37:05', '2018-08-09 15:37:05'),
	(29, '[]', '2018-08-09 15:42:33', '2018-08-09 15:42:34'),
	(30, NULL, '2018-08-09 15:46:06', '2018-08-09 15:46:06'),
	(31, NULL, '2018-08-09 15:50:45', '2018-08-09 15:50:45'),
	(32, '{"flavors":{"items":[1,2,3,4,6,7,8,9,10,11,12,13,14,15,16,17,18,19,20,21,22,23,24,25,26,27,28,29,30,31,32,33,34,35,36,37,38,39,40,41,42,43,44,45,46,47,48,49,50,51,52,53,54,55,56,57,58,59,60,61,62,63,64,65,66,67,68,69,70,71,72,73,74,75,76,77,78,79,80,81,82,83,84,85,86,87,88,89,90,91,92,93,94,95,96,97,98,99,100,101,102,103,104,105,106,107,108,109,110,111,112,113,114,115,116,117],"count":116},"brands":{"items":[1,3,4,5,6,7,8,9,10,11,12,13,14,15,16,17,18,19,20,21,22,23,24,25,26],"count":25},"issue_forms":{"items":[1,2,3,4,5,6,7,8,9],"count":9},"countries":{"items":[101,156,616,804,840],"count":5},"categories":{"items":[6,11,13,14,15,18,22,23,215,223,224,225,226,227,228,229,230,231,232,233,234,235,236,237,238,239,240,241,242,243,244,245,246,247,248,249,250,251,252,253,254,255,256,257,258,259,260,261,262,263,264,265,266,267,268,269,270,271,272,273,274,275,276,277,278,279,280,281,282,283,284,285,286,287,288,289,290,291,292,293,294,295,296,297,298,299,300,301,302,303,304,305,306,307,308,309,310,311,312,313,314,315,316,317,318,319,320,321,322,323,324,325,326,327,328,329,330,331,332,333,334,335,336,337,338,339,340,341,342,343,344,345,346,347,348,349,350,351,352,353,354,355,356,357,358,359,360,361,362,363,364,365,366,367,368,369,370,371,372,373,374,375,376,377,378,379,380,381,382,383,384,385,386,387,388,389,390,391,392,393,394,395,396,397,398,399,400,401,402,403,404,405,406,407,408,409,410,411,412,413,414,415,416,417,418,419,420,421,422,423,424,425,426,427,428,429,430,431,432,433,434,435,436,437,438,439,440,441,442,443,444,445,446,447,448,449,450,451,452,453,454,455,456,457,458,459,460,461,462,463,464,465,466,467,468,469,470,471,472,473,474,475,476,477,478,479,480,481,482,483,484,485,486,487,488,489,490,491,492,493,494,495,496,497,498,499,500,501,502,503,504,505,506,507,508,509,510,511,512,513,514,515,516,517,518,519,520,521,522,523,524,525,526,527,528,529,530,531,532,533,534,535,536,537,538,539,540,541,542,543,544,545,546,547,548,549,550,551,552,553,554,555,556,557,558,559,560,561,562,563,564,565,566,567,568,569,570,571,572,573,574,575,576,577,578,579,580,581,582,583,584,585,586,587,588,589,590,591,592,593,594,595,596,597,598,599,600,601,602,603,604,605,606,607,608,609,610,611,612,613,614,615,616,617,618,619,620,621,622,623,624,625,626,627,628,629,630,631,632,633,634,635,636,637,638,639,640,641,642,643,644,645,646,647,648,649,650,651],"count":438},"products":{"items":[21,24,25,26,27,28,29,30,31,32,33,34,35,36,37,38,39,40,41,42,43,44,45,46,47,48,49,50,51,52,53,54,55,56,57,58,59,60,61,62,63,64,65,66,67,68,69,70,71,72,73,74,75,76,77,78,79,80,81,82,83,84,85,86,87,88,89,90,91,92,93,94,95,96,97,98,99,100,101,102,103,104,105,106,107,108,109,110,111,112,113,114,115,116,117,118,119,120,121,122,123,124,125,126,127,128,129,130,131,132,133,134,135,136,137,138,139,140,141,142,143,144,145,146,147,148,149,150,151,152,153,154,155,156,157,158,159,160,161,162,163,164,165,166,167,168,169,170,171,172,173,174,175,176,177,178,179,180,181,182,183,184,185,186,187,188,189,190,191,192,193,194,195,196,197,198,199,200,201,202,203,204,205,206,207,208,209,210,211,212,213,214,216,217,218,220,221,222,652,653,654,655,656,657,658,659,660,661,662,663,664,665,666,667,668,669,670,671,672,673,674,675,676,677,678,679,680,681,682,683,684,685,686,687,688,689,690,691,692,693,694,695,696,697,698,699,700,701,702,703,704,705,706,707,708,709,710,711,712,713,714,715,716,717,718,719,720,721,722,723,724,725,726,727,728,729,730,731,732,733,734,735,736,737,738,739,740,741,742,743,744,745,746,747,748,749,750,751,752,753,754,755,756,757,758,759,760,761,762,763,764,765,766,767,768,769,770,771,772,773,774,775,776,777,778,779,780,781,782,783,784,785,786,787,788,789,790,791,792,793,794,795,796,797,798,799,800,801,802,803,804,805,806,807,808,809,810,811,812,813,814,815,816,817,818,819,820,821,822,823,824,825,826,827,828,829,830,831,832,833,834,835,836,837,838,839,840,841,842,843,844,845,846,847,848,849,850,851,852,853,854,855,856,857,858,859,860,861,862,863,864,865,866,867,868,869,870,871,872,873,874,875,876,877,878,879,880,881,882,883,884,885,886,887,888,889,890,891,892,893,894,895,896,897,898,899,900,901,902,903,904,905,906,907,908,909,910,911,912,913,914,915,916,917,918,919,920,921,922,923,924,925,926,927,928,929,930,931,932,933,934,935,936,937,938,939,940,941,942,943,944,945,946,947,948,949,950,951,952,953,954,955,956,957,958,959,960,961,962,963,964,965,966,967,968,969,970,971,972,973,974,975,976,977,978,979,980,981,982,983,984,985,986,987,988,989,990,991,992,993,994,995,996,997,998,999,1000,1001,1002,1003,1004,1005,1006,1007,1008,1009,1010,1011,1012,1013,1014],"count":561}}', '2018-08-09 15:51:16', '2018-08-09 15:51:32'),
	(33, '{"flavors":{"items":[1,2,3,4,6,7,8,9,10,11,12,13,14,15,16,17,18,19,20,21,22,23,24,25,26,27,28,29,30,31,32,33,34,35,36,37,38,39,40,41,42,43,44,45,46,47,48,49,50,51,52,53,54,55,56,57,58,59,60,61,62,63,64,65,66,67,68,69,70,71,72,73,74,75,76,77,78,79,80,81,82,83,84,85,86,87,88,89,90,91,92,93,94,95,96,97,98,99,100,101,102,103,104,105,106,107,108,109,110,111,112,113,114,115,116,117],"count":116},"brands":{"items":[1,3,4,5,6,7,8,9,10,11,12,13,14,15,16,17,18,19,20,21,22,23,24,25,26],"count":25},"issue_forms":{"items":[1,2,3,4,5,6,7,8,9],"count":9},"countries":{"items":[101,156,616,804,840],"count":5},"categories":{"items":[11,13,14,15,18,22,23,215,223,224,225,226,227,228,229,230,231,232,233,234,235,236,237,238,239,240,241,242,243,244,245,246,247,248,249,250,251,252,253,254,255,256,257,258,259,260,261,262,263,264,265,266,267,268,269,270,271,272,273,274,275,276,277,278,279,280,281,282,283,284,285,286,287,288,289,290,291,292,293,294,295,296,297,298,299,300,301,302,303,304,305,306,307,308,309,310,311,312,313,314,315,316,317,318,319,320,321,322,323,324,325,326,327,328,329,330,331,332,333,334,335,336,337,338,339,340,341,342,343,344,345,346,347,348,349,350,351,352,353,354,355,356,357,358,359,360,361,362,363,364,365,366,367,368,369,370,371,372,373,374,375,376,377,378,379,380,381,382,383,384,385,386,387,388,389,390,391,392,393,394,395,396,397,398,399,400,401,402,403,404,405,406,407,408,409,410,411,412,413,414,415,416,417,418,419,420,421,422,423,424,425,426,427,428,429,430,431,432,433,434,435,436,437,438,439,440,441,442,443,444,445,446,447,448,449,450,451,452,453,454,455,456,457,458,459,460,461,462,463,464,465,466,467,468,469,470,471,472,473,474,475,476,477,478,479,480,481,482,483,484,485,486,487,488,489,490,491,492,493,494,495,496,497,498,499,500,501,502,503,504,505,506,507,508,509,510,511,512,513,514,515,516,517,518,519,520,521,522,523,524,525,526,527,528,529,530,531,532,533,534,535,536,537,538,539,540,541,542,543,544,545,546,547,548,549,550,551,552,553,554,555,556,557,558,559,560,561,562,563,564,565,566,567,568,569,570,571,572,573,574,575,576,577,578,579,580,581,582,583,584,585,586,587,588,589,590,591,592,593,594,595,596,597,598,599,600,601,602,603,604,605,606,607,608,609,610,611,612,613,614,615,616,617,618,619,620,621,622,623,624,625,626,627,628,629,630,631,632,633,634,635,636,637,638,639,640,641,642,643,644,645,646,647,648,649,650,651],"count":437},"products":{"items":[21,24,25,26,27,28,29,30,31,32,33,34,35,36,37,38,39,40,41,42,43,44,45,46,47,48,49,50,51,52,53,54,55,56,57,58,59,60,61,62,63,64,65,66,67,68,69,70,71,72,73,74,75,76,77,78,79,80,81,82,83,84,85,86,87,88,89,90,91,92,93,94,95,96,97,98,99,100,101,102,103,104,105,106,107,108,109,110,111,112,113,114,115,116,117,118,119,120,121,122,123,124,125,126,127,128,129,130,131,132,133,134,135,136,137,138,139,140,141,142,143,144,145,146,147,148,149,150,151,152,153,154,155,156,157,158,159,160,161,162,163,164,165,166,167,168,169,170,171,172,173,174,175,176,177,178,179,180,181,182,183,184,185,186,187,188,189,190,191,192,193,194,195,196,197,198,199,200,201,202,203,204,205,206,207,208,209,210,211,212,213,214,216,217,218,220,221,222,652,653,654,655,656,657,658,659,660,661,662,663,664,665,666,667,668,669,670,671,672,673,674,675,676,677,678,679,680,681,682,683,684,685,686,687,688,689,690,691,692,693,694,695,696,697,698,699,700,701,702,703,704,705,706,707,708,709,710,711,712,713,714,715,716,717,718,719,720,721,722,723,724,725,726,727,728,729,730,731,732,733,734,735,736,737,738,739,740,741,742,743,744,745,746,747,748,749,750,751,752,753,754,755,756,757,758,759,760,761,762,763,764,765,766,767,768,769,770,771,772,773,774,775,776,777,778,779,780,781,782,783,784,785,786,787,788,789,790,791,792,793,794,795,796,797,798,799,800,801,802,803,804,805,806,807,808,809,810,811,812,813,814,815,816,817,818,819,820,821,822,823,824,825,826,827,828,829,830,831,832,833,834,835,836,837,838,839,840,841,842,843,844,845,846,847,848,849,850,851,852,853,854,855,856,857,858,859,860,861,862,863,864,865,866,867,868,869,870,871,872,873,874,875,876,877,878,879,880,881,882,883,884,885,886,887,888,889,890,891,892,893,894,895,896,897,898,899,900,901,902,903,904,905,906,907,908,909,910,911,912,913,914,915,916,917,918,919,920,921,922,923,924,925,926,927,928,929,930,931,932,933,934,935,936,937,938,939,940,941,942,943,944,945,946,947,948,949,950,951,952,953,954,955,956,957,958,959,960,961,962,963,964,965,966,967,968,969,970,971,972,973,974,975,976,977,978,979,980,981,982,983,984,985,986,987,988,989,990,991,992,993,994,995,996,997,998,999,1000,1001,1002,1003,1004,1005,1006,1007,1008,1009,1010,1011,1012,1013,1014],"count":561}}', '2018-08-09 16:00:37', '2018-08-09 16:00:45'),
	(34, '{"flavors":{"items":[1,2,3,4,6,7,8,9,10,11,12,13,14,15,16,17,18,19,20,21,22,23,24,25,26,27,28,29,30,31,32,33,34,35,36,37,38,39,40,41,42,43,44,45,46,47,48,49,50,51,52,53,54,55,56,57,58,59,60,61,62,63,64,65,66,67,68,69,70,71,72,73,74,75,76,77,78,79,80,81,82,83,84,85,86,87,88,89,90,91,92,93,94,95,96,97,98,99,100,101,102,103,104,105,106,107,108,109,110,111,112,113,114,115,116,117],"count":116},"brands":{"items":[1,3,4,5,6,7,8,9,10,11,12,13,14,15,16,17,18,19,20,21,22,23,24,25,26],"count":25},"issue_forms":{"items":[1,2,3,4,5,6,7,8,9],"count":9},"countries":{"items":[101,156,616,804,840],"count":5},"categories":{"items":[11,13,14,15,18,22,23,215,223,224,225,226,227,228,229,230,231,232,233,234,235,236,237,238,239,240,241,242,243,244,245,246,247,248,249,250,251,252,253,254,255,256,257,258,259,260,261,262,263,264,265,266,267,268,269,270,271,272,273,274,275,276,277,278,279,280,281,282,283,284,285,286,287,288,289,290,291,292,293,294,295,296,297,298,299,300,301,302,303,304,305,306,307,308,309,310,311,312,313,314,315,316,317,318,319,320,321,322,323,324,325,326,327,328,329,330,331,332,333,334,335,336,337,338,339,340,341,342,343,344,345,346,347,348,349,350,351,352,353,354,355,356,357,358,359,360,361,362,363,364,365,366,367,368,369,370,371,372,373,374,375,376,377,378,379,380,381,382,383,384,385,386,387,388,389,390,391,392,393,394,395,396,397,398,399,400,401,402,403,404,405,406,407,408,409,410,411,412,413,414,415,416,417,418,419,420,421,422,423,424,425,426,427,428,429,430,431,432,433,434,435,436,437,438,439,440,441,442,443,444,445,446,447,448,449,450,451,452,453,454,455,456,457,458,459,460,461,462,463,464,465,466,467,468,469,470,471,472,473,474,475,476,477,478,479,480,481,482,483,484,485,486,487,488,489,490,491,492,493,494,495,496,497,498,499,500,501,502,503,504,505,506,507,508,509,510,511,512,513,514,515,516,517,518,519,520,521,522,523,524,525,526,527,528,529,530,531,532,533,534,535,536,537,538,539,540,541,542,543,544,545,546,547,548,549,550,551,552,553,554,555,556,557,558,559,560,561,562,563,564,565,566,567,568,569,570,571,572,573,574,575,576,577,578,579,580,581,582,583,584,585,586,587,588,589,590,591,592,593,594,595,596,597,598,599,600,601,602,603,604,605,606,607,608,609,610,611,612,613,614,615,616,617,618,619,620,621,622,623,624,625,626,627,628,629,630,631,632,633,634,635,636,637,638,639,640,641,642,643,644,645,646,647,648,649,650,651],"count":437},"products":{"items":[21,24,25,26,27,28,29,30,31,32,33,34,35,36,37,38,39,40,41,42,43,44,45,46,47,48,49,50,51,52,53,54,55,56,57,58,59,60,61,62,63,64,65,66,67,68,69,70,71,72,73,74,75,76,77,78,79,80,81,82,83,84,85,86,87,88,89,90,91,92,93,94,95,96,97,98,99,100,101,102,103,104,105,106,107,108,109,110,111,112,113,114,115,116,117,118,119,120,121,122,123,124,125,126,127,128,129,130,131,132,133,134,135,136,137,138,139,140,141,142,143,144,145,146,147,148,149,150,151,152,153,154,155,156,157,158,159,160,161,162,163,164,165,166,167,168,169,170,171,172,173,174,175,176,177,178,179,180,181,182,183,184,185,186,187,188,189,190,191,192,193,194,195,196,197,198,199,200,201,202,203,204,205,206,207,208,209,210,211,212,213,214,216,217,218,220,221,222,652,653,654,655,656,657,658,659,660,661,662,663,664,665,666,667,668,669,670,671,672,673,674,675,676,677,678,679,680,681,682,683,684,685,686,687,688,689,690,691,692,693,694,695,696,697,698,699,700,701,702,703,704,705,706,707,708,709,710,711,712,713,714,715,716,717,718,719,720,721,722,723,724,725,726,727,728,729,730,731,732,733,734,735,736,737,738,739,740,741,742,743,744,745,746,747,748,749,750,751,752,753,754,755,756,757,758,759,760,761,762,763,764,765,766,767,768,769,770,771,772,773,774,775,776,777,778,779,780,781,782,783,784,785,786,787,788,789,790,791,792,793,794,795,796,797,798,799,800,801,802,803,804,805,806,807,808,809,810,811,812,813,814,815,816,817,818,819,820,821,822,823,824,825,826,827,828,829,830,831,832,833,834,835,836,837,838,839,840,841,842,843,844,845,846,847,848,849,850,851,852,853,854,855,856,857,858,859,860,861,862,863,864,865,866,867,868,869,870,871,872,873,874,875,876,877,878,879,880,881,882,883,884,885,886,887,888,889,890,891,892,893,894,895,896,897,898,899,900,901,902,903,904,905,906,907,908,909,910,911,912,913,914,915,916,917,918,919,920,921,922,923,924,925,926,927,928,929,930,931,932,933,934,935,936,937,938,939,940,941,942,943,944,945,946,947,948,949,950,951,952,953,954,955,956,957,958,959,960,961,962,963,964,965,966,967,968,969,970,971,972,973,974,975,976,977,978,979,980,981,982,983,984,985,986,987,988,989,990,991,992,993,994,995,996,997,998,999,1000,1001,1002,1003,1004,1005,1006,1007,1008,1009,1010,1011,1012,1013,1014],"count":561}}', '2018-08-09 16:00:48', '2018-08-09 16:00:56'),
	(35, NULL, '2018-08-09 16:07:12', '2018-08-09 16:07:12'),
	(36, '{"flavors":{"items":[1,2,3,4,6,7,8,9,10,11,12,13,14,15,16,17,18,19,20,21,22,23,24,25,26,27,28,29,30,31,32,33,34,35,36,37,38,39,40,41,42,43,44,45,46,47,48,49,50,51,52,53,54,55,56,57,58,59,60,61,62,63,64,65,66,67,68,69,70,71,72,73,74,75,76,77,78,79,80,81,82,83,84,85,86,87,88,89,90,91,92,93,94,95,96,97,98,99,100,101,102,103,104,105,106,107,108,109,110,111,112,113,114,115,116,117],"count":116},"brands":{"items":[1,3,4,5,6,7,8,9,10,11,12,13,14,15,16,17,18,19,20,21,22,23,24,25,26],"count":25},"issue_forms":{"items":[1,2,3,4,5,6,7,8,9],"count":9},"countries":{"items":[101,156,616,804,840],"count":5},"categories":{"items":[11,13,14,15,18,22,23,215,223,224,225,226,227,228,229,230,231,232,233,234,235,236,237,238,239,240,241,242,243,244,245,246,247,248,249,250,251,252,253,254,255,256,257,258,259,260,261,262,263,264,265,266,267,268,269,270,271,272,273,274,275,276,277,278,279,280,281,282,283,284,285,286,287,288,289,290,291,292,293,294,295,296,297,298,299,300,301,302,303,304,305,306,307,308,309,310,311,312,313,314,315,316,317,318,319,320,321,322,323,324,325,326,327,328,329,330,331,332,333,334,335,336,337,338,339,340,341,342,343,344,345,346,347,348,349,350,351,352,353,354,355,356,357,358,359,360,361,362,363,364,365,366,367,368,369,370,371,372,373,374,375,376,377,378,379,380,381,382,383,384,385,386,387,388,389,390,391,392,393,394,395,396,397,398,399,400,401,402,403,404,405,406,407,408,409,410,411,412,413,414,415,416,417,418,419,420,421,422,423,424,425,426,427,428,429,430,431,432,433,434,435,436,437,438,439,440,441,442,443,444,445,446,447,448,449,450,451,452,453,454,455,456,457,458,459,460,461,462,463,464,465,466,467,468,469,470,471,472,473,474,475,476,477,478,479,480,481,482,483,484,485,486,487,488,489,490,491,492,493,494,495,496,497,498,499,500,501,502,503,504,505,506,507,508,509,510,511,512,513,514,515,516,517,518,519,520,521,522,523,524,525,526,527,528,529,530,531,532,533,534,535,536,537,538,539,540,541,542,543,544,545,546,547,548,549,550,551,552,553,554,555,556,557,558,559,560,561,562,563,564,565,566,567,568,569,570,571,572,573,574,575,576,577,578,579,580,581,582,583,584,585,586,587,588,589,590,591,592,593,594,595,596,597,598,599,600,601,602,603,604,605,606,607,608,609,610,611,612,613,614,615,616,617,618,619,620,621,622,623,624,625,626,627,628,629,630,631,632,633,634,635,636,637,638,639,640,641,642,643,644,645,646,647,648,649,650,651],"count":437},"products":{"items":[21,24,25,26,27,28,29,30,31,32,33,34,35,36,37,38,39,40,41,42,43,44,45,46,47,48,49,50,51,52,53,54,55,56,57,58,59,60,61,62,63,64,65,66,67,68,69,70,71,72,73,74,75,76,77,78,79,80,81,82,83,84,85,86,87,88,89,90,91,92,93,94,95,96,97,98,99,100,101,102,103,104,105,106,107,108,109,110,111,112,113,114,115,116,117,118,119,120,121,122,123,124,125,126,127,128,129,130,131,132,133,134,135,136,137,138,139,140,141,142,143,144,145,146,147,148,149,150,151,152,153,154,155,156,157,158,159,160,161,162,163,164,165,166,167,168,169,170,171,172,173,174,175,176,177,178,179,180,181,182,183,184,185,186,187,188,189,190,191,192,193,194,195,196,197,198,199,200,201,202,203,204,205,206,207,208,209,210,211,212,213,214,216,217,218,220,221,222,652,653,654,655,656,657,658,659,660,661,662,663,664,665,666,667,668,669,670,671,672,673,674,675,676,677,678,679,680,681,682,683,684,685,686,687,688,689,690,691,692,693,694,695,696,697,698,699,700,701,702,703,704,705,706,707,708,709,710,711,712,713,714,715,716,717,718,719,720,721,722,723,724,725,726,727,728,729,730,731,732,733,734,735,736,737,738,739,740,741,742,743,744,745,746,747,748,749,750,751,752,753,754,755,756,757,758,759,760,761,762,763,764,765,766,767,768,769,770,771,772,773,774,775,776,777,778,779,780,781,782,783,784,785,786,787,788,789,790,791,792,793,794,795,796,797,798,799,800,801,802,803,804,805,806,807,808,809,810,811,812,813,814,815,816,817,818,819,820,821,822,823,824,825,826,827,828,829,830,831,832,833,834,835,836,837,838,839,840,841,842,843,844,845,846,847,848,849,850,851,852,853,854,855,856,857,858,859,860,861,862,863,864,865,866,867,868,869,870,871,872,873,874,875,876,877,878,879,880,881,882,883,884,885,886,887,888,889,890,891,892,893,894,895,896,897,898,899,900,901,902,903,904,905,906,907,908,909,910,911,912,913,914,915,916,917,918,919,920,921,922,923,924,925,926,927,928,929,930,931,932,933,934,935,936,937,938,939,940,941,942,943,944,945,946,947,948,949,950,951,952,953,954,955,956,957,958,959,960,961,962,963,964,965,966,967,968,969,970,971,972,973,974,975,976,977,978,979,980,981,982,983,984,985,986,987,988,989,990,991,992,993,994,995,996,997,998,999,1000,1001,1002,1003,1004,1005,1006,1007,1008,1009,1010,1011,1012,1013,1014],"count":561}}', '2018-08-09 16:07:26', '2018-08-09 16:07:37');
/*!40000 ALTER TABLE `imports` ENABLE KEYS */;

-- Дамп структуры для таблица ecoproj.issue_forms
CREATE TABLE IF NOT EXISTS `issue_forms` (
  `id` int(10) unsigned NOT NULL AUTO_INCREMENT,
  `name` varchar(191) COLLATE utf8mb4_unicode_ci NOT NULL,
  `created_at` timestamp NULL DEFAULT NULL,
  `updated_at` timestamp NULL DEFAULT NULL,
  PRIMARY KEY (`id`)
) ENGINE=InnoDB AUTO_INCREMENT=10 DEFAULT CHARSET=utf8mb4 COLLATE=utf8mb4_unicode_ci;

-- Дамп данных таблицы ecoproj.issue_forms: ~9 rows (приблизительно)
DELETE FROM `issue_forms`;
/*!40000 ALTER TABLE `issue_forms` DISABLE KEYS */;
INSERT INTO `issue_forms` (`id`, `name`, `created_at`, `updated_at`) VALUES
	(1, 'Таблетки', '2018-07-27 12:44:07', '2018-07-30 11:44:13'),
	(2, 'Капсулы', '2018-07-27 12:44:07', '2018-07-30 11:44:13'),
	(3, 'Порошок', '2018-07-27 12:44:07', '2018-07-30 11:44:13'),
	(4, 'Стики', '2018-07-27 12:44:07', '2018-07-30 11:44:13'),
	(5, 'Гранулы', '2018-07-27 12:44:07', '2018-08-09 15:46:09'),
	(6, 'Леденец', '2018-07-27 12:44:07', '2018-07-30 11:44:13'),
	(7, 'Жидкость', '2018-08-09 15:46:09', '2018-08-09 15:46:09'),
	(8, 'Пакет', '2018-08-09 15:46:09', '2018-08-09 15:46:09'),
	(9, 'Батончик', '2018-08-09 15:46:09', '2018-08-09 15:46:09');
/*!40000 ALTER TABLE `issue_forms` ENABLE KEYS */;

-- Дамп структуры для таблица ecoproj.menus
CREATE TABLE IF NOT EXISTS `menus` (
  `id` int(10) unsigned NOT NULL AUTO_INCREMENT,
  `name` varchar(255) COLLATE utf8mb4_unicode_ci NOT NULL,
  `created_at` timestamp NULL DEFAULT NULL,
  `updated_at` timestamp NULL DEFAULT NULL,
  PRIMARY KEY (`id`),
  UNIQUE KEY `menus_name_unique` (`name`)
) ENGINE=InnoDB AUTO_INCREMENT=2 DEFAULT CHARSET=utf8mb4 COLLATE=utf8mb4_unicode_ci;

-- Дамп данных таблицы ecoproj.menus: ~1 rows (приблизительно)
DELETE FROM `menus`;
/*!40000 ALTER TABLE `menus` DISABLE KEYS */;
INSERT INTO `menus` (`id`, `name`, `created_at`, `updated_at`) VALUES
	(1, 'admin', '2018-06-07 07:57:20', '2018-06-07 07:57:20');
/*!40000 ALTER TABLE `menus` ENABLE KEYS */;

-- Дамп структуры для таблица ecoproj.menu_items
CREATE TABLE IF NOT EXISTS `menu_items` (
  `id` int(10) unsigned NOT NULL AUTO_INCREMENT,
  `menu_id` int(10) unsigned DEFAULT NULL,
  `title` varchar(255) COLLATE utf8mb4_unicode_ci NOT NULL,
  `url` varchar(255) COLLATE utf8mb4_unicode_ci NOT NULL,
  `target` varchar(255) COLLATE utf8mb4_unicode_ci NOT NULL DEFAULT '_self',
  `icon_class` varchar(255) COLLATE utf8mb4_unicode_ci DEFAULT NULL,
  `color` varchar(255) COLLATE utf8mb4_unicode_ci DEFAULT NULL,
  `parent_id` int(11) DEFAULT NULL,
  `order` int(11) NOT NULL,
  `created_at` timestamp NULL DEFAULT NULL,
  `updated_at` timestamp NULL DEFAULT NULL,
  `route` varchar(255) COLLATE utf8mb4_unicode_ci DEFAULT NULL,
  `parameters` text COLLATE utf8mb4_unicode_ci,
  PRIMARY KEY (`id`),
  KEY `menu_items_menu_id_foreign` (`menu_id`),
  CONSTRAINT `menu_items_menu_id_foreign` FOREIGN KEY (`menu_id`) REFERENCES `menus` (`id`) ON DELETE CASCADE
) ENGINE=InnoDB AUTO_INCREMENT=46 DEFAULT CHARSET=utf8mb4 COLLATE=utf8mb4_unicode_ci;

-- Дамп данных таблицы ecoproj.menu_items: ~30 rows (приблизительно)
DELETE FROM `menu_items`;
/*!40000 ALTER TABLE `menu_items` DISABLE KEYS */;
INSERT INTO `menu_items` (`id`, `menu_id`, `title`, `url`, `target`, `icon_class`, `color`, `parent_id`, `order`, `created_at`, `updated_at`, `route`, `parameters`) VALUES
	(1, 1, 'Dashboard', '', '_self', 'voyager-boat', NULL, NULL, 1, '2018-06-07 07:57:20', '2018-06-07 07:57:20', 'voyager.dashboard', NULL),
	(2, 1, 'Пользователи', '', '_self', 'voyager-person', NULL, NULL, 3, '2018-06-07 07:57:20', '2018-06-07 07:57:20', 'voyager.users.index', NULL),
	(3, 1, 'Роли', '', '_self', 'voyager-lock', NULL, NULL, 2, '2018-06-07 07:57:20', '2018-06-07 07:57:20', 'voyager.roles.index', NULL),
	(4, 1, 'Инструменты', '', '_self', 'voyager-tools', NULL, NULL, 12, '2018-06-07 07:57:20', '2018-08-08 14:54:53', NULL, NULL),
	(5, 1, 'Menu Builder', '', '_self', 'voyager-list', NULL, 4, 1, '2018-06-07 07:57:20', '2018-06-14 08:31:03', 'voyager.menus.index', NULL),
	(6, 1, 'database', '', '_self', 'voyager-data', NULL, 4, 2, '2018-06-07 07:57:20', '2018-06-14 08:31:03', 'voyager.database.index', NULL),
	(7, 1, 'Compass', '', '_self', 'voyager-compass', NULL, 4, 3, '2018-06-07 07:57:20', '2018-06-14 08:31:03', 'voyager.compass.index', NULL),
	(8, 1, 'Bread', '', '_self', 'voyager-bread', NULL, 4, 4, '2018-06-07 07:57:20', '2018-06-14 08:31:03', 'voyager.bread.index', NULL),
	(9, 1, 'Настройки', '', '_self', 'voyager-settings', NULL, 39, 3, '2018-06-07 07:57:20', '2018-07-24 09:47:18', 'voyager.settings.index', NULL),
	(10, 1, 'Категории', '', '_self', 'voyager-categories', NULL, 37, 2, '2018-06-07 07:57:25', '2018-07-24 09:43:36', 'voyager.categories.index', NULL),
	(11, 1, 'Продукты', '', '_self', 'voyager-list', '#000000', 37, 3, '2018-06-07 07:57:27', '2018-07-24 09:43:36', 'voyager.products.index', 'null'),
	(24, 1, 'Теги', '', '_self', 'voyager-tag', '#000000', 42, 1, '2018-06-14 07:48:27', '2018-07-24 09:43:36', 'voyager.tags.index', 'null'),
	(25, 1, 'Валюта', '', '_self', 'voyager-dollar', '#000000', 39, 1, '2018-06-14 12:22:24', '2018-07-20 08:37:54', 'voyager.currencies.index', 'null'),
	(26, 1, 'Специальные предложения', '', '_self', 'voyager-buy', '#000000', 37, 1, '2018-06-21 07:49:21', '2018-07-24 09:43:36', 'voyager.combo-offers.index', 'null'),
	(27, 1, 'Бренды', '', '_self', 'voyager-diamond', '#000000', 42, 2, '2018-06-22 07:08:05', '2018-07-24 09:43:43', 'voyager.brands.index', 'null'),
	(28, 1, 'Страны', '', '_self', 'voyager-boat', '#000000', 36, 1, '2018-06-25 08:12:23', '2018-07-24 09:45:25', 'voyager.countries.index', 'null'),
	(30, 1, 'Страницы', '', '_self', 'voyager-file-text', '#000000', NULL, 10, '2018-07-02 17:04:50', '2018-08-08 14:54:53', 'voyager.pages.index', 'null'),
	(31, 1, 'Промокоды', '', '_self', 'voyager-certificate', '#000000', 39, 2, '2018-07-16 11:56:37', '2018-07-24 09:47:18', 'voyager.promocodes.index', 'null'),
	(32, 1, 'Баннеры', '', '_self', 'voyager-medal-rank-star', '#000000', NULL, 8, '2018-07-20 08:18:37', '2018-08-08 14:54:53', 'voyager.banners.index', 'null'),
	(33, 1, 'Города', '', '_self', NULL, '#000000', 36, 2, '2018-07-20 08:19:20', '2018-07-24 09:45:25', 'voyager.cities.index', 'null'),
	(34, 1, 'Вкусы', '', '_self', NULL, '#000000', 42, 3, '2018-07-20 08:21:07', '2018-07-24 09:43:47', 'voyager.flavors.index', 'null'),
	(35, 1, 'Способы доставки', '', '_self', 'voyager-truck', '#000000', 38, 2, '2018-07-20 08:23:01', '2018-07-24 09:41:46', 'voyager.shipping-types.index', 'null'),
	(36, 1, 'Гео', '', '_self', 'voyager-data', '#000000', NULL, 7, '2018-07-20 08:33:06', '2018-08-08 14:54:53', NULL, ''),
	(37, 1, 'Товары', '', '_self', 'voyager-window-list', '#000000', NULL, 5, '2018-07-20 08:34:05', '2018-08-08 14:54:53', NULL, ''),
	(38, 1, 'Доставка Оплата', '', '_self', 'voyager-truck', '#000000', NULL, 9, '2018-07-20 08:35:41', '2018-08-08 14:54:53', NULL, ''),
	(39, 1, 'Настройки', '', '_self', 'voyager-settings', '#000000', NULL, 11, '2018-07-20 08:37:37', '2018-08-08 14:54:53', NULL, ''),
	(40, 1, 'Способы оплаты', '', '_self', 'voyager-paypal', '#000000', 38, 1, '2018-07-20 08:39:18', '2018-07-24 09:41:46', 'voyager.payment-types.index', 'null'),
	(41, 1, 'Виды доставки', '', '_self', NULL, '#000000', 38, 3, '2018-07-23 12:40:43', '2018-08-01 07:29:57', 'voyager.shipping-methods.index', 'null'),
	(42, 1, 'Связи', '', '_self', 'voyager-anchor', '#000000', NULL, 6, '2018-07-24 09:43:19', '2018-08-08 14:54:53', NULL, ''),
	(43, 1, 'Форма выпуска', '', '_self', NULL, '#000000', 42, 4, '2018-07-24 09:44:29', '2018-07-24 09:44:52', 'voyager.issue-forms.index', 'null'),
	(45, 1, 'Заказы', '', '_self', 'voyager-basket', '#000000', NULL, 4, '2018-08-01 12:02:46', '2018-08-08 14:55:31', 'voyager.orders.index', 'null');
/*!40000 ALTER TABLE `menu_items` ENABLE KEYS */;

-- Дамп структуры для таблица ecoproj.migrations
CREATE TABLE IF NOT EXISTS `migrations` (
  `id` int(10) unsigned NOT NULL AUTO_INCREMENT,
  `migration` varchar(255) COLLATE utf8mb4_unicode_ci NOT NULL,
  `batch` int(11) NOT NULL,
  PRIMARY KEY (`id`)
) ENGINE=InnoDB AUTO_INCREMENT=158 DEFAULT CHARSET=utf8mb4 COLLATE=utf8mb4_unicode_ci;

-- Дамп данных таблицы ecoproj.migrations: ~108 rows (приблизительно)
DELETE FROM `migrations`;
/*!40000 ALTER TABLE `migrations` DISABLE KEYS */;
INSERT INTO `migrations` (`id`, `migration`, `batch`) VALUES
	(1, '2014_10_12_000000_create_users_table', 1),
	(2, '2014_10_12_100000_create_password_resets_table', 1),
	(3, '2016_01_01_000000_add_voyager_user_fields', 1),
	(4, '2016_01_01_000000_create_data_types_table', 1),
	(5, '2016_01_01_000000_create_pages_table', 1),
	(6, '2016_01_01_000000_create_posts_table', 1),
	(7, '2016_02_15_204651_create_categories_table', 1),
	(8, '2016_05_19_173453_create_menu_table', 1),
	(9, '2016_10_21_190000_create_roles_table', 1),
	(10, '2016_10_21_190000_create_settings_table', 1),
	(11, '2016_11_30_135954_create_permission_table', 1),
	(12, '2016_11_30_141208_create_permission_role_table', 1),
	(13, '2016_12_26_201236_data_types__add__server_side', 1),
	(14, '2017_01_13_000000_add_route_to_menu_items_table', 1),
	(15, '2017_01_14_005015_create_translations_table', 1),
	(16, '2017_01_15_000000_make_table_name_nullable_in_permissions_table', 1),
	(17, '2017_03_06_000000_add_controller_to_data_types_table', 1),
	(18, '2017_04_11_000000_alter_post_nullable_fields_table', 1),
	(19, '2017_04_21_000000_add_order_to_data_rows_table', 1),
	(20, '2017_07_05_210000_add_policyname_to_data_types_table', 1),
	(21, '2017_08_05_000000_add_group_to_settings_table', 1),
	(22, '2017_11_26_013050_add_user_role_relationship', 1),
	(23, '2017_11_26_015000_create_user_roles_table', 1),
	(24, '2018_03_11_000000_add_user_settings', 1),
	(25, '2018_03_14_000000_add_details_to_data_types_table', 1),
	(26, '2018_03_16_000000_make_settings_value_nullable', 1),
	(27, '2018_05_31_095717_alter_users_table', 1),
	(28, '2018_06_05_114812_add_phone_first_last_to_users', 2),
	(30, '2018_06_05_120320_add_shipping_to_users', 3),
	(31, '2018_06_06_130101_create_verify_users_table', 4),
	(32, '2018_06_06_130238_add_verified_to_users_table', 4),
	(33, '2018_05_31_111207_create_products_table', 5),
	(34, '2018_05_31_113636_create_categories_products_table', 5),
	(35, '2018_06_08_145146_create_favorites_table', 6),
	(36, '2015_11_03_155308_create_cart_table', 7),
	(37, '2015_11_03_155324_create_cart_lines_table', 7),
	(40, '2018_06_12_080557_add_price_to_product', 8),
	(41, '2013_11_26_161501_create_currency_table', 9),
	(42, '2018_06_13_150027_create_tags_tables', 10),
	(43, '2018_06_13_150755_create_products_tags_table', 10),
	(44, '2018_06_15_100316_add_special_prices_to_product', 11),
	(45, '2018_06_15_115529_add_total_price_to_cart_lines', 12),
	(50, '2018_06_19_134009_create_shipping_type_table', 13),
	(51, '2018_06_19_134129_create_payment_type_table', 13),
	(52, '2018_06_19_134448_create_order_table', 13),
	(53, '2018_06_19_134545_create_order_items_table', 13),
	(54, '2018_06_20_144707_create_combo_products_table', 14),
	(59, '2018_06_21_092316_create_brands_tables', 15),
	(60, '2018_06_21_102926_create_vieweds_table', 15),
	(66, '2018_06_22_071041_add_time_to_brand_table', 16),
	(73, '2018_06_22_071633_add_brand_to_product', 17),
	(74, '2018_06_25_072947_alter_product_table', 17),
	(75, '2018_06_25_073648_add_country_table', 18),
	(76, '2018_06_25_131044_alter_product_table_add_consist', 19),
	(77, '2018_06_25_153240_alter_product_table_add_discounts', 20),
	(78, '2018_06_26_081010_rename_combo_products_table', 21),
	(79, '2018_06_26_110107_add_unique_to_combo_offers', 22),
	(86, '2018_06_28_145828_create_order_table', 23),
	(87, '2018_06_28_145938_create_order_items_table', 23),
	(88, '2018_07_02_172233_alter_pages_table', 24),
	(89, '2018_07_05_085209_alter_cart_table', 24),
	(90, '2018_07_09_122154_delete_product_prices', 25),
	(91, '2018_07_09_164654_add_product_fields', 25),
	(92, '2018_07_10_135520_add_flavors_table', 25),
	(93, '2018_07_10_135805_add_issue_forms_table', 25),
	(94, '2018_07_10_135938_alter_products_table', 25),
	(96, '2018_07_16_071740_cteate_promo_codes', 26),
	(98, '2018_07_16_115412_cteate_promo_codes', 27),
	(100, '2018_07_16_142102_add_promocode_to_cart', 28),
	(106, '2018_07_18_134438_add_video_to_products', 29),
	(107, '2018_07_19_071055_create_banners_table', 29),
	(108, '2018_07_19_091745_create_cities_table', 30),
	(109, '2018_07_19_093243_alter_orders_table', 31),
	(111, '2018_07_20_094539_alter_users_table', 32),
	(112, '2018_07_20_102914_alter_orders_table', 33),
	(113, '2018_07_23_103428_create_payment_table', 34),
	(114, '2018_07_23_110300_alter_order_table', 35),
	(115, '2018_07_23_123106_alter_shipping_types', 36),
	(116, '2018_07_23_123439_create_shipping_methods', 37),
	(117, '2018_07_23_125420_alter_order_table', 38),
	(118, '2018_07_20_094539_alter_users_table1', 39),
	(119, '2018_07_23_131118_alter_order_table_department', 40),
	(120, '2018_07_23_131345_alter_order_table_add_payment', 41),
	(121, '2018_07_23_132210_create_payments_table', 42),
	(122, '2018_07_23_132621_create_payments_table', 43),
	(123, '2018_07_24_093107_alter_payments_add_data', 44),
	(124, '2018_07_20_102914_alter_orders_table1', 45),
	(125, '2018_07_24_195109_add_timestamps_to_flavor_issueforms', 45),
	(126, '2018_07_25_091038_change_status_payment', 45),
	(127, '2018_07_25_101406_change_status_payment_order', 46),
	(128, '2018_07_26_061643_change_promocode_in_orders', 47),
	(129, '2018_07_26_072751_change_promocodes_add_order_id', 48),
	(130, '2018_07_26_075711_change_promocodes_add_order_id1', 49),
	(132, '2018_07_26_082753_change_orders_shipping_method', 50),
	(133, '2018_07_26_124912_change_payment_types_add_keys', 51),
	(134, '2018_07_26_143554_change_orders_statuses', 52),
	(135, '2018_07_27_070426_create_imports_table', 53),
	(136, '2018_07_27_124508_change_slugs_nullable', 54),
	(137, '2018_07_27_130947_import_table', 55),
	(139, '2018_07_31_092609_change_ship_status_filed', 56),
	(142, '2018_08_01_063721_alter_promocode_used_table', 57),
	(143, '2018_08_01_065651_alter_ship_meth_table', 58),
	(144, '2018_08_01_071318_create_ship_method_paymn_type', 59),
	(145, '2018_08_01_081149_drop_orders_columns', 60),
	(146, '2018_08_01_092908_alter_orders_foreign', 61),
	(149, '2018_08_03_064504_alter_users_cols', 62),
	(150, '2018_08_06_145728_add_indexes', 63),
	(151, '2018_08_07_173620_add_indexes2', 64);
/*!40000 ALTER TABLE `migrations` ENABLE KEYS */;

-- Дамп структуры для таблица ecoproj.orders
CREATE TABLE IF NOT EXISTS `orders` (
  `id` int(10) unsigned NOT NULL AUTO_INCREMENT,
  `user_id` int(10) unsigned DEFAULT NULL,
  `status` enum('pending','active','completed','canceled','published') COLLATE utf8mb4_unicode_ci NOT NULL DEFAULT 'pending',
  `completed_at` datetime DEFAULT NULL,
  `note` text COLLATE utf8mb4_unicode_ci,
  `created_at` timestamp NULL DEFAULT NULL,
  `updated_at` timestamp NULL DEFAULT NULL,
  `item_count` int(10) unsigned NOT NULL DEFAULT '0',
  `total_price` double(15,2) NOT NULL DEFAULT '0.00',
  `discount_by_qnt_combo` double NOT NULL DEFAULT '0',
  `currency` varchar(10) COLLATE utf8mb4_unicode_ci NOT NULL,
  `currency_rate` varchar(191) COLLATE utf8mb4_unicode_ci NOT NULL,
  `shipping_status` varchar(191) COLLATE utf8mb4_unicode_ci DEFAULT 'pending',
  `shipping_address` varchar(191) COLLATE utf8mb4_unicode_ci DEFAULT NULL,
  `shipping_city` varchar(191) COLLATE utf8mb4_unicode_ci DEFAULT NULL,
  `shipping_name` varchar(191) COLLATE utf8mb4_unicode_ci DEFAULT NULL,
  `shipping_email` varchar(191) COLLATE utf8mb4_unicode_ci DEFAULT NULL,
  `shipping_phone` varchar(191) COLLATE utf8mb4_unicode_ci DEFAULT NULL,
  `shipping_city_id` int(10) DEFAULT NULL,
  `shipping_street` varchar(191) COLLATE utf8mb4_unicode_ci DEFAULT NULL,
  `shipping_house` varchar(191) COLLATE utf8mb4_unicode_ci DEFAULT NULL,
  `shipping_room` varchar(191) COLLATE utf8mb4_unicode_ci DEFAULT NULL,
  `discount_promo` int(11) NOT NULL DEFAULT '0',
  `total_price_discounted_without_promo` double(15,2) NOT NULL DEFAULT '0.00',
  `total_price_discounted` double(15,2) NOT NULL DEFAULT '0.00',
  `shipping_department` varchar(191) COLLATE utf8mb4_unicode_ci DEFAULT NULL,
  `shipping_method_id` int(11) DEFAULT NULL,
  `payment_type_id` int(10) unsigned DEFAULT NULL,
  `shipping_type_id` int(10) unsigned DEFAULT NULL,
  PRIMARY KEY (`id`),
  KEY `orders_user_id_foreign` (`user_id`),
  CONSTRAINT `orders_user_id_foreign` FOREIGN KEY (`user_id`) REFERENCES `users` (`id`) ON DELETE CASCADE
) ENGINE=InnoDB AUTO_INCREMENT=201 DEFAULT CHARSET=utf8mb4 COLLATE=utf8mb4_unicode_ci;

-- Дамп данных таблицы ecoproj.orders: ~30 rows (приблизительно)
DELETE FROM `orders`;
/*!40000 ALTER TABLE `orders` DISABLE KEYS */;
INSERT INTO `orders` (`id`, `user_id`, `status`, `completed_at`, `note`, `created_at`, `updated_at`, `item_count`, `total_price`, `discount_by_qnt_combo`, `currency`, `currency_rate`, `shipping_status`, `shipping_address`, `shipping_city`, `shipping_name`, `shipping_email`, `shipping_phone`, `shipping_city_id`, `shipping_street`, `shipping_house`, `shipping_room`, `discount_promo`, `total_price_discounted_without_promo`, `total_price_discounted`, `shipping_department`, `shipping_method_id`, `payment_type_id`, `shipping_type_id`) VALUES
	(170, 18, 'active', NULL, NULL, '2018-08-01 06:51:32', '2018-08-01 06:51:46', 10, 99.10, 0, 'UAH', '26', 'active', '', 'Авангард', '1', 'tatamanilo@gmail.com', '12341234124', NULL, NULL, NULL, NULL, 0, 99.10, 99.10, 'Отделение № 1: ул. Ангарская, 13/1', 1, NULL, NULL),
	(171, 18, 'active', NULL, NULL, '2018-08-01 06:52:32', '2018-08-01 08:01:42', 10, 99.10, 0, 'UAH', '26', 'pending', '', 'Запорожье', '1', 'tatamanilo@gmail.com', '12341234124', NULL, NULL, NULL, NULL, 0, 99.10, 99.10, 'Отделение №2: ул. Карпенко-Карого, 58', 1, NULL, NULL),
	(172, 18, 'active', NULL, NULL, '2018-08-01 08:02:07', '2018-08-01 08:03:09', 10, 99.10, 0, 'UAH', '26', 'pending', 'Цитрусовая 10', 'Запорожье', '1', 'tatamanilo@gmail.com', '12341234124', NULL, NULL, NULL, NULL, 0, 99.10, 99.10, 'Отделение №2: ул. Карпенко-Карого, 58', 2, NULL, NULL),
	(173, 18, 'completed', NULL, NULL, '2018-08-01 08:49:01', '2018-08-01 08:49:18', 10, 99.10, 0, 'UAH', '26', 'pending', 'Цитрусовая 10', 'Запорожье', '1', 'tatamanilo@gmail.com', '12341234124', NULL, NULL, NULL, NULL, 0, 99.10, 99.10, 'Отделение №2: ул. Карпенко-Карого, 58', 1, NULL, NULL),
	(174, 18, 'completed', NULL, NULL, '2018-08-01 08:49:42', '2018-08-01 08:51:20', 10, 99.10, 0, 'UAH', '26', 'completed', 'Цитрусовая 10', 'Запорожье', '1', 'tatamanilo@gmail.com', '12341234124', NULL, NULL, NULL, NULL, 0, 99.10, 99.10, 'Отделение №2: ул. Карпенко-Карого, 58', 2, NULL, NULL),
	(175, 18, 'pending', NULL, NULL, '2018-08-01 14:43:31', '2018-08-01 14:43:31', 10, 0.00, 0, 'UAH', '26', 'pending', 'Цитрусовая 10', 'Запорожье', '1', 'tatamanilo@gmail.com', '12341234124', NULL, NULL, NULL, NULL, 0, 0.00, 0.00, 'Отделение №2: ул. Карпенко-Карого, 58', 2, NULL, NULL),
	(176, 18, 'pending', NULL, NULL, '2018-08-01 14:45:22', '2018-08-01 14:45:22', 14, 283.91, 8.219999999999999, 'UAH', '26', 'pending', NULL, NULL, '1', 'tatamanilo@gmail.com', '12341234124', NULL, NULL, NULL, NULL, 0, 275.69, 275.69, NULL, 1, NULL, NULL),
	(177, 18, 'active', NULL, 'Это некоторый окммент', '2018-08-01 15:05:56', '2018-08-01 15:06:11', 14, 283.91, 8.219999999999999, 'UAH', '26', 'pending', '', 'Авангард', '1', 'tatamanilo@gmail.com', '12341234124', NULL, NULL, NULL, NULL, 0, 275.69, 275.69, 'Отделение № 1: ул. Ангарская, 13/1', 1, 1, 1),
	(178, NULL, 'pending', NULL, NULL, '2018-08-02 12:55:59', '2018-08-02 12:55:59', 0, 0.00, 0, 'UAH', '1', 'pending', NULL, NULL, NULL, NULL, '0509999999', NULL, NULL, NULL, NULL, 0, 0.00, 0.00, NULL, NULL, NULL, NULL),
	(179, NULL, 'pending', NULL, NULL, '2018-08-02 12:56:03', '2018-08-02 12:56:03', 0, 0.00, 0, 'UAH', '1', 'pending', NULL, NULL, NULL, NULL, '0509999999', NULL, NULL, NULL, NULL, 0, 0.00, 0.00, NULL, NULL, NULL, NULL),
	(180, NULL, 'pending', NULL, NULL, '2018-08-02 12:56:03', '2018-08-02 12:56:03', 0, 0.00, 0, 'UAH', '1', 'pending', NULL, NULL, NULL, NULL, '0509999999', NULL, NULL, NULL, NULL, 0, 0.00, 0.00, NULL, NULL, NULL, NULL),
	(181, NULL, 'pending', NULL, NULL, '2018-08-02 13:03:22', '2018-08-02 13:03:22', 1, 0.00, 0, 'UAH', '1', 'pending', NULL, NULL, NULL, NULL, '5555553456', NULL, NULL, NULL, NULL, 0, 0.00, 0.00, NULL, NULL, NULL, NULL),
	(182, NULL, 'pending', NULL, NULL, '2018-08-02 13:03:25', '2018-08-02 13:03:25', 1, 0.00, 0, 'UAH', '1', 'pending', NULL, NULL, NULL, NULL, '55555534566', NULL, NULL, NULL, NULL, 0, 0.00, 0.00, NULL, NULL, NULL, NULL),
	(183, NULL, 'pending', NULL, NULL, '2018-08-02 13:03:31', '2018-08-02 13:03:31', 1, 0.00, 0, 'UAH', '1', 'pending', NULL, NULL, NULL, NULL, '55555534566', NULL, NULL, NULL, NULL, 0, 0.00, 0.00, NULL, NULL, NULL, NULL),
	(184, NULL, 'pending', NULL, NULL, '2018-08-02 13:05:29', '2018-08-02 13:05:29', 1, 8.50, 0, 'UAH', '1', 'pending', NULL, NULL, NULL, NULL, '1234145636', NULL, NULL, NULL, NULL, 0, 0.00, 8.50, NULL, NULL, NULL, NULL),
	(185, NULL, 'pending', NULL, NULL, '2018-08-02 13:08:00', '2018-08-02 13:08:00', 1, 8.50, 0, 'UAH', '1', 'pending', NULL, NULL, NULL, NULL, '55555523423', NULL, NULL, NULL, NULL, 0, 0.00, 8.50, NULL, NULL, NULL, NULL),
	(186, 18, 'pending', NULL, NULL, '2018-08-02 13:19:22', '2018-08-02 13:19:22', 1, 8.50, 0, 'UAH', '1', 'pending', NULL, NULL, NULL, NULL, '555555234234', NULL, NULL, NULL, NULL, 0, 0.00, 8.50, NULL, NULL, NULL, NULL),
	(187, 18, 'completed', NULL, NULL, '2018-08-02 13:23:00', '2018-08-02 14:00:42', 1, 8.50, 0, 'UAH', '26', 'pending', 'Цитрусовая 10', 'зап', 'вапвв', 'tatamanilo@gmail.com', '3456356356', NULL, NULL, NULL, NULL, 0, 0.00, 8.50, '22', 1, 2, 1),
	(188, 18, 'completed', NULL, '1click', '2018-08-02 13:24:00', '2018-08-02 13:42:58', 1, 8.25, 0, 'UAH', '26', 'pending', NULL, 'Запорожье', 'Таня', 'tatamanilo@gmail.com', '4653456345', NULL, NULL, NULL, NULL, 0, 0.00, 8.25, '22', NULL, NULL, NULL),
	(190, 18, 'pending', NULL, NULL, '2018-08-03 07:46:49', '2018-08-03 07:46:49', 1, 8.25, 0, 'UAH', '26', 'pending', NULL, NULL, 'Nana', 'tatamanilo@gmail.com', '13413413443', NULL, NULL, NULL, NULL, 0, 8.25, 8.25, NULL, NULL, NULL, NULL),
	(191, 18, 'published', '2018-08-03 08:35:20', NULL, '2018-08-03 07:53:35', '2018-08-03 14:11:56', 1, 8.25, 0, 'UAH', '26', 'pending', '', 'Киев', 'Nana', 'tatamanilo@gmail.com', '13413413443', NULL, NULL, NULL, NULL, 0, 8.25, 8.25, 'Почтомат "Новая Почта" №3022; ул. Вышгородская, 46 (Отделение №47)', 1, 2, 1),
	(192, 18, 'pending', NULL, 'Это некоторый окммент', '2018-08-07 15:53:05', '2018-08-07 15:53:05', 14, 0.00, 0, 'UAH', '26', 'pending', '', 'Авангард', '1', 'tatamanilo@gmail.com', '12341234124', NULL, NULL, NULL, NULL, 0, 0.00, 0.00, 'Отделение № 1: ул. Ангарская, 13/1', 1, 1, 1),
	(193, 18, 'pending', NULL, 'Это некоторый окммент', '2018-08-07 15:54:28', '2018-08-07 15:54:28', 14, 0.00, 0, 'UAH', '26', 'pending', '', 'Авангард', '1', 'tatamanilo@gmail.com', '12341234124', NULL, NULL, NULL, NULL, 0, 0.00, 0.00, 'Отделение № 1: ул. Ангарская, 13/1', 1, 1, 1),
	(194, 18, 'pending', NULL, 'Это некоторый окммент', '2018-08-07 15:56:16', '2018-08-07 15:56:16', 14, 0.00, 0, 'UAH', '26', 'pending', '', 'Авангард', '1', 'tatamanilo@gmail.com', '12341234124', NULL, NULL, NULL, NULL, 0, 0.00, 0.00, 'Отделение № 1: ул. Ангарская, 13/1', 1, 1, 1),
	(195, 18, 'pending', NULL, 'Это некоторый окммент', '2018-08-07 15:58:22', '2018-08-07 15:58:22', 14, 0.00, 0, 'UAH', '26', 'pending', '', 'Авангард', '1', 'tatamanilo@gmail.com', '12341234124', NULL, NULL, NULL, NULL, 0, 0.00, 0.00, 'Отделение № 1: ул. Ангарская, 13/1', 1, 1, 1),
	(196, 18, 'pending', NULL, 'Это некоторый окммент', '2018-08-07 15:58:53', '2018-08-07 15:58:53', 14, 0.00, 0, 'UAH', '26', 'pending', '', 'Авангард', '1', 'tatamanilo@gmail.com', '12341234124', NULL, NULL, NULL, NULL, 0, 0.00, 0.00, 'Отделение № 1: ул. Ангарская, 13/1', 1, 1, 1),
	(197, 18, 'pending', NULL, 'Это некоторый окммент', '2018-08-07 15:59:48', '2018-08-07 15:59:48', 14, 0.00, 0, 'UAH', '26', 'pending', '', 'Авангард', '1', 'tatamanilo@gmail.com', '12341234124', NULL, NULL, NULL, NULL, 0, 0.00, 0.00, 'Отделение № 1: ул. Ангарская, 13/1', 1, 1, 1),
	(198, 18, 'pending', NULL, NULL, '2018-08-07 17:01:42', '2018-08-07 17:01:42', 0, 0.00, 0, 'UAH', '26', 'pending', NULL, NULL, 'Nana', 'tatamanilo@gmail.com', '13413413443', NULL, NULL, NULL, NULL, 0, 0.00, 0.00, NULL, NULL, NULL, NULL),
	(199, 18, 'completed', '2018-08-07 17:20:03', NULL, '2018-08-07 17:02:56', '2018-08-07 17:20:03', 6, 162.60, 0, 'UAH', '26', 'pending', '', 'Авангард', 'Nana', 'tatamanilo@gmail.com', '13413413443', NULL, NULL, NULL, NULL, 0, 162.60, 162.60, '', 1, 1, 1),
	(200, 18, 'active', NULL, NULL, '2018-08-07 17:22:16', '2018-08-07 17:25:00', 8, 107.50, 1.48, 'UAH', '26', 'pending', 'Окина/2/44', 'Агрономичное', 'Nana', 'tatamanilo@gmail.com', '13413413443', NULL, NULL, NULL, NULL, 20, 106.02, 84.82, 'Отделение №1: ул. Мичурина, 6', 1, 1, 1);
/*!40000 ALTER TABLE `orders` ENABLE KEYS */;

-- Дамп структуры для таблица ecoproj.order_items
CREATE TABLE IF NOT EXISTS `order_items` (
  `id` int(10) unsigned NOT NULL AUTO_INCREMENT,
  `order_id` int(10) unsigned NOT NULL,
  `product_id` int(10) unsigned NOT NULL,
  `total_price` double NOT NULL,
  `quantity` int(11) NOT NULL,
  `total_price_discounted` double NOT NULL,
  `created_at` timestamp NULL DEFAULT NULL,
  `updated_at` timestamp NULL DEFAULT NULL,
  `discount_by_qnt` double(10,2) NOT NULL DEFAULT '0.00',
  `discount_by_combo` double(10,2) NOT NULL DEFAULT '0.00',
  `description` varchar(191) COLLATE utf8mb4_unicode_ci DEFAULT NULL,
  PRIMARY KEY (`id`),
  KEY `order_items_order_id_foreign` (`order_id`),
  CONSTRAINT `order_items_order_id_foreign` FOREIGN KEY (`order_id`) REFERENCES `orders` (`id`) ON DELETE CASCADE
) ENGINE=InnoDB AUTO_INCREMENT=461 DEFAULT CHARSET=utf8mb4 COLLATE=utf8mb4_unicode_ci;

-- Дамп данных таблицы ecoproj.order_items: ~44 rows (приблизительно)
DELETE FROM `order_items`;
/*!40000 ALTER TABLE `order_items` DISABLE KEYS */;
INSERT INTO `order_items` (`id`, `order_id`, `product_id`, `total_price`, `quantity`, `total_price_discounted`, `created_at`, `updated_at`, `discount_by_qnt`, `discount_by_combo`, `description`) VALUES
	(380, 170, 16, 28, 2, 28, '2018-08-01 06:51:46', '2018-08-01 06:51:46', 0.00, 0.00, NULL),
	(381, 170, 10, 49.5, 6, 49.5, '2018-08-01 06:51:46', '2018-08-01 06:51:46', 0.00, 0.00, NULL),
	(382, 170, 8, 21.6, 2, 21.6, '2018-08-01 06:51:46', '2018-08-01 06:51:46', 0.00, 0.00, NULL),
	(383, 171, 16, 28, 2, 28, '2018-08-01 08:01:40', '2018-08-01 08:01:40', 0.00, 0.00, NULL),
	(384, 171, 10, 49.5, 6, 49.5, '2018-08-01 08:01:40', '2018-08-01 08:01:40', 0.00, 0.00, NULL),
	(385, 171, 8, 21.6, 2, 21.6, '2018-08-01 08:01:40', '2018-08-01 08:01:40', 0.00, 0.00, NULL),
	(386, 172, 16, 28, 2, 28, '2018-08-01 08:03:06', '2018-08-01 08:03:06', 0.00, 0.00, NULL),
	(387, 172, 10, 49.5, 6, 49.5, '2018-08-01 08:03:06', '2018-08-01 08:03:06', 0.00, 0.00, NULL),
	(388, 172, 8, 21.6, 2, 21.6, '2018-08-01 08:03:06', '2018-08-01 08:03:06', 0.00, 0.00, NULL),
	(389, 173, 16, 28, 2, 28, '2018-08-01 08:49:15', '2018-08-01 08:49:15', 0.00, 0.00, NULL),
	(390, 173, 10, 49.5, 6, 49.5, '2018-08-01 08:49:15', '2018-08-01 08:49:15', 0.00, 0.00, NULL),
	(391, 173, 8, 21.6, 2, 21.6, '2018-08-01 08:49:15', '2018-08-01 08:49:15', 0.00, 0.00, NULL),
	(392, 174, 16, 28, 2, 28, '2018-08-01 08:49:52', '2018-08-01 08:49:52', 0.00, 0.00, NULL),
	(393, 174, 10, 49.5, 6, 49.5, '2018-08-01 08:49:52', '2018-08-01 08:49:52', 0.00, 0.00, NULL),
	(394, 174, 8, 21.6, 2, 21.6, '2018-08-01 08:49:52', '2018-08-01 08:49:52', 0.00, 0.00, NULL),
	(410, 176, 16, 28, 2, 28, '2018-08-01 15:05:15', '2018-08-01 15:05:15', 0.00, 0.00, NULL),
	(411, 176, 10, 49.5, 6, 49.5, '2018-08-01 15:05:15', '2018-08-01 15:05:15', 0.00, 0.00, NULL),
	(412, 176, 8, 21.6, 2, 21.6, '2018-08-01 15:05:15', '2018-08-01 15:05:15', 0.00, 3.00, NULL),
	(413, 176, 9, 74.31, 3, 72.09, '2018-08-01 15:05:15', '2018-08-01 15:05:15', 2.22, 3.00, NULL),
	(414, 176, 6, 110.5, 1, 110.5, '2018-08-01 15:05:15', '2018-08-01 15:05:15', 0.00, 0.00, NULL),
	(420, 177, 16, 28, 2, 28, '2018-08-01 15:06:11', '2018-08-01 15:06:11', 0.00, 0.00, NULL),
	(421, 177, 10, 49.5, 6, 49.5, '2018-08-01 15:06:11', '2018-08-01 15:06:11', 0.00, 0.00, NULL),
	(422, 177, 8, 21.6, 2, 21.6, '2018-08-01 15:06:11', '2018-08-01 15:06:11', 0.00, 3.00, NULL),
	(423, 177, 9, 74.31, 3, 72.09, '2018-08-01 15:06:11', '2018-08-01 15:06:11', 2.22, 3.00, NULL),
	(424, 177, 6, 110.5, 1, 110.5, '2018-08-01 15:06:11', '2018-08-01 15:06:11', 0.00, 0.00, NULL),
	(425, 178, 10, 8.5, 1, 8.5, '2018-08-02 12:55:59', '2018-08-02 12:55:59', 0.00, 0.00, NULL),
	(426, 179, 10, 8.5, 1, 8.5, '2018-08-02 12:56:03', '2018-08-02 12:56:03', 0.00, 0.00, NULL),
	(427, 180, 10, 8.5, 1, 8.5, '2018-08-02 12:56:03', '2018-08-02 12:56:03', 0.00, 0.00, NULL),
	(428, 181, 10, 8.5, 1, 8.5, '2018-08-02 13:03:22', '2018-08-02 13:03:22', 0.00, 0.00, NULL),
	(429, 182, 10, 8.5, 1, 8.5, '2018-08-02 13:03:25', '2018-08-02 13:03:25', 0.00, 0.00, NULL),
	(430, 183, 10, 8.5, 1, 8.5, '2018-08-02 13:03:31', '2018-08-02 13:03:31', 0.00, 0.00, NULL),
	(431, 184, 10, 8.5, 1, 8.5, '2018-08-02 13:05:29', '2018-08-02 13:05:29', 0.00, 0.00, NULL),
	(432, 185, 10, 8.5, 1, 8.5, '2018-08-02 13:08:00', '2018-08-02 13:08:00', 0.00, 0.00, NULL),
	(433, 186, 10, 8.5, 1, 8.5, '2018-08-02 13:19:22', '2018-08-02 13:19:22', 0.00, 0.00, NULL),
	(434, 187, 10, 8.5, 1, 8.5, '2018-08-02 13:23:34', '2018-08-02 13:23:34', 0.00, 0.00, NULL),
	(435, 188, 10, 8.25, 1, 8.25, '2018-08-02 13:24:13', '2018-08-02 13:24:13', 0.00, 0.00, NULL),
	(444, 190, 10, 8.25, 1, 8.25, '2018-08-03 07:46:49', '2018-08-03 07:46:49', 0.00, 0.00, NULL),
	(446, 191, 10, 8.25, 1, 8.25, '2018-08-03 08:22:48', '2018-08-03 08:22:48', 0.00, 0.00, NULL),
	(451, 199, 16, 14, 1, 14, '2018-08-07 17:13:59', '2018-08-07 17:13:59', 0.00, 0.00, NULL),
	(452, 199, 8, 21.6, 2, 21.6, '2018-08-07 17:13:59', '2018-08-07 17:13:59', 0.00, 0.00, NULL),
	(453, 199, 6, 110.5, 1, 110.5, '2018-08-07 17:13:59', '2018-08-07 17:13:59', 0.00, 0.00, NULL),
	(454, 199, 10, 16.5, 2, 16.5, '2018-08-07 17:13:59', '2018-08-07 17:13:59', 0.00, 0.00, NULL),
	(458, 200, 8, 43.2, 4, 43.2, '2018-08-07 17:25:00', '2018-08-07 17:25:00', 0.00, 0.00, NULL),
	(459, 200, 9, 49.54, 2, 48.06, '2018-08-07 17:25:00', '2018-08-07 17:25:00', 1.48, 0.00, NULL),
	(460, 200, 7, 14.76, 2, 14.76, '2018-08-07 17:25:00', '2018-08-07 17:25:00', 0.00, 0.00, NULL);
/*!40000 ALTER TABLE `order_items` ENABLE KEYS */;

-- Дамп структуры для таблица ecoproj.pages
CREATE TABLE IF NOT EXISTS `pages` (
  `id` int(10) unsigned NOT NULL AUTO_INCREMENT,
  `author_id` int(11) DEFAULT NULL,
  `title` varchar(255) COLLATE utf8mb4_unicode_ci NOT NULL,
  `excerpt` text COLLATE utf8mb4_unicode_ci,
  `body` text COLLATE utf8mb4_unicode_ci,
  `image` varchar(255) COLLATE utf8mb4_unicode_ci DEFAULT NULL,
  `slug` varchar(255) COLLATE utf8mb4_unicode_ci NOT NULL,
  `meta_description` text COLLATE utf8mb4_unicode_ci,
  `meta_keywords` text COLLATE utf8mb4_unicode_ci,
  `status` enum('ACTIVE','INACTIVE') COLLATE utf8mb4_unicode_ci NOT NULL DEFAULT 'INACTIVE',
  `created_at` timestamp NULL DEFAULT NULL,
  `updated_at` timestamp NULL DEFAULT NULL,
  PRIMARY KEY (`id`),
  UNIQUE KEY `pages_slug_unique` (`slug`)
) ENGINE=InnoDB AUTO_INCREMENT=12 DEFAULT CHARSET=utf8mb4 COLLATE=utf8mb4_unicode_ci;

-- Дамп данных таблицы ecoproj.pages: ~9 rows (приблизительно)
DELETE FROM `pages`;
/*!40000 ALTER TABLE `pages` DISABLE KEYS */;
INSERT INTO `pages` (`id`, `author_id`, `title`, `excerpt`, `body`, `image`, `slug`, `meta_description`, `meta_keywords`, `status`, `created_at`, `updated_at`) VALUES
	(3, NULL, 'компания', NULL, '<p>компания текст</p>', NULL, 'company', NULL, NULL, 'ACTIVE', '2018-07-03 15:03:40', '2018-07-03 15:03:40'),
	(4, NULL, 'зарабатывай на покупках', NULL, '<p>зарабатывай на покупках</p>', NULL, 'benefits', NULL, NULL, 'ACTIVE', '2018-07-03 15:07:46', '2018-07-03 15:07:46'),
	(5, NULL, 'отзывы о магазине', NULL, '<p>отзывы о магазине</p>', NULL, 'reviews', NULL, NULL, 'ACTIVE', '2018-07-03 15:08:53', '2018-07-03 15:08:53'),
	(6, NULL, 'Поддержка', NULL, '<p>Поддержка</p>', NULL, 'support', NULL, NULL, 'ACTIVE', '2018-07-03 15:09:24', '2018-07-03 15:09:24'),
	(7, NULL, 'faq', NULL, '<p>faq</p>', NULL, 'faq', NULL, NULL, 'ACTIVE', '2018-07-03 15:09:57', '2018-07-03 15:09:57'),
	(8, NULL, 'возврат', NULL, '<p>возврат</p>', NULL, 'return', NULL, NULL, 'ACTIVE', '2018-07-03 15:10:46', '2018-07-03 15:10:46'),
	(9, NULL, 'доставка', NULL, '<p>доставка</p>', NULL, 'delivery', NULL, NULL, 'ACTIVE', '2018-07-03 15:11:18', '2018-07-03 15:11:18'),
	(10, NULL, 'Политика конфиденциальности', NULL, '<p>Политика конфиденциальности</p>', NULL, 'confident', NULL, NULL, 'ACTIVE', '2018-07-03 15:11:58', '2018-07-03 15:11:58'),
	(11, NULL, 'Пользовательское соглашение', NULL, '<p>Пользовательское соглашение</p>', NULL, 'agree', NULL, NULL, 'ACTIVE', '2018-07-03 15:12:39', '2018-07-03 15:12:39');
/*!40000 ALTER TABLE `pages` ENABLE KEYS */;

-- Дамп структуры для таблица ecoproj.password_resets
CREATE TABLE IF NOT EXISTS `password_resets` (
  `email` varchar(255) COLLATE utf8mb4_unicode_ci NOT NULL,
  `token` varchar(255) COLLATE utf8mb4_unicode_ci NOT NULL,
  `created_at` timestamp NULL DEFAULT NULL,
  KEY `password_resets_email_index` (`email`)
) ENGINE=InnoDB DEFAULT CHARSET=utf8mb4 COLLATE=utf8mb4_unicode_ci;

-- Дамп данных таблицы ecoproj.password_resets: ~0 rows (приблизительно)
DELETE FROM `password_resets`;
/*!40000 ALTER TABLE `password_resets` DISABLE KEYS */;
INSERT INTO `password_resets` (`email`, `token`, `created_at`) VALUES
	('tatamanilo@gmail.com', '$2y$10$IRXhHh2yxUjk/KhhChWodeKgfspmGecKUEXBcb4rW/rVSh.PDW8xa', '2018-07-26 11:27:08');
/*!40000 ALTER TABLE `password_resets` ENABLE KEYS */;

-- Дамп структуры для таблица ecoproj.payments
CREATE TABLE IF NOT EXISTS `payments` (
  `id` int(10) unsigned NOT NULL AUTO_INCREMENT,
  `order_id` int(10) unsigned NOT NULL,
  `status` varchar(50) COLLATE utf8mb4_unicode_ci NOT NULL DEFAULT 'pending',
  `created_at` timestamp NULL DEFAULT NULL,
  `updated_at` timestamp NULL DEFAULT NULL,
  `data` text COLLATE utf8mb4_unicode_ci,
  PRIMARY KEY (`id`),
  KEY `payments_order_id_foreign` (`order_id`),
  CONSTRAINT `payments_order_id_foreign` FOREIGN KEY (`order_id`) REFERENCES `orders` (`id`) ON DELETE CASCADE ON UPDATE CASCADE
) ENGINE=InnoDB AUTO_INCREMENT=48 DEFAULT CHARSET=utf8mb4 COLLATE=utf8mb4_unicode_ci;

-- Дамп данных таблицы ecoproj.payments: ~5 rows (приблизительно)
DELETE FROM `payments`;
/*!40000 ALTER TABLE `payments` DISABLE KEYS */;
INSERT INTO `payments` (`id`, `order_id`, `status`, `created_at`, `updated_at`, `data`) VALUES
	(43, 170, 'pending', '2018-08-01 06:51:46', '2018-08-01 06:51:46', NULL),
	(44, 174, 'sandbox', '2018-08-01 08:49:52', '2018-08-01 08:49:52', NULL),
	(45, 177, 'pending', '2018-08-01 15:06:11', '2018-08-01 15:06:11', NULL),
	(46, 199, 'sandbox', '2018-08-07 17:13:59', '2018-08-07 17:13:59', NULL),
	(47, 200, 'pending', '2018-08-07 17:25:00', '2018-08-07 17:25:00', NULL);
/*!40000 ALTER TABLE `payments` ENABLE KEYS */;

-- Дамп структуры для таблица ecoproj.payment_types
CREATE TABLE IF NOT EXISTS `payment_types` (
  `id` int(10) unsigned NOT NULL AUTO_INCREMENT,
  `created_at` timestamp NULL DEFAULT NULL,
  `updated_at` timestamp NULL DEFAULT NULL,
  `name` varchar(191) COLLATE utf8mb4_unicode_ci NOT NULL,
  `description` varchar(191) COLLATE utf8mb4_unicode_ci DEFAULT NULL,
  `gateway` varchar(191) COLLATE utf8mb4_unicode_ci DEFAULT NULL,
  `price` double(10,2) DEFAULT NULL,
  `active` tinyint(1) NOT NULL DEFAULT '1',
  `private_key` varchar(191) COLLATE utf8mb4_unicode_ci DEFAULT NULL,
  `public_key` varchar(191) COLLATE utf8mb4_unicode_ci DEFAULT NULL,
  PRIMARY KEY (`id`)
) ENGINE=InnoDB AUTO_INCREMENT=3 DEFAULT CHARSET=utf8mb4 COLLATE=utf8mb4_unicode_ci;

-- Дамп данных таблицы ecoproj.payment_types: ~2 rows (приблизительно)
DELETE FROM `payment_types`;
/*!40000 ALTER TABLE `payment_types` DISABLE KEYS */;
INSERT INTO `payment_types` (`id`, `created_at`, `updated_at`, `name`, `description`, `gateway`, `price`, `active`, `private_key`, `public_key`) VALUES
	(1, '2018-07-20 08:45:11', '2018-07-26 13:02:25', 'Visa\\Mastercard', 'Оплата приват 24', 'LiqPay', NULL, 1, '8Nfu3FFdElysp39AksM0RIeGE0WCXeVgNnpdDiiF', 'i18759351302'),
	(2, '2018-07-20 08:46:47', '2018-07-20 08:46:47', 'Наличными', NULL, NULL, NULL, 1, NULL, NULL);
/*!40000 ALTER TABLE `payment_types` ENABLE KEYS */;

-- Дамп структуры для таблица ecoproj.permissions
CREATE TABLE IF NOT EXISTS `permissions` (
  `id` int(10) unsigned NOT NULL AUTO_INCREMENT,
  `key` varchar(255) COLLATE utf8mb4_unicode_ci NOT NULL,
  `table_name` varchar(255) COLLATE utf8mb4_unicode_ci DEFAULT NULL,
  `created_at` timestamp NULL DEFAULT NULL,
  `updated_at` timestamp NULL DEFAULT NULL,
  PRIMARY KEY (`id`),
  KEY `permissions_key_index` (`key`)
) ENGINE=InnoDB AUTO_INCREMENT=121 DEFAULT CHARSET=utf8mb4 COLLATE=utf8mb4_unicode_ci;

-- Дамп данных таблицы ecoproj.permissions: ~110 rows (приблизительно)
DELETE FROM `permissions`;
/*!40000 ALTER TABLE `permissions` DISABLE KEYS */;
INSERT INTO `permissions` (`id`, `key`, `table_name`, `created_at`, `updated_at`) VALUES
	(1, 'browse_admin', NULL, '2018-06-01 06:36:37', '2018-06-01 06:36:37'),
	(2, 'browse_bread', NULL, '2018-06-01 06:36:37', '2018-06-01 06:36:37'),
	(3, 'browse_database', NULL, '2018-06-01 06:36:37', '2018-06-01 06:36:37'),
	(4, 'browse_media', NULL, '2018-06-01 06:36:37', '2018-06-01 06:36:37'),
	(5, 'browse_compass', NULL, '2018-06-01 06:36:37', '2018-06-01 06:36:37'),
	(6, 'browse_menus', 'menus', '2018-06-01 06:36:37', '2018-06-01 06:36:37'),
	(7, 'read_menus', 'menus', '2018-06-01 06:36:37', '2018-06-01 06:36:37'),
	(8, 'edit_menus', 'menus', '2018-06-01 06:36:37', '2018-06-01 06:36:37'),
	(9, 'add_menus', 'menus', '2018-06-01 06:36:37', '2018-06-01 06:36:37'),
	(10, 'delete_menus', 'menus', '2018-06-01 06:36:37', '2018-06-01 06:36:37'),
	(11, 'browse_roles', 'roles', '2018-06-01 06:36:37', '2018-06-01 06:36:37'),
	(12, 'read_roles', 'roles', '2018-06-01 06:36:37', '2018-06-01 06:36:37'),
	(13, 'edit_roles', 'roles', '2018-06-01 06:36:37', '2018-06-01 06:36:37'),
	(14, 'add_roles', 'roles', '2018-06-01 06:36:37', '2018-06-01 06:36:37'),
	(15, 'delete_roles', 'roles', '2018-06-01 06:36:37', '2018-06-01 06:36:37'),
	(16, 'browse_users', 'users', '2018-06-01 06:36:37', '2018-06-01 06:36:37'),
	(17, 'read_users', 'users', '2018-06-01 06:36:37', '2018-06-01 06:36:37'),
	(18, 'edit_users', 'users', '2018-06-01 06:36:37', '2018-06-01 06:36:37'),
	(19, 'add_users', 'users', '2018-06-01 06:36:37', '2018-06-01 06:36:37'),
	(20, 'delete_users', 'users', '2018-06-01 06:36:37', '2018-06-01 06:36:37'),
	(21, 'browse_settings', 'settings', '2018-06-01 06:36:37', '2018-06-01 06:36:37'),
	(22, 'read_settings', 'settings', '2018-06-01 06:36:37', '2018-06-01 06:36:37'),
	(23, 'edit_settings', 'settings', '2018-06-01 06:36:37', '2018-06-01 06:36:37'),
	(24, 'add_settings', 'settings', '2018-06-01 06:36:37', '2018-06-01 06:36:37'),
	(25, 'delete_settings', 'settings', '2018-06-01 06:36:37', '2018-06-01 06:36:37'),
	(26, 'browse_categories', 'categories', '2018-06-01 06:36:37', '2018-06-01 06:36:37'),
	(27, 'read_categories', 'categories', '2018-06-01 06:36:37', '2018-06-01 06:36:37'),
	(28, 'edit_categories', 'categories', '2018-06-01 06:36:37', '2018-06-01 06:36:37'),
	(29, 'add_categories', 'categories', '2018-06-01 06:36:37', '2018-06-01 06:36:37'),
	(30, 'delete_categories', 'categories', '2018-06-01 06:36:37', '2018-06-01 06:36:37'),
	(31, 'browse_posts', 'posts', '2018-06-01 06:36:37', '2018-06-01 06:36:37'),
	(32, 'read_posts', 'posts', '2018-06-01 06:36:37', '2018-06-01 06:36:37'),
	(33, 'edit_posts', 'posts', '2018-06-01 06:36:37', '2018-06-01 06:36:37'),
	(34, 'add_posts', 'posts', '2018-06-01 06:36:37', '2018-06-01 06:36:37'),
	(35, 'delete_posts', 'posts', '2018-06-01 06:36:37', '2018-06-01 06:36:37'),
	(36, 'browse_pages', 'pages', '2018-06-01 06:36:37', '2018-06-01 06:36:37'),
	(37, 'read_pages', 'pages', '2018-06-01 06:36:37', '2018-06-01 06:36:37'),
	(38, 'edit_pages', 'pages', '2018-06-01 06:36:37', '2018-06-01 06:36:37'),
	(39, 'add_pages', 'pages', '2018-06-01 06:36:37', '2018-06-01 06:36:37'),
	(40, 'delete_pages', 'pages', '2018-06-01 06:36:37', '2018-06-01 06:36:37'),
	(41, 'browse_products', 'products', '2018-06-07 08:12:52', '2018-06-07 08:12:52'),
	(42, 'read_products', 'products', '2018-06-07 08:12:52', '2018-06-07 08:12:52'),
	(43, 'edit_products', 'products', '2018-06-07 08:12:52', '2018-06-07 08:12:52'),
	(44, 'add_products', 'products', '2018-06-07 08:12:52', '2018-06-07 08:12:52'),
	(45, 'delete_products', 'products', '2018-06-07 08:12:52', '2018-06-07 08:12:52'),
	(46, 'browse_tags', 'tags', '2018-06-14 09:34:44', '2018-06-14 09:34:44'),
	(47, 'read_tags', 'tags', '2018-06-14 09:34:44', '2018-06-14 09:34:44'),
	(48, 'edit_tags', 'tags', '2018-06-14 09:34:44', '2018-06-14 09:34:44'),
	(49, 'add_tags', 'tags', '2018-06-14 09:34:44', '2018-06-14 09:34:44'),
	(50, 'delete_tags', 'tags', '2018-06-14 09:34:44', '2018-06-14 09:34:44'),
	(51, 'browse_currencies', 'currencies', '2018-06-14 12:22:24', '2018-06-14 12:22:24'),
	(52, 'read_currencies', 'currencies', '2018-06-14 12:22:24', '2018-06-14 12:22:24'),
	(53, 'edit_currencies', 'currencies', '2018-06-14 12:22:24', '2018-06-14 12:22:24'),
	(54, 'add_currencies', 'currencies', '2018-06-14 12:22:24', '2018-06-14 12:22:24'),
	(55, 'delete_currencies', 'currencies', '2018-06-14 12:22:24', '2018-06-14 12:22:24'),
	(61, 'browse_brands', 'brands', '2018-06-22 07:08:05', '2018-06-22 07:08:05'),
	(62, 'read_brands', 'brands', '2018-06-22 07:08:05', '2018-06-22 07:08:05'),
	(63, 'edit_brands', 'brands', '2018-06-22 07:08:05', '2018-06-22 07:08:05'),
	(64, 'add_brands', 'brands', '2018-06-22 07:08:05', '2018-06-22 07:08:05'),
	(65, 'delete_brands', 'brands', '2018-06-22 07:08:05', '2018-06-22 07:08:05'),
	(66, 'browse_countries', 'countries', '2018-06-25 08:12:23', '2018-06-25 08:12:23'),
	(67, 'read_countries', 'countries', '2018-06-25 08:12:23', '2018-06-25 08:12:23'),
	(68, 'edit_countries', 'countries', '2018-06-25 08:12:23', '2018-06-25 08:12:23'),
	(69, 'add_countries', 'countries', '2018-06-25 08:12:23', '2018-06-25 08:12:23'),
	(70, 'delete_countries', 'countries', '2018-06-25 08:12:23', '2018-06-25 08:12:23'),
	(71, 'browse_combo_offers', 'combo_offers', '2018-06-26 11:54:24', '2018-06-26 11:54:24'),
	(72, 'read_combo_offers', 'combo_offers', '2018-06-26 11:54:24', '2018-06-26 11:54:24'),
	(73, 'edit_combo_offers', 'combo_offers', '2018-06-26 11:54:24', '2018-06-26 11:54:24'),
	(74, 'add_combo_offers', 'combo_offers', '2018-06-26 11:54:24', '2018-06-26 11:54:24'),
	(75, 'delete_combo_offers', 'combo_offers', '2018-06-26 11:54:24', '2018-06-26 11:54:24'),
	(76, 'browse_promocodes', 'promocodes', '2018-07-16 11:56:37', '2018-07-16 11:56:37'),
	(77, 'read_promocodes', 'promocodes', '2018-07-16 11:56:37', '2018-07-16 11:56:37'),
	(78, 'edit_promocodes', 'promocodes', '2018-07-16 11:56:37', '2018-07-16 11:56:37'),
	(79, 'add_promocodes', 'promocodes', '2018-07-16 11:56:37', '2018-07-16 11:56:37'),
	(80, 'delete_promocodes', 'promocodes', '2018-07-16 11:56:37', '2018-07-16 11:56:37'),
	(81, 'browse_banners', 'banners', '2018-07-19 07:24:20', '2018-07-19 07:24:20'),
	(82, 'read_banners', 'banners', '2018-07-19 07:24:20', '2018-07-19 07:24:20'),
	(83, 'edit_banners', 'banners', '2018-07-19 07:24:20', '2018-07-19 07:24:20'),
	(84, 'add_banners', 'banners', '2018-07-19 07:24:20', '2018-07-19 07:24:20'),
	(85, 'delete_banners', 'banners', '2018-07-19 07:24:20', '2018-07-19 07:24:20'),
	(86, 'browse_cities', 'cities', '2018-07-19 09:22:07', '2018-07-19 09:22:07'),
	(87, 'read_cities', 'cities', '2018-07-19 09:22:07', '2018-07-19 09:22:07'),
	(88, 'edit_cities', 'cities', '2018-07-19 09:22:07', '2018-07-19 09:22:07'),
	(89, 'add_cities', 'cities', '2018-07-19 09:22:07', '2018-07-19 09:22:07'),
	(90, 'delete_cities', 'cities', '2018-07-19 09:22:07', '2018-07-19 09:22:07'),
	(91, 'browse_shipping_types', 'shipping_types', '2018-07-19 11:02:38', '2018-07-19 11:02:38'),
	(92, 'read_shipping_types', 'shipping_types', '2018-07-19 11:02:38', '2018-07-19 11:02:38'),
	(93, 'edit_shipping_types', 'shipping_types', '2018-07-19 11:02:38', '2018-07-19 11:02:38'),
	(94, 'add_shipping_types', 'shipping_types', '2018-07-19 11:02:38', '2018-07-19 11:02:38'),
	(95, 'delete_shipping_types', 'shipping_types', '2018-07-19 11:02:38', '2018-07-19 11:02:38'),
	(96, 'browse_flavors', 'flavors', '2018-07-20 08:21:07', '2018-07-20 08:21:07'),
	(97, 'read_flavors', 'flavors', '2018-07-20 08:21:07', '2018-07-20 08:21:07'),
	(98, 'edit_flavors', 'flavors', '2018-07-20 08:21:07', '2018-07-20 08:21:07'),
	(99, 'add_flavors', 'flavors', '2018-07-20 08:21:07', '2018-07-20 08:21:07'),
	(100, 'delete_flavors', 'flavors', '2018-07-20 08:21:07', '2018-07-20 08:21:07'),
	(101, 'browse_payment_types', 'payment_types', '2018-07-20 08:39:18', '2018-07-20 08:39:18'),
	(102, 'read_payment_types', 'payment_types', '2018-07-20 08:39:18', '2018-07-20 08:39:18'),
	(103, 'edit_payment_types', 'payment_types', '2018-07-20 08:39:18', '2018-07-20 08:39:18'),
	(104, 'add_payment_types', 'payment_types', '2018-07-20 08:39:18', '2018-07-20 08:39:18'),
	(105, 'delete_payment_types', 'payment_types', '2018-07-20 08:39:18', '2018-07-20 08:39:18'),
	(106, 'browse_shipping_methods', 'shipping_methods', '2018-07-23 12:40:43', '2018-07-23 12:40:43'),
	(107, 'read_shipping_methods', 'shipping_methods', '2018-07-23 12:40:43', '2018-07-23 12:40:43'),
	(108, 'edit_shipping_methods', 'shipping_methods', '2018-07-23 12:40:43', '2018-07-23 12:40:43'),
	(109, 'add_shipping_methods', 'shipping_methods', '2018-07-23 12:40:43', '2018-07-23 12:40:43'),
	(110, 'delete_shipping_methods', 'shipping_methods', '2018-07-23 12:40:43', '2018-07-23 12:40:43'),
	(111, 'browse_issue_forms', 'issue_forms', '2018-07-24 09:44:29', '2018-07-24 09:44:29'),
	(112, 'read_issue_forms', 'issue_forms', '2018-07-24 09:44:29', '2018-07-24 09:44:29'),
	(113, 'edit_issue_forms', 'issue_forms', '2018-07-24 09:44:29', '2018-07-24 09:44:29'),
	(114, 'add_issue_forms', 'issue_forms', '2018-07-24 09:44:29', '2018-07-24 09:44:29'),
	(115, 'delete_issue_forms', 'issue_forms', '2018-07-24 09:44:29', '2018-07-24 09:44:29'),
	(116, 'browse_orders', 'orders', '2018-08-01 12:06:16', '2018-08-01 12:06:16'),
	(117, 'read_orders', 'orders', '2018-08-01 12:06:16', '2018-08-01 12:06:16'),
	(118, 'edit_orders', 'orders', '2018-08-01 12:06:16', '2018-08-01 12:06:16'),
	(119, 'add_orders', 'orders', '2018-08-01 12:06:16', '2018-08-01 12:06:16'),
	(120, 'delete_orders', 'orders', '2018-08-01 12:06:16', '2018-08-01 12:06:16');
/*!40000 ALTER TABLE `permissions` ENABLE KEYS */;

-- Дамп структуры для таблица ecoproj.permission_role
CREATE TABLE IF NOT EXISTS `permission_role` (
  `permission_id` int(10) unsigned NOT NULL,
  `role_id` int(10) unsigned NOT NULL,
  PRIMARY KEY (`permission_id`,`role_id`),
  KEY `permission_role_permission_id_index` (`permission_id`),
  KEY `permission_role_role_id_index` (`role_id`),
  CONSTRAINT `permission_role_permission_id_foreign` FOREIGN KEY (`permission_id`) REFERENCES `permissions` (`id`) ON DELETE CASCADE,
  CONSTRAINT `permission_role_role_id_foreign` FOREIGN KEY (`role_id`) REFERENCES `roles` (`id`) ON DELETE CASCADE
) ENGINE=InnoDB DEFAULT CHARSET=utf8mb4 COLLATE=utf8mb4_unicode_ci;

-- Дамп данных таблицы ecoproj.permission_role: ~190 rows (приблизительно)
DELETE FROM `permission_role`;
/*!40000 ALTER TABLE `permission_role` DISABLE KEYS */;
INSERT INTO `permission_role` (`permission_id`, `role_id`) VALUES
	(1, 1),
	(1, 3),
	(2, 1),
	(3, 1),
	(4, 1),
	(5, 1),
	(6, 1),
	(7, 1),
	(8, 1),
	(9, 1),
	(10, 1),
	(11, 1),
	(12, 1),
	(13, 1),
	(14, 1),
	(15, 1),
	(16, 1),
	(17, 1),
	(18, 1),
	(19, 1),
	(20, 1),
	(21, 1),
	(21, 3),
	(22, 1),
	(22, 3),
	(23, 1),
	(23, 3),
	(24, 1),
	(24, 3),
	(25, 1),
	(25, 3),
	(26, 1),
	(26, 3),
	(27, 1),
	(27, 3),
	(28, 1),
	(28, 3),
	(29, 1),
	(29, 3),
	(30, 1),
	(30, 3),
	(31, 1),
	(32, 1),
	(33, 1),
	(34, 1),
	(35, 1),
	(36, 1),
	(36, 3),
	(37, 1),
	(37, 3),
	(38, 1),
	(38, 3),
	(39, 1),
	(39, 3),
	(40, 1),
	(40, 3),
	(41, 1),
	(41, 3),
	(42, 1),
	(42, 3),
	(43, 1),
	(43, 3),
	(44, 1),
	(44, 3),
	(45, 1),
	(45, 3),
	(46, 1),
	(46, 3),
	(47, 1),
	(47, 3),
	(48, 1),
	(48, 3),
	(49, 1),
	(49, 3),
	(50, 1),
	(50, 3),
	(51, 1),
	(51, 3),
	(52, 1),
	(52, 3),
	(53, 1),
	(53, 3),
	(54, 1),
	(54, 3),
	(55, 1),
	(55, 3),
	(61, 1),
	(61, 3),
	(62, 1),
	(62, 3),
	(63, 1),
	(63, 3),
	(64, 1),
	(64, 3),
	(65, 1),
	(65, 3),
	(66, 1),
	(66, 3),
	(67, 1),
	(67, 3),
	(68, 1),
	(68, 3),
	(69, 1),
	(69, 3),
	(70, 1),
	(70, 3),
	(71, 1),
	(71, 3),
	(72, 1),
	(72, 3),
	(73, 1),
	(73, 3),
	(74, 1),
	(74, 3),
	(75, 1),
	(75, 3),
	(76, 1),
	(76, 3),
	(77, 1),
	(77, 3),
	(78, 1),
	(78, 3),
	(79, 1),
	(79, 3),
	(80, 1),
	(80, 3),
	(81, 1),
	(81, 3),
	(82, 1),
	(82, 3),
	(83, 1),
	(83, 3),
	(84, 1),
	(84, 3),
	(85, 1),
	(85, 3),
	(86, 1),
	(86, 3),
	(87, 1),
	(87, 3),
	(88, 1),
	(88, 3),
	(89, 1),
	(89, 3),
	(90, 1),
	(90, 3),
	(91, 1),
	(91, 3),
	(92, 1),
	(92, 3),
	(93, 1),
	(93, 3),
	(94, 1),
	(95, 1),
	(96, 1),
	(96, 3),
	(97, 1),
	(97, 3),
	(98, 1),
	(98, 3),
	(99, 1),
	(99, 3),
	(100, 1),
	(100, 3),
	(101, 1),
	(101, 3),
	(102, 1),
	(102, 3),
	(103, 1),
	(103, 3),
	(104, 1),
	(105, 1),
	(106, 1),
	(106, 3),
	(107, 1),
	(107, 3),
	(108, 1),
	(108, 3),
	(109, 1),
	(110, 1),
	(111, 1),
	(111, 3),
	(112, 1),
	(112, 3),
	(113, 1),
	(113, 3),
	(114, 1),
	(114, 3),
	(115, 1),
	(115, 3),
	(116, 1),
	(117, 1),
	(118, 1),
	(119, 1),
	(120, 1);
/*!40000 ALTER TABLE `permission_role` ENABLE KEYS */;

-- Дамп структуры для таблица ecoproj.posts
CREATE TABLE IF NOT EXISTS `posts` (
  `id` int(10) unsigned NOT NULL AUTO_INCREMENT,
  `author_id` int(11) NOT NULL,
  `category_id` int(11) DEFAULT NULL,
  `title` varchar(255) COLLATE utf8mb4_unicode_ci NOT NULL,
  `seo_title` varchar(255) COLLATE utf8mb4_unicode_ci DEFAULT NULL,
  `excerpt` text COLLATE utf8mb4_unicode_ci,
  `body` text COLLATE utf8mb4_unicode_ci NOT NULL,
  `image` varchar(255) COLLATE utf8mb4_unicode_ci DEFAULT NULL,
  `slug` varchar(255) COLLATE utf8mb4_unicode_ci NOT NULL,
  `meta_description` text COLLATE utf8mb4_unicode_ci,
  `meta_keywords` text COLLATE utf8mb4_unicode_ci,
  `status` enum('PUBLISHED','DRAFT','PENDING') COLLATE utf8mb4_unicode_ci NOT NULL DEFAULT 'DRAFT',
  `featured` tinyint(1) NOT NULL DEFAULT '0',
  `created_at` timestamp NULL DEFAULT NULL,
  `updated_at` timestamp NULL DEFAULT NULL,
  PRIMARY KEY (`id`),
  UNIQUE KEY `posts_slug_unique` (`slug`)
) ENGINE=InnoDB AUTO_INCREMENT=5 DEFAULT CHARSET=utf8mb4 COLLATE=utf8mb4_unicode_ci;

-- Дамп данных таблицы ecoproj.posts: ~4 rows (приблизительно)
DELETE FROM `posts`;
/*!40000 ALTER TABLE `posts` DISABLE KEYS */;
INSERT INTO `posts` (`id`, `author_id`, `category_id`, `title`, `seo_title`, `excerpt`, `body`, `image`, `slug`, `meta_description`, `meta_keywords`, `status`, `featured`, `created_at`, `updated_at`) VALUES
	(1, 0, NULL, 'Lorem Ipsum Post', NULL, 'This is the excerpt for the Lorem Ipsum Post', '<p>This is the body of the lorem ipsum post</p>', 'posts/post1.jpg', 'lorem-ipsum-post', 'This is the meta description', 'keyword1, keyword2, keyword3', 'PUBLISHED', 0, '2018-06-01 06:36:37', '2018-06-01 06:36:37'),
	(2, 0, NULL, 'My Sample Post', NULL, 'This is the excerpt for the sample Post', '<p>This is the body for the sample post, which includes the body.</p>\r\n                <h2>We can use all kinds of format!</h2>\r\n                <p>And include a bunch of other stuff.</p>', 'posts/post2.jpg', 'my-sample-post', 'Meta Description for sample post', 'keyword1, keyword2, keyword3', 'PUBLISHED', 0, '2018-06-01 06:36:37', '2018-06-01 06:36:37'),
	(3, 0, NULL, 'Latest Post', NULL, 'This is the excerpt for the latest post', '<p>This is the body for the latest post</p>', 'posts/post3.jpg', 'latest-post', 'This is the meta description', 'keyword1, keyword2, keyword3', 'PUBLISHED', 0, '2018-06-01 06:36:37', '2018-06-01 06:36:37'),
	(4, 0, NULL, 'Yarr Post', NULL, 'Reef sails nipperkin bring a spring upon her cable coffer jury mast spike marooned Pieces of Eight poop deck pillage. Clipper driver coxswain galleon hempen halter come about pressgang gangplank boatswain swing the lead. Nipperkin yard skysail swab lanyard Blimey bilge water ho quarter Buccaneer.', '<p>Swab deadlights Buccaneer fire ship square-rigged dance the hempen jig weigh anchor cackle fruit grog furl. Crack Jennys tea cup chase guns pressgang hearties spirits hogshead Gold Road six pounders fathom measured fer yer chains. Main sheet provost come about trysail barkadeer crimp scuttle mizzenmast brig plunder.</p>\r\n<p>Mizzen league keelhaul galleon tender cog chase Barbary Coast doubloon crack Jennys tea cup. Blow the man down lugsail fire ship pinnace cackle fruit line warp Admiral of the Black strike colors doubloon. Tackle Jack Ketch come about crimp rum draft scuppers run a shot across the bow haul wind maroon.</p>\r\n<p>Interloper heave down list driver pressgang holystone scuppers tackle scallywag bilged on her anchor. Jack Tar interloper draught grapple mizzenmast hulk knave cable transom hogshead. Gaff pillage to go on account grog aft chase guns piracy yardarm knave clap of thunder.</p>', 'posts/post4.jpg', 'yarr-post', 'this be a meta descript', 'keyword1, keyword2, keyword3', 'PUBLISHED', 0, '2018-06-01 06:36:37', '2018-06-01 06:36:37');
/*!40000 ALTER TABLE `posts` ENABLE KEYS */;

-- Дамп структуры для таблица ecoproj.products
CREATE TABLE IF NOT EXISTS `products` (
  `id` int(10) unsigned NOT NULL AUTO_INCREMENT,
  `order` int(11) NOT NULL DEFAULT '1',
  `name` varchar(255) COLLATE utf8mb4_unicode_ci NOT NULL,
  `article` varchar(255) COLLATE utf8mb4_unicode_ci NOT NULL,
  `image` varchar(255) COLLATE utf8mb4_unicode_ci DEFAULT NULL,
  `description` text COLLATE utf8mb4_unicode_ci,
  `meta_title` varchar(255) COLLATE utf8mb4_unicode_ci DEFAULT NULL,
  `meta_description` text COLLATE utf8mb4_unicode_ci,
  `meta_keywords` text COLLATE utf8mb4_unicode_ci,
  `created_at` timestamp NULL DEFAULT NULL,
  `updated_at` timestamp NULL DEFAULT NULL,
  `price` decimal(8,2) DEFAULT NULL,
  `discount` int(11) NOT NULL DEFAULT '0',
  `brand_id` int(10) unsigned NOT NULL,
  `exp_date` date DEFAULT NULL,
  `volume` decimal(7,2) DEFAULT NULL,
  `volume_dim` enum('l','ml') COLLATE utf8mb4_unicode_ci DEFAULT NULL,
  `weight` decimal(7,2) DEFAULT NULL,
  `weight_dim` enum('g','kg') COLLATE utf8mb4_unicode_ci DEFAULT NULL,
  `pack_pieces` int(10) unsigned DEFAULT NULL,
  `quantity` int(11) DEFAULT NULL,
  `consist` text COLLATE utf8mb4_unicode_ci,
  `discount2` int(11) DEFAULT NULL,
  `discount3` int(11) DEFAULT NULL,
  `discount4` int(11) DEFAULT NULL,
  `discount5` int(11) DEFAULT NULL,
  `discount6` int(11) DEFAULT NULL,
  `discount7` int(11) DEFAULT NULL,
  `discount8` int(11) DEFAULT NULL,
  `discount9` int(11) DEFAULT NULL,
  `discount10` int(11) DEFAULT NULL,
  `is_bestseller` tinyint(1) NOT NULL DEFAULT '0',
  `is_hit` tinyint(1) NOT NULL DEFAULT '0',
  `is_special` tinyint(1) NOT NULL DEFAULT '0',
  `is_new` tinyint(1) NOT NULL DEFAULT '0',
  `is_finished` tinyint(1) NOT NULL DEFAULT '0',
  `is_active` tinyint(1) NOT NULL DEFAULT '0',
  `flavor_id` int(10) unsigned DEFAULT NULL,
  `issue_form_id` int(10) unsigned DEFAULT NULL,
  `country_id` int(10) unsigned DEFAULT NULL,
  `video_iframe` text COLLATE utf8mb4_unicode_ci,
  PRIMARY KEY (`id`),
  UNIQUE KEY `products_article_unique` (`article`),
  KEY `products_price_index` (`price`),
  KEY `products_discount_index` (`discount`),
  KEY `products_discount2_index` (`discount2`),
  KEY `products_discount3_index` (`discount3`),
  KEY `products_discount4_index` (`discount4`),
  KEY `products_discount5_index` (`discount5`),
  KEY `products_discount6_index` (`discount6`),
  KEY `products_discount7_index` (`discount7`),
  KEY `products_discount8_index` (`discount8`),
  KEY `products_discount9_index` (`discount9`),
  KEY `products_discount10_index` (`discount10`),
  KEY `products_brand_id_price_discount_index` (`brand_id`,`price`,`discount`),
  KEY `products_name_index` (`name`)
) ENGINE=InnoDB AUTO_INCREMENT=1015 DEFAULT CHARSET=utf8mb4 COLLATE=utf8mb4_unicode_ci;

-- Дамп данных таблицы ecoproj.products: ~573 rows (приблизительно)
DELETE FROM `products`;
/*!40000 ALTER TABLE `products` DISABLE KEYS */;
INSERT INTO `products` (`id`, `order`, `name`, `article`, `image`, `description`, `meta_title`, `meta_description`, `meta_keywords`, `created_at`, `updated_at`, `price`, `discount`, `brand_id`, `exp_date`, `volume`, `volume_dim`, `weight`, `weight_dim`, `pack_pieces`, `quantity`, `consist`, `discount2`, `discount3`, `discount4`, `discount5`, `discount6`, `discount7`, `discount8`, `discount9`, `discount10`, `is_bestseller`, `is_hit`, `is_special`, `is_new`, `is_finished`, `is_active`, `flavor_id`, `issue_form_id`, `country_id`, `video_iframe`) VALUES
	(1, 1, 'test product 1', 'test1', NULL, NULL, NULL, NULL, NULL, '2018-06-07 08:12:52', '2018-06-07 08:12:52', 10.00, 0, 0, NULL, NULL, NULL, NULL, NULL, NULL, 5, NULL, NULL, NULL, NULL, NULL, NULL, NULL, NULL, NULL, NULL, 0, 0, 0, 1, 0, 1, NULL, NULL, 156, NULL),
	(6, 1, 'Optimum Nutrition, 100% сыворотка, золотой стандарт, двойной шоколад, 5 фунтов (2,27 кг)', '2452', '["products\\\\June2018\\\\YS2KPpu83vo4h5uhmSs0.jpg","products\\\\June2018\\\\cMrd7LNjr3jZOlfbmvhl.jpg"]', ' Описание\n\n    24 г белка\n    5,5 г аминокислот с разветвленной цепью\n    4 г глютамина и глютаминовой кислоты\n    Натуральные и искусственные ароматизаторы\n    Изолят сывороточного белка\n    Основной источник\n    100% белка из сыворотки\n    72 порции\n    Протеиновый коктейль\n\nПодлинная сила сыворотки\n\nБелковые сывороточные изоляты - это самая чистая из существующих форм сывороточного белка. Они стоят дорого, но это одни из лучших протеинов, имеющихся в продаже. Именно поэтому это первый ингредиент, который вы можете увидеть на этикетке Gold Standard 100% Whey. Используя в качестве основного ингредиента белковые сывороточные изоляты и тщательно отфильтрованный белковый сывороточный концентрат, мы смогли обеспечить 24 грамма формирующего мышцы белка в каждой порции. Повышенное внимание ON к деталям распространяется и на обеспечение легкости смешивания. Этот высококачественный порошок легко размешать в чашке шейкера или даже просто ложкой в стакане. Не возникает сомнения в том, что это стандарт, на который равняются все остальные сывороточные белки.', NULL, NULL, NULL, '2018-06-22 06:52:04', '2018-06-22 06:53:14', 130.00, 15, 1, NULL, NULL, NULL, NULL, NULL, NULL, 5, NULL, NULL, NULL, NULL, NULL, NULL, NULL, NULL, NULL, NULL, 0, 1, 0, 0, 0, 1, NULL, NULL, 156, NULL),
	(7, 1, 'Товар № 1', '7', '["products\\\\June2018\\\\irYyk8undH88vPnzMV6w.jpg","products\\\\June2018\\\\idp2K240iaiqFMf8G3bY.jpg","products\\\\June2018\\\\6TYNDOlVuYywSEtjnPnx.jpg"]', '<p>Молочная белковая смесь (концентрат сывороточного белка, изолят сывороточного белка, концентрат молочного белка), изолят соевого белка, изомальто-олигосахарид, растительное масло (пальмоядровое масло, пальмовое масло, масло ши), полидекстроза, глицерин, крахмал тапиоки, сироп мальтита, сахар , вода, масло, кукурузный крахмал, соевая мука, натуральный и искусственный аромат, семена кунжута, порошок йогурта (культурные обезжиренные молочные твердые вещества), инулин, соль, сушеный яичный белок, карбонат кальция, миндаль (обжаренный в какао-масло и / или подсолнечное масло), гороховое волокно, обезжиренное молоко, агар, экстракт ванили (вода, спирт, сахар, экстракт ванильной фасоли), рисовый сироп, масло какао, соевый лецитин, сукралоза, молоко, молочный жир, ксантановая смола, подсолнечное масло, выпечка порошок (монокальцийфосфат, бикарбонат натрия, кукурузный крахмал), токоферолы, дрожжи, несладкий шоколад, лактоза, гидроксид натрия, лецитин подсолнечника</p>', NULL, NULL, NULL, '2018-06-22 06:54:46', '2018-07-30 11:47:12', 9.00, 18, 3, '2040-01-01', 5.24, 'l', 1.50, 'kg', 50, 5, NULL, NULL, NULL, NULL, NULL, NULL, NULL, NULL, NULL, NULL, 0, 0, 0, 1, 0, 1, 1, 1, 804, NULL),
	(8, 1, 'Товар № 2', '8', '["products\\\\June2018\\\\yTdqZxux9TwozhmVpFvy.jpg","products\\\\June2018\\\\NDiCYIQsUYFSC59zMTHq.jpg"]', '<p><strong>L-глутамин</strong> &mdash; условно незаменимая аминокислота, которая наиболее часто встречается в мышечных тканях человека. Добавки с L-глутамином могут помочь поддержать выносливость мышц, здоровье желудочно-кишечного тракта и иммунной системы* L-глутамин от California Gold Nutrition вырабатывается из AJINOMOTO&reg; и проходит многоступенчатый контроль качества. Аминокислоты AjiPure&reg; производятся по патентованной технологии Ferment-A-Pure. Не содержит животных продуктов (например, шерсти и пера) &ndash; фармацевтическая степень чистоты &ndash; вегетарианский продукт</p>', NULL, NULL, NULL, '2018-06-22 06:56:55', '2018-07-30 11:47:12', 12.00, 10, 1, '2040-01-01', 4.00, 'l', 3.00, 'kg', 500, 5, NULL, NULL, NULL, NULL, NULL, NULL, NULL, NULL, NULL, NULL, 0, 1, 0, 1, 0, 1, 2, 2, 156, NULL),
	(9, 1, 'MRM, Гейнер с пробиотиком, насыщенный ванильный аромат, 3,3 фунта (1512 г)', '235', '["products\\\\June2018\\\\tTN099GUsJbGetCv1usS.jpg","products\\\\June2018\\\\5e5ehp78eeIYDUaF0PYd.jpg","products\\\\June2018\\\\HPkBHbvFmUqVdPnfDgnB.jpg"]', '<p>Витаминно-минеральный комплекс для женщин 50+ для ежедневного применения. Комплекс витаминов Alive!Once Daily Women\'s 50+ Ultra Potency содержит высокую концентрацию витаминов группы B, что улучшает преобразование пищи в энергию.</p>\r\n<p>Он также содержит:</p>\r\n<ul>\r\n<li>\r\n<p>21 витамина и минерала</p>\r\n</li>\r\n<li>\r\n<p>12 пищеварительных ферментов</p>\r\n</li>\r\n<li>\r\n<p>14 компонентов зелени</p>\r\n</li>\r\n<li>\r\n<p>12 органически выращенных грибов</p>\r\n</li>\r\n</ul>\r\n<p>&nbsp;</p>\r\n<p>Подойдет для тех, кому нужно вернуть энергию, а также поддержать здоровье костей и глаз.</p>\r\n<p>Витаминно-минеральный комплекс для женщин 50+ для ежедневного применения. Комплекс витаминов Alive!Once Daily Women\'s 50+ Ultra Potency содержит высокую концентрацию витаминов группы B, что улучшает преобразование пищи в энергию.</p>\r\n<div class="description-product__additional">Дополнительные ингридиенты<img class="info-img" title="Новинки" src="assets/images/i.svg" alt="info" data-toggle="tooltip" data-placement="top" /></div>\r\n<p>Стеариновая кислота, целлюлоза, кроскармеллоза натрия, кремнезем, гипромеллоза, стеарат магния, глицерин.</p>\r\n<div class="description-product__additional">Предосторожности</div>\r\n<p>Содержит аминокислотный фенилаланин. Комплекс не предназначен для мужчин или детей. Если вы беременны, кормите грудью, имеете высокое кровяное давление, имеете заболевание почек, принимаете лекарства от диабета или любые другие лекарства, проконсультируйтесь с врачом перед использованием. Не превышайте рекомендуемое использование.</p>\r\n<div class="description-product__additional">Дополнительная информация</div>\r\n<p>Запечатано с помощью внешней термоусадочной пленки с напечатанным текстом и внутренней мембраной свежести. Не использовать, если защитная пленка или мембрана повреждена или отсутствует. Хранить при комнатной температуре. Держите упаковку плотно закрытой. Хранить в недоступном для детей месте. Размер таблетки: 2&times;0,5 см</p>\r\n<p>&nbsp;</p>\r\n<p>Сайт производителя: <a class="description-product__link" href="www.naturesway.com">www.naturesway.com</a></p>', NULL, NULL, NULL, '2018-06-22 06:59:18', '2018-07-13 14:06:29', 25.80, 4, 1, '2018-07-30', 34.00, 'ml', 5.00, 'g', NULL, 5, '<table class="table table-striped">\r\n<thead>\r\n<tr>\r\n<td>Основные ингредиенты</td>\r\n</tr>\r\n</thead>\r\n<tbody>\r\n<tr>\r\n<td>Размер порции</td>\r\n<td>1 таблетка</td>\r\n</tr>\r\n<tr>\r\n<td>Порций в упаковке</td>\r\n<td>60</td>\r\n</tr>\r\n<tr>\r\n<td>Упаковки хватит на</td>\r\n<td>2 месяца</td>\r\n</tr>\r\n</tbody>\r\n</table>\r\n<p>&nbsp;</p>\r\n<table class="table table-striped">\r\n<thead>\r\n<tr>\r\n<td>&nbsp;</td>\r\n<td>Количество на порцию</td>\r\n<td>%Дневная стоимость*</td>\r\n</tr>\r\n</thead>\r\n<tbody>\r\n<tr>\r\n<td>Витамин А (50% [3750 МЕ] в виде ацетата витамина А и 50% [3750 МЕ] в виде бета-каротина)</td>\r\n<td>7 500 МЕ</td>\r\n<td>150%</td>\r\n</tr>\r\n<tr>\r\n<td>Витамин С (аскорбиновая кислота)</td>\r\n<td>120 мг</td>\r\n<td>200%</td>\r\n</tr>\r\n<tr>\r\n<td>Витамин D (как холекальциферол)</td>\r\n<td>1000 МЕ</td>\r\n<td>250%</td>\r\n</tr>\r\n<tr>\r\n<td>Витамин Е (в виде d-альфа-токоферилсукцината)</td>\r\n<td>120 МЕ</td>\r\n<td>333%</td>\r\n</tr>\r\n<tr>\r\n<td>Витамин К (как фитонадион)</td>\r\n<td>100 мкг</td>\r\n<td>125%</td>\r\n</tr>\r\n<tr>\r\n<td>Тиамин (как мононитрат тиамина)</td>\r\n<td>25 мг</td>\r\n<td>1667%</td>\r\n</tr>\r\n<tr>\r\n<td>Рибофлавин (витамин В2)</td>\r\n<td>25 мг</td>\r\n<td>1471%</td>\r\n</tr>\r\n<tr>\r\n<td>Ниацин (в виде ниацинамида)</td>\r\n<td>50 мг</td>\r\n<td>250%</td>\r\n</tr>\r\n<tr>\r\n<td>Витамин В6 (как пиридоксин HCl)</td>\r\n<td>40 мг</td>\r\n<td>2000%</td>\r\n</tr>\r\n<tr>\r\n<td>Фолиевая кислота</td>\r\n<td>800 мкг</td>\r\n<td>200%</td>\r\n</tr>\r\n<tr>\r\n<td>Витамин В12 (в виде цианокобаламина)</td>\r\n<td>225 мг</td>\r\n<td>3750%</td>\r\n</tr>\r\n<tr>\r\n<td>Биотин</td>\r\n<td>325 мг</td>\r\n<td>108%</td>\r\n</tr>\r\n<tr>\r\n<td>Пантотеновая кислота (в виде d-кальция пантотената)</td>\r\n<td>40 мг</td>\r\n<td>400%</td>\r\n</tr>\r\n<tr>\r\n<td>Кальций (из Aquamin кальцинированный минеральный источник Red Algae Lithothamniom sp. [Всего растения]</td>\r\n<td>200 мг</td>\r\n<td>20%</td>\r\n</tr>\r\n</tbody>\r\n</table>\r\n<p>&nbsp;</p>', 3, NULL, NULL, NULL, 6, NULL, NULL, NULL, 8, 0, 0, 1, 1, 0, 1, NULL, NULL, 156, NULL),
	(10, 1, 'Добавка для женщин Omega - 3', '10', '["products\\\\June2018\\\\djgAJQCs2Ebs1pT4mggz.jpg","products\\\\June2018\\\\0JbqxmodAoHP6NccCzbF.jpg","products\\\\June2018\\\\SKKkdFCNTQ8sK23FWsKR.jpg"]', '<p>Вода, глицерин, хлорид кальция, бутиленгликоль, цератонийсиликовая камедь, ксантановая смола, порошок хрустального хрустящего порошка, экстракт семян гександиола, экстракт семян цитрусовых grandis (грейпфрут), экстракт стебля bambusa textilis, экстракт листьев Pinus palustris, гидрогенизированное касторовое масло ceg-60, scutellaria экстракт корня baicalensis, экстракт листьев камелии sinensis, экстракт экстракт верхушки, экстракт экстракт артемии, экстракт плодов цитрусовых junos, 1,2-гександиол, каприлилгликоль, феноксиэтанол, метилпарабен, хлорфенозин, ароматизатор, синтетический флюорфопопит, диоксид титана (CI 77891), CI 77491, торфяная вода, алкоголь, гиалуронат натрия, экстракт фруктов cucumis sativus (огурец), роза centifolia, вода из капусты, алоэ барбаденсис, экстракт листьев, золото (0,0001%), экстракт жемчуга (0,01%) бетаин, аллантоин, динатрий , ЭДТА, минеральное масло.</p>', NULL, NULL, NULL, '2018-06-22 07:01:53', '2018-07-30 11:47:12', 8.50, 3, 3, '2019-01-01', 0.50, 'l', 1.00, 'kg', 100, 5, NULL, NULL, NULL, NULL, NULL, NULL, NULL, NULL, NULL, NULL, 0, 1, 1, 0, 0, 1, 1, 1, 804, NULL),
	(11, 1, 'Real Techniques by Sam and Nic, Подготовительный и Базовый Набор для Макияжа, 5 Штук апро', '079625915723', '["products\\\\June2018\\\\Ay2rHQSkOhxyT2n986aM.jpg","products\\\\June2018\\\\JPbZZHEE5BLdH6Rv4VJG.jpg","products\\\\June2018\\\\6Mol8kI8fXuFrEwgNC0K.jpg"]', '<p>Описание 5 инструментов для безупречной внешности Подлинные товары Sam &amp; Nic Ограниченная серия Онлайн обучение для безупречного нанесения</p>', NULL, NULL, NULL, '2018-06-22 07:03:33', '2018-08-07 18:07:35', 8.00, 0, 1, NULL, 5.00, 'ml', 3.00, 'g', 6, 5, NULL, NULL, NULL, NULL, NULL, NULL, NULL, NULL, NULL, NULL, 0, 1, 0, 1, 0, 1, NULL, NULL, 156, NULL),
	(12, 1, 'wrt', '345', NULL, '', NULL, NULL, NULL, '2018-06-22 08:06:25', '2018-06-22 08:06:52', 12.00, 0, 0, NULL, NULL, NULL, NULL, NULL, NULL, 5, NULL, NULL, NULL, NULL, NULL, NULL, NULL, NULL, NULL, NULL, 1, 0, 0, 0, 0, 1, NULL, NULL, 804, NULL),
	(16, 1, 'Товар № 22', '16', NULL, NULL, NULL, NULL, NULL, '2018-07-27 12:57:18', '2018-07-30 11:57:18', 14.00, 0, 4, '2040-01-01', 2.00, 'l', 4.00, 'kg', NULL, 5, NULL, NULL, NULL, NULL, NULL, NULL, NULL, NULL, NULL, NULL, 0, 1, 1, 1, 0, 1, 2, NULL, 156, NULL),
	(17, 1, 'Товар № 12', '17', NULL, NULL, NULL, NULL, NULL, '2018-07-27 12:57:18', '2018-07-30 11:47:12', 3.00, 0, 4, '2040-01-01', 4.00, 'l', 6.00, 'kg', NULL, 5, NULL, NULL, NULL, NULL, NULL, NULL, NULL, NULL, NULL, NULL, 0, 0, 0, 0, 0, 1, NULL, NULL, 156, NULL),
	(19, 1, 'Добавка для супер-женщин Omega - 3,4,5,6,7,8,9', '19', NULL, NULL, NULL, NULL, NULL, '2018-07-27 12:57:18', '2018-07-30 11:47:12', 5.00, 0, 5, '2040-01-01', 5.00, 'l', 1.00, 'kg', 7, 5, NULL, NULL, NULL, NULL, NULL, NULL, NULL, NULL, NULL, NULL, 0, 0, 0, 0, 0, 1, 4, 6, 804, NULL),
	(20, 1, 'Товар № 222', '20', NULL, NULL, NULL, NULL, NULL, '2018-07-27 12:57:37', '2018-07-30 12:28:52', 6.00, 20, 1, '2040-01-01', 66.00, 'l', 3.00, 'kg', NULL, 5, NULL, 3, NULL, NULL, 6, NULL, NULL, NULL, NULL, 8, 0, 1, 0, 1, 0, 1, NULL, NULL, 156, NULL),
	(21, 1, 'Ultimate Nutrition, Prostar 100% Cazein, шоколад, 2300 г', '21', NULL, NULL, NULL, NULL, NULL, '2018-08-09 15:51:21', '2018-08-09 16:07:31', NULL, 0, 5, '2040-01-01', NULL, 'ml', 2300.00, 'g', NULL, 0, NULL, NULL, NULL, NULL, NULL, NULL, NULL, NULL, NULL, NULL, 0, 0, 0, 0, 0, 0, 6, 3, 840, NULL),
	(24, 1, 'Ultimate Nutrition, Prostar 100% Cazein, ваниль, 2300 г', '24', NULL, NULL, NULL, NULL, NULL, '2018-08-09 15:51:21', '2018-08-09 16:07:31', NULL, 0, 5, '2040-01-01', NULL, 'ml', 2300.00, 'g', NULL, 0, NULL, NULL, NULL, NULL, NULL, NULL, NULL, NULL, NULL, NULL, 0, 0, 0, 0, 0, 0, 7, 3, 840, NULL),
	(25, 1, 'Ultimate Nutrition, Prostar 100% Cazein, клубника, 2300 г', '25', NULL, NULL, NULL, NULL, NULL, '2018-08-09 15:51:21', '2018-08-09 16:07:31', NULL, 0, 5, '2040-01-01', NULL, 'ml', 2300.00, 'g', NULL, 0, NULL, NULL, NULL, NULL, NULL, NULL, NULL, NULL, NULL, NULL, 0, 0, 0, 0, 0, 0, 8, 3, 840, NULL),
	(26, 1, 'Biotech USA Nutrition, Cazein Fusion, шоколад, 908 г', '26', NULL, NULL, NULL, NULL, NULL, '2018-08-09 15:51:21', '2018-08-09 16:07:31', NULL, 0, 6, '2040-01-01', NULL, 'ml', 908.00, 'g', NULL, 0, NULL, NULL, NULL, NULL, NULL, NULL, NULL, NULL, NULL, NULL, 0, 0, 0, 0, 0, 0, 6, 3, 840, NULL),
	(27, 1, 'Biotech USA Nutrition, Cazein Fusion, клубника, 908 г', '27', NULL, NULL, NULL, NULL, NULL, '2018-08-09 15:51:21', '2018-08-09 16:07:31', NULL, 0, 6, '2040-01-01', NULL, 'ml', NULL, 'g', NULL, 0, NULL, NULL, NULL, NULL, NULL, NULL, NULL, NULL, NULL, NULL, 0, 0, 0, 0, 0, 0, 8, 3, 840, NULL),
	(28, 1, 'MYPROTEIN, Micellar Casein, шоколад, 1000 г ', '28', NULL, NULL, NULL, NULL, NULL, '2018-08-09 15:51:21', '2018-08-09 16:07:31', NULL, 0, 7, '2040-01-01', NULL, 'ml', 1000.00, 'g', NULL, 0, NULL, NULL, NULL, NULL, NULL, NULL, NULL, NULL, NULL, NULL, 0, 0, 0, 0, 0, 0, 6, 3, 101, NULL),
	(29, 1, 'MYPROTEIN, Micellar Casein, клубника, 1000 г ', '29', NULL, NULL, NULL, NULL, NULL, '2018-08-09 15:51:21', '2018-08-09 16:07:31', NULL, 0, 7, '2040-01-01', NULL, 'ml', 1000.00, 'g', NULL, 0, NULL, NULL, NULL, NULL, NULL, NULL, NULL, NULL, NULL, NULL, 0, 0, 0, 0, 0, 0, 8, 3, 101, NULL),
	(30, 1, 'MYPROTEIN, Micellar Casein, ваниль, 1000 г ', '30', NULL, NULL, NULL, NULL, NULL, '2018-08-09 15:51:21', '2018-08-09 16:07:31', NULL, 0, 7, '2040-01-01', NULL, 'ml', 1000.00, 'g', NULL, 0, NULL, NULL, NULL, NULL, NULL, NULL, NULL, NULL, NULL, NULL, 0, 0, 0, 0, 0, 0, 7, 3, 101, NULL),
	(31, 1, 'MYPROTEIN, Micellar Casein, клубника, 2500 г ', '31', NULL, NULL, NULL, NULL, NULL, '2018-08-09 15:51:21', '2018-08-09 16:07:31', NULL, 0, 7, '2040-01-01', NULL, 'ml', 2500.00, 'g', NULL, 0, NULL, NULL, NULL, NULL, NULL, NULL, NULL, NULL, NULL, NULL, 0, 0, 0, 0, 0, 0, 8, 3, 101, NULL),
	(32, 1, 'MYPROTEIN, Micellar Casein, ваниль, 2500 г ', '32', NULL, NULL, NULL, NULL, NULL, '2018-08-09 15:51:21', '2018-08-09 16:07:31', NULL, 0, 7, '2040-01-01', NULL, 'ml', 2500.00, 'g', NULL, 0, NULL, NULL, NULL, NULL, NULL, NULL, NULL, NULL, NULL, NULL, 0, 0, 0, 0, 0, 0, 7, 3, 101, NULL),
	(33, 1, 'MYPROTEIN, Micellar Casein, шоколад, 2500 г ', '33', NULL, NULL, NULL, NULL, NULL, '2018-08-09 15:51:21', '2018-08-09 16:07:31', NULL, 0, 7, '2040-01-01', NULL, 'ml', 2500.00, 'g', NULL, 0, NULL, NULL, NULL, NULL, NULL, NULL, NULL, NULL, NULL, NULL, 0, 0, 0, 0, 0, 0, 6, 3, 101, NULL),
	(34, 1, 'Biotech USA Nutrition, Iso Whey Zero, ваниль, 500 г', '34', NULL, NULL, NULL, NULL, NULL, '2018-08-09 15:51:21', '2018-08-09 16:07:31', NULL, 0, 6, '2040-01-01', NULL, 'ml', 500.00, 'g', NULL, 0, NULL, NULL, NULL, NULL, NULL, NULL, NULL, NULL, NULL, NULL, 0, 0, 0, 0, 0, 0, 7, 3, 840, NULL),
	(35, 1, 'Biotech USA Nutrition, Iso Whey Zero, клубника, 500 г', '35', NULL, NULL, NULL, NULL, NULL, '2018-08-09 15:51:21', '2018-08-09 16:07:31', NULL, 0, 6, '2040-01-01', NULL, 'ml', 500.00, 'g', NULL, 0, NULL, NULL, NULL, NULL, NULL, NULL, NULL, NULL, NULL, NULL, 0, 0, 0, 0, 0, 0, 8, 3, 840, NULL),
	(36, 1, 'Biotech USA Nutrition, Iso Whey Zero, шоколад, 500 г', '36', NULL, NULL, NULL, NULL, NULL, '2018-08-09 15:51:21', '2018-08-09 16:07:31', NULL, 0, 6, '2040-01-01', NULL, 'ml', 500.00, 'g', NULL, 0, NULL, NULL, NULL, NULL, NULL, NULL, NULL, NULL, NULL, NULL, 0, 0, 0, 0, 0, 0, 6, 3, 840, NULL),
	(37, 1, 'Biotech USA Nutrition, Iso Whey Zero, кокос, 500 г', '37', NULL, NULL, NULL, NULL, NULL, '2018-08-09 15:51:21', '2018-08-09 16:07:31', NULL, 0, 6, '2040-01-01', NULL, 'ml', 500.00, 'g', NULL, 0, NULL, NULL, NULL, NULL, NULL, NULL, NULL, NULL, NULL, NULL, 0, 0, 0, 0, 0, 0, 1, 3, 840, NULL),
	(38, 1, 'Biotech USA Nutrition, Iso Whey Zero, вишня-банан, 500 г', '38', NULL, NULL, NULL, NULL, NULL, '2018-08-09 15:51:21', '2018-08-09 16:07:31', NULL, 0, 6, '2040-01-01', NULL, 'ml', 500.00, 'g', NULL, 0, NULL, NULL, NULL, NULL, NULL, NULL, NULL, NULL, NULL, NULL, 0, 0, 0, 0, 0, 0, 2, 3, 840, NULL),
	(39, 1, 'Biotech USA Nutrition, Iso Whey Zero, ананас-манго, 500 г', '39', NULL, NULL, NULL, NULL, NULL, '2018-08-09 15:51:21', '2018-08-09 16:07:31', NULL, 0, 6, '2040-01-01', NULL, 'ml', 500.00, 'g', NULL, 0, NULL, NULL, NULL, NULL, NULL, NULL, NULL, NULL, NULL, NULL, 0, 0, 0, 0, 0, 0, 4, 3, 840, NULL),
	(40, 1, 'Biotech USA Nutrition, Iso Whey Zero, кокос, 908г', '40', NULL, NULL, NULL, NULL, NULL, '2018-08-09 15:51:21', '2018-08-09 16:07:31', NULL, 0, 6, '2040-01-01', NULL, 'ml', 908.00, 'g', NULL, 0, NULL, NULL, NULL, NULL, NULL, NULL, NULL, NULL, NULL, NULL, 0, 0, 0, 0, 0, 0, 1, 3, 840, NULL),
	(41, 1, 'Biotech USA Nutrition, Iso Whey Zero, ананас-манго, 908 г', '41', NULL, NULL, NULL, NULL, NULL, '2018-08-09 15:51:21', '2018-08-09 16:07:31', NULL, 0, 6, '2040-01-01', NULL, 'ml', 908.00, 'g', NULL, 0, NULL, NULL, NULL, NULL, NULL, NULL, NULL, NULL, NULL, NULL, 0, 0, 0, 0, 0, 0, 4, 3, 840, NULL),
	(42, 1, 'Biotech USA Nutrition, Iso Whey Zero, ваниль, 908 г', '42', NULL, NULL, NULL, NULL, NULL, '2018-08-09 15:51:21', '2018-08-09 16:07:31', NULL, 0, 6, '2040-01-01', NULL, 'ml', 908.00, 'g', NULL, 0, NULL, NULL, NULL, NULL, NULL, NULL, NULL, NULL, NULL, NULL, 0, 0, 0, 0, 0, 0, 7, 3, 840, NULL),
	(43, 1, 'Biotech USA Nutrition, Iso Whey Zero, клубника, 908 г', '43', NULL, NULL, NULL, NULL, NULL, '2018-08-09 15:51:21', '2018-08-09 16:07:31', NULL, 0, 6, '2040-01-01', NULL, 'ml', 908.00, 'g', NULL, 0, NULL, NULL, NULL, NULL, NULL, NULL, NULL, NULL, NULL, NULL, 0, 0, 0, 0, 0, 0, 8, 3, 840, NULL),
	(44, 1, 'Biotech USA Nutrition, Iso Whey Zero, шоколад, 908 г', '44', NULL, NULL, NULL, NULL, NULL, '2018-08-09 15:51:21', '2018-08-09 16:07:31', NULL, 0, 6, '2040-01-01', NULL, 'ml', 908.00, 'g', NULL, 0, NULL, NULL, NULL, NULL, NULL, NULL, NULL, NULL, NULL, NULL, 0, 0, 0, 0, 0, 0, 6, 3, 840, NULL),
	(45, 1, 'Biotech USA Nutrition, Iso Whey Zero, йогурт-абрикос, 908 г', '45', NULL, NULL, NULL, NULL, NULL, '2018-08-09 15:51:21', '2018-08-09 16:07:31', NULL, 0, 6, '2040-01-01', NULL, 'ml', 908.00, 'g', NULL, 0, NULL, NULL, NULL, NULL, NULL, NULL, NULL, NULL, NULL, NULL, 0, 0, 0, 0, 0, 0, 3, 3, 840, NULL),
	(46, 1, 'Biotech USA Nutrition, Iso Whey Zero, ананас-манго, 2270 г', '46', NULL, NULL, NULL, NULL, NULL, '2018-08-09 15:51:21', '2018-08-09 16:07:31', NULL, 0, 6, '2040-01-01', NULL, 'ml', 2270.00, 'g', NULL, 0, NULL, NULL, NULL, NULL, NULL, NULL, NULL, NULL, NULL, NULL, 0, 0, 0, 0, 0, 0, 4, 3, 840, NULL),
	(47, 1, 'Biotech USA Nutrition, Iso Whey Zero, клубника, 2270 г', '47', NULL, NULL, NULL, NULL, NULL, '2018-08-09 15:51:22', '2018-08-09 16:07:31', NULL, 0, 6, '2040-01-01', NULL, 'ml', 2270.00, 'g', NULL, 0, NULL, NULL, NULL, NULL, NULL, NULL, NULL, NULL, NULL, NULL, 0, 0, 0, 0, 0, 0, 8, 3, 840, NULL),
	(48, 1, 'Biotech USA Nutrition, Iso Whey Zero, шоколад, 2270 г', '48', NULL, NULL, NULL, NULL, NULL, '2018-08-09 15:51:22', '2018-08-09 16:07:31', NULL, 0, 6, '2040-01-01', NULL, 'ml', 2270.00, 'g', NULL, 0, NULL, NULL, NULL, NULL, NULL, NULL, NULL, NULL, NULL, NULL, 0, 0, 0, 0, 0, 0, 6, 3, 840, NULL),
	(49, 1, 'Biotech USA Nutrition, Iso Whey Zero, кокос, 2270 г', '49', NULL, NULL, NULL, NULL, NULL, '2018-08-09 15:51:22', '2018-08-09 16:07:31', NULL, 0, 6, '2040-01-01', NULL, 'ml', 2270.00, 'g', NULL, 0, NULL, NULL, NULL, NULL, NULL, NULL, NULL, NULL, NULL, NULL, 0, 0, 0, 0, 0, 0, 1, 3, 840, NULL),
	(50, 1, 'Optimum Nutrition, 100% Whey Gold Standart, клубника-банан, 909 г', '50', NULL, NULL, NULL, NULL, NULL, '2018-08-09 15:51:22', '2018-08-09 16:07:31', NULL, 0, 8, '2040-01-01', NULL, 'ml', 909.00, 'g', NULL, 0, NULL, NULL, NULL, NULL, NULL, NULL, NULL, NULL, NULL, NULL, 0, 0, 0, 0, 0, 0, 9, 3, 840, NULL),
	(51, 1, 'Optimum Nutrition, 100% Whey Gold Standart, шоколад-мята, 909 г', '51', NULL, NULL, NULL, NULL, NULL, '2018-08-09 15:51:22', '2018-08-09 16:07:31', NULL, 0, 8, '2040-01-01', NULL, 'ml', 909.00, 'g', NULL, 0, NULL, NULL, NULL, NULL, NULL, NULL, NULL, NULL, NULL, NULL, 0, 0, 0, 0, 0, 0, 10, 3, 840, NULL),
	(52, 1, 'Optimum Nutrition, 100% Whey Gold Standart, мокоо-капучино, 909 г', '52', NULL, NULL, NULL, NULL, NULL, '2018-08-09 15:51:22', '2018-08-09 16:07:31', NULL, 0, 8, '2040-01-01', NULL, 'ml', 909.00, 'g', NULL, 0, NULL, NULL, NULL, NULL, NULL, NULL, NULL, NULL, NULL, NULL, 0, 0, 0, 0, 0, 0, 11, 3, 840, NULL),
	(53, 1, 'Optimum Nutrition, 100% Whey Gold Standart, шоколад, 909 г', '53', NULL, NULL, NULL, NULL, NULL, '2018-08-09 15:51:22', '2018-08-09 16:07:31', NULL, 0, 8, '2040-01-01', NULL, 'ml', 909.00, 'g', NULL, 0, NULL, NULL, NULL, NULL, NULL, NULL, NULL, NULL, NULL, NULL, 0, 0, 0, 0, 0, 0, 6, 3, 840, NULL),
	(54, 1, 'Optimum Nutrition, 100% Whey Gold Standart, банан, 2270 г', '54', NULL, NULL, NULL, NULL, NULL, '2018-08-09 15:51:22', '2018-08-09 16:07:31', NULL, 0, 8, '2040-01-01', NULL, 'ml', 2270.00, 'g', NULL, 0, NULL, NULL, NULL, NULL, NULL, NULL, NULL, NULL, NULL, NULL, 0, 0, 0, 0, 0, 0, 12, NULL, NULL, NULL),
	(55, 1, 'Optimum Nutrition, 100% Whey Gold Standart, шоколад-кокос, 2270 г', '55', NULL, NULL, NULL, NULL, NULL, '2018-08-09 15:51:22', '2018-08-09 16:07:31', NULL, 0, 8, '2040-01-01', NULL, 'ml', 2270.00, 'g', NULL, 0, NULL, NULL, NULL, NULL, NULL, NULL, NULL, NULL, NULL, NULL, 0, 0, 0, 0, 0, 0, 13, 3, 840, NULL),
	(56, 1, 'Optimum Nutrition, 100% Whey Gold Standart, кофе, 2270 г', '56', NULL, NULL, NULL, NULL, NULL, '2018-08-09 15:51:22', '2018-08-09 16:07:31', NULL, 0, 8, '2040-01-01', NULL, 'ml', 2270.00, 'g', NULL, 0, NULL, NULL, NULL, NULL, NULL, NULL, NULL, NULL, NULL, NULL, 0, 0, 0, 0, 0, 0, 14, 3, 840, NULL),
	(57, 1, 'Optimum Nutrition, 100% Whey Gold Standart, тропический пунш, 2270 г', '57', NULL, NULL, NULL, NULL, NULL, '2018-08-09 15:51:22', '2018-08-09 16:07:31', NULL, 0, 8, '2040-01-01', NULL, 'ml', 2270.00, 'g', NULL, 0, NULL, NULL, NULL, NULL, NULL, NULL, NULL, NULL, NULL, NULL, 0, 0, 0, 0, 0, 0, 15, 3, 840, NULL),
	(58, 1, 'Optimum Nutrition, 100% Whey Gold Standart, клубника, 2270 г', '58', NULL, NULL, NULL, NULL, NULL, '2018-08-09 15:51:22', '2018-08-09 16:07:31', NULL, 0, 8, '2040-01-01', NULL, 'ml', 2270.00, 'g', NULL, 0, NULL, NULL, NULL, NULL, NULL, NULL, NULL, NULL, NULL, NULL, 0, 0, 0, 0, 0, 0, 8, 3, 840, NULL),
	(59, 1, 'Optimum Nutrition, 100% Whey Gold Standart, клубника, 4540 г', '59', NULL, NULL, NULL, NULL, NULL, '2018-08-09 15:51:22', '2018-08-09 16:07:31', NULL, 0, 8, '2040-01-01', NULL, 'ml', 4540.00, 'g', NULL, 0, NULL, NULL, NULL, NULL, NULL, NULL, NULL, NULL, NULL, NULL, 0, 0, 0, 0, 0, 0, 8, 3, 840, NULL),
	(60, 1, 'Optimum Nutrition, 100% Whey Gold Standart, шоколад, 4540 г', '60', NULL, NULL, NULL, NULL, NULL, '2018-08-09 15:51:22', '2018-08-09 16:07:31', NULL, 0, 8, '2040-01-01', NULL, 'ml', 4540.00, 'g', NULL, 0, NULL, NULL, NULL, NULL, NULL, NULL, NULL, NULL, NULL, NULL, 0, 0, 0, 0, 0, 0, 6, 3, 840, NULL),
	(61, 1, 'Optimum Nutrition, 100% Whey Gold Standart, ванильное мороженое, 4540 г', '61', NULL, NULL, NULL, NULL, NULL, '2018-08-09 15:51:22', '2018-08-09 16:07:31', NULL, 0, 8, '2040-01-01', NULL, 'ml', 4540.00, 'g', NULL, 0, NULL, NULL, NULL, NULL, NULL, NULL, NULL, NULL, NULL, NULL, 0, 0, 0, 0, 0, 0, 16, 3, 840, NULL),
	(62, 1, 'BSN Syntha-6 Isolate Mix, молочный шоколад, 900 г', '62', NULL, NULL, NULL, NULL, NULL, '2018-08-09 15:51:22', '2018-08-09 16:07:31', NULL, 0, 9, '2040-01-01', NULL, 'ml', 900.00, 'g', NULL, 0, NULL, NULL, NULL, NULL, NULL, NULL, NULL, NULL, NULL, NULL, 0, 0, 0, 0, 0, 0, 17, 3, 840, NULL),
	(63, 1, 'BSN Syntha-6 Isolate Mix, клубника, 900 г', '63', NULL, NULL, NULL, NULL, NULL, '2018-08-09 15:51:22', '2018-08-09 16:07:31', NULL, 0, 9, '2040-01-01', NULL, 'ml', 900.00, 'g', NULL, 0, NULL, NULL, NULL, NULL, NULL, NULL, NULL, NULL, NULL, NULL, 0, 0, 0, 0, 0, 0, 8, 3, 840, NULL),
	(64, 1, 'BSN Syntha-6 Isolate Mix, молочный шоколад, 1800 г', '64', NULL, NULL, NULL, NULL, NULL, '2018-08-09 15:51:22', '2018-08-09 16:07:31', NULL, 0, 9, '2040-01-01', NULL, 'ml', 1800.00, 'g', NULL, 0, NULL, NULL, NULL, NULL, NULL, NULL, NULL, NULL, NULL, NULL, 0, 0, 0, 0, 0, 0, 17, 3, 840, NULL),
	(65, 1, 'BSN Syntha-6 Isolate Mix, клубника, 1800 г', '65', NULL, NULL, NULL, NULL, NULL, '2018-08-09 15:51:22', '2018-08-09 16:07:31', NULL, 0, 9, '2040-01-01', NULL, 'ml', 1800.00, 'g', NULL, 0, NULL, NULL, NULL, NULL, NULL, NULL, NULL, NULL, NULL, NULL, 0, 0, 0, 0, 0, 0, 8, 3, 840, NULL),
	(66, 1, 'BSN Syntha-6, печенье с кремом, 1320 г', '66', NULL, NULL, NULL, NULL, NULL, '2018-08-09 15:51:22', '2018-08-09 16:07:31', NULL, 0, 9, '2040-01-01', NULL, 'ml', 1320.00, 'g', NULL, 0, NULL, NULL, NULL, NULL, NULL, NULL, NULL, NULL, NULL, NULL, 0, 0, 0, 0, 0, 0, 18, 3, 840, NULL),
	(67, 1, 'BSN Syntha-6, апельсиновый смузи, 1320 г', '67', NULL, NULL, NULL, NULL, NULL, '2018-08-09 15:51:22', '2018-08-09 16:07:31', NULL, 0, 9, '2040-01-01', NULL, 'ml', 1320.00, 'g', NULL, 0, NULL, NULL, NULL, NULL, NULL, NULL, NULL, NULL, NULL, NULL, 0, 0, 0, 0, 0, 0, 19, 3, 840, NULL),
	(68, 1, 'BSN Syntha-6, шоколадное пироженое, 1320 г', '68', NULL, NULL, NULL, NULL, NULL, '2018-08-09 15:51:22', '2018-08-09 16:07:31', NULL, 0, 9, '2040-01-01', NULL, 'ml', 1320.00, 'g', NULL, 0, NULL, NULL, NULL, NULL, NULL, NULL, NULL, NULL, NULL, NULL, 0, 0, 0, 0, 0, 0, 20, 3, 840, NULL),
	(69, 1, 'BSN Syntha-6, банан, 1320 г', '69', NULL, NULL, NULL, NULL, NULL, '2018-08-09 15:51:22', '2018-08-09 16:07:31', NULL, 0, 9, '2040-01-01', NULL, 'ml', 1320.00, 'g', NULL, 0, NULL, NULL, NULL, NULL, NULL, NULL, NULL, NULL, NULL, NULL, 0, 0, 0, 0, 0, 0, 12, 3, 840, NULL),
	(70, 1, 'BSN Syntha-6, молочный шоколад, 1320 г', '70', NULL, NULL, NULL, NULL, NULL, '2018-08-09 15:51:22', '2018-08-09 16:07:31', NULL, 0, 9, '2040-01-01', NULL, 'ml', 1320.00, 'g', NULL, 0, NULL, NULL, NULL, NULL, NULL, NULL, NULL, NULL, NULL, NULL, 0, 0, 0, 0, 0, 0, 17, 3, 840, NULL),
	(71, 1, 'BSN Syntha-6, клубника, 1320 г', '71', NULL, NULL, NULL, NULL, NULL, '2018-08-09 15:51:22', '2018-08-09 16:07:31', NULL, 0, 9, '2040-01-01', NULL, 'ml', 1320.00, 'g', NULL, 0, NULL, NULL, NULL, NULL, NULL, NULL, NULL, NULL, NULL, NULL, 0, 0, 0, 0, 0, 0, 8, 3, 840, NULL),
	(72, 1, 'BSN Syntha-6, печенье с кремом, 2270 г', '72', NULL, NULL, NULL, NULL, NULL, '2018-08-09 15:51:22', '2018-08-09 16:07:31', NULL, 0, 9, '2040-01-01', NULL, 'ml', 2270.00, 'g', NULL, 0, NULL, NULL, NULL, NULL, NULL, NULL, NULL, NULL, NULL, NULL, 0, 0, 0, 0, 0, 0, 18, 3, 840, NULL),
	(73, 1, 'BSN Syntha-6, клубника, 2270 г', '73', NULL, NULL, NULL, NULL, NULL, '2018-08-09 15:51:22', '2018-08-09 16:07:31', NULL, 0, 9, '2040-01-01', NULL, 'ml', 2270.00, 'g', NULL, 0, NULL, NULL, NULL, NULL, NULL, NULL, NULL, NULL, NULL, NULL, 0, 0, 0, 0, 0, 0, 8, 3, 840, NULL),
	(74, 1, 'BSN Syntha-6, банан, 2270 г', '74', NULL, NULL, NULL, NULL, NULL, '2018-08-09 15:51:22', '2018-08-09 16:07:31', NULL, 0, 9, '2040-01-01', NULL, 'ml', 2270.00, 'g', NULL, 0, NULL, NULL, NULL, NULL, NULL, NULL, NULL, NULL, NULL, NULL, 0, 0, 0, 0, 0, 0, 12, 3, 840, NULL),
	(75, 1, 'BSN Syntha-6, ванильное мороженное, 2270 г', '75', NULL, NULL, NULL, NULL, NULL, '2018-08-09 15:51:22', '2018-08-09 16:07:31', NULL, 0, 9, '2040-01-01', NULL, 'ml', 2270.00, 'g', NULL, 0, NULL, NULL, NULL, NULL, NULL, NULL, NULL, NULL, NULL, NULL, 0, 0, 0, 0, 0, 0, 16, 3, 840, NULL),
	(76, 1, 'Scitec Nutrition, 100% Whey Protein Prof, гранат, 2300 г', '76', NULL, NULL, NULL, NULL, NULL, '2018-08-09 15:51:22', '2018-08-09 16:07:31', NULL, 0, 10, '2040-01-01', NULL, 'ml', 2300.00, 'g', NULL, 0, NULL, NULL, NULL, NULL, NULL, NULL, NULL, NULL, NULL, NULL, 0, 0, 0, 0, 0, 0, 21, 3, 840, NULL),
	(77, 1, 'Scitec Nutrition, 100% Whey Protein Prof, лимонный чизкейк, 2300 г', '77', NULL, NULL, NULL, NULL, NULL, '2018-08-09 15:51:22', '2018-08-09 16:07:31', NULL, 0, 10, '2040-01-01', NULL, 'ml', 2300.00, 'g', NULL, 0, NULL, NULL, NULL, NULL, NULL, NULL, NULL, NULL, NULL, NULL, 0, 0, 0, 0, 0, 0, 22, 3, 840, NULL),
	(78, 1, 'Scitec Nutrition, 100% Whey Protein Prof, шоколад-кокос, 2300 г', '78', NULL, NULL, NULL, NULL, NULL, '2018-08-09 15:51:22', '2018-08-09 16:07:31', NULL, 0, 10, '2040-01-01', NULL, 'ml', 2300.00, 'g', NULL, 0, NULL, NULL, NULL, NULL, NULL, NULL, NULL, NULL, NULL, NULL, 0, 0, 0, 0, 0, 0, 13, 3, 840, NULL),
	(79, 1, 'Ultimate Nutrition, Iso Cool, вишня, 2270 г', '79', NULL, NULL, NULL, NULL, NULL, '2018-08-09 15:51:22', '2018-08-09 16:07:31', NULL, 0, 5, '2040-01-01', NULL, 'ml', 2270.00, 'g', NULL, 0, NULL, NULL, NULL, NULL, NULL, NULL, NULL, NULL, NULL, NULL, 0, 0, 0, 0, 0, 0, 23, 3, 840, NULL),
	(80, 1, 'Ultimate Nutrition, Iso Cool, персик, 2270 г', '80', NULL, NULL, NULL, NULL, NULL, '2018-08-09 15:51:22', '2018-08-09 16:07:31', NULL, 0, 5, '2040-01-01', NULL, 'ml', 2270.00, 'g', NULL, 0, NULL, NULL, NULL, NULL, NULL, NULL, NULL, NULL, NULL, NULL, 0, 0, 0, 0, 0, 0, 24, 3, 840, NULL),
	(81, 1, 'Ultimate Nutrition, Iso Cool, яблоко, 2270 г', '81', NULL, NULL, NULL, NULL, NULL, '2018-08-09 15:51:22', '2018-08-09 16:07:31', NULL, 0, 5, '2040-01-01', NULL, 'ml', 2270.00, 'g', NULL, 0, NULL, NULL, NULL, NULL, NULL, NULL, NULL, NULL, NULL, NULL, 0, 0, 0, 0, 0, 0, 25, 3, 840, NULL),
	(82, 1, 'Ultimate Nutrition, Prostar Whey Protein, клубника, 908 г', '82', NULL, NULL, NULL, NULL, NULL, '2018-08-09 15:51:22', '2018-08-09 16:07:31', NULL, 0, 5, '2040-01-01', NULL, 'ml', 908.00, 'g', NULL, 0, NULL, NULL, NULL, NULL, NULL, NULL, NULL, NULL, NULL, NULL, 0, 0, 0, 0, 0, 0, 8, 3, 840, NULL),
	(83, 1, 'Ultimate Nutrition, Prostar Whey Protein, какао, 908 г', '83', NULL, NULL, NULL, NULL, NULL, '2018-08-09 15:51:22', '2018-08-09 16:07:31', NULL, 0, 5, '2040-01-01', NULL, 'ml', 908.00, 'g', NULL, 0, NULL, NULL, NULL, NULL, NULL, NULL, NULL, NULL, NULL, NULL, 0, 0, 0, 0, 0, 0, 26, 3, 840, NULL),
	(84, 1, 'Ultimate Nutrition, Prostar Whey Protein, ваниль, 908 г', '84', NULL, NULL, NULL, NULL, NULL, '2018-08-09 15:51:22', '2018-08-09 16:07:31', NULL, 0, 5, '2040-01-01', NULL, 'ml', 908.00, 'g', NULL, 0, NULL, NULL, NULL, NULL, NULL, NULL, NULL, NULL, NULL, NULL, 0, 0, 0, 0, 0, 0, 7, 3, 840, NULL),
	(85, 1, 'Ultimate Nutrition, Prostar Whey Protein, малина, 908 г', '85', NULL, NULL, NULL, NULL, NULL, '2018-08-09 15:51:22', '2018-08-09 16:07:31', NULL, 0, 5, '2040-01-01', NULL, 'ml', 908.00, 'g', NULL, 0, NULL, NULL, NULL, NULL, NULL, NULL, NULL, NULL, NULL, NULL, 0, 0, 0, 0, 0, 0, 27, 3, 840, NULL),
	(86, 1, 'Ultimate Nutrition, Prostar Whey Protein, шоколад-мята, 908 г', '86', NULL, NULL, NULL, NULL, NULL, '2018-08-09 15:51:22', '2018-08-09 16:07:31', NULL, 0, 5, '2040-01-01', NULL, 'ml', 908.00, 'g', NULL, 0, NULL, NULL, NULL, NULL, NULL, NULL, NULL, NULL, NULL, NULL, 0, 0, 0, 0, 0, 0, 10, 3, 840, NULL),
	(87, 1, 'Ultimate Nutrition, Prostar Whey Protein, клубника, 2300 г', '87', NULL, NULL, NULL, NULL, NULL, '2018-08-09 15:51:22', '2018-08-09 16:07:31', NULL, 0, 5, '2040-01-01', NULL, 'ml', 2300.00, 'g', NULL, 0, NULL, NULL, NULL, NULL, NULL, NULL, NULL, NULL, NULL, NULL, 0, 0, 0, 0, 0, 0, 8, 3, 840, NULL),
	(88, 1, 'Ultimate Nutrition, Prostar Whey Protein, малина, 2300 г', '88', NULL, NULL, NULL, NULL, NULL, '2018-08-09 15:51:22', '2018-08-09 16:07:31', NULL, 0, 5, '2040-01-01', NULL, 'ml', 2300.00, 'g', NULL, 0, NULL, NULL, NULL, NULL, NULL, NULL, NULL, NULL, NULL, NULL, 0, 0, 0, 0, 0, 0, 27, 3, 840, NULL),
	(89, 1, 'Ultimate Nutrition, Prostar Whey Protein, ваниль, 2300 г', '89', NULL, NULL, NULL, NULL, NULL, '2018-08-09 15:51:22', '2018-08-09 16:07:31', NULL, 0, 5, '2040-01-01', NULL, 'ml', 2300.00, 'g', NULL, 0, NULL, NULL, NULL, NULL, NULL, NULL, NULL, NULL, NULL, NULL, 0, 0, 0, 0, 0, 0, 7, 3, 840, NULL),
	(90, 1, 'Ultimate Nutrition, Prostar Whey Protein, банан, 2300 г', '90', NULL, NULL, NULL, NULL, NULL, '2018-08-09 15:51:22', '2018-08-09 16:07:31', NULL, 0, 5, '2040-01-01', NULL, 'ml', 2300.00, 'g', NULL, 0, NULL, NULL, NULL, NULL, NULL, NULL, NULL, NULL, NULL, NULL, 0, 0, 0, 0, 0, 0, 12, 3, 840, NULL),
	(91, 1, 'PowerPro, Whey Protein, шоколад, 1000 г', '91', NULL, NULL, NULL, NULL, NULL, '2018-08-09 15:51:22', '2018-08-09 16:07:31', NULL, 0, 11, '2040-01-01', NULL, 'ml', 1000.00, 'g', NULL, 0, NULL, NULL, NULL, NULL, NULL, NULL, NULL, NULL, NULL, NULL, 0, 0, 0, 0, 0, 0, 6, 3, 804, NULL),
	(92, 1, 'PowerPro, Whey Protein, вишня, 1000 г', '92', NULL, NULL, NULL, NULL, NULL, '2018-08-09 15:51:22', '2018-08-09 16:07:31', NULL, 0, 11, '2040-01-01', NULL, 'ml', 1000.00, 'g', NULL, 0, NULL, NULL, NULL, NULL, NULL, NULL, NULL, NULL, NULL, NULL, 0, 0, 0, 0, 0, 0, 23, 3, 804, NULL),
	(93, 1, 'PowerPro, Whey Protein, клубника, 1000 г', '93', NULL, NULL, NULL, NULL, NULL, '2018-08-09 15:51:22', '2018-08-09 16:07:31', NULL, 0, 11, '2040-01-01', NULL, 'ml', 1000.00, 'g', NULL, 0, NULL, NULL, NULL, NULL, NULL, NULL, NULL, NULL, NULL, NULL, 0, 0, 0, 0, 0, 0, 8, 3, 804, NULL),
	(94, 1, 'PowerPro, Whey Protein, ванила-айскрем, 1000 г', '94', NULL, NULL, NULL, NULL, NULL, '2018-08-09 15:51:22', '2018-08-09 16:07:31', NULL, 0, 11, '2040-01-01', NULL, 'ml', 1000.00, 'g', NULL, 0, NULL, NULL, NULL, NULL, NULL, NULL, NULL, NULL, NULL, NULL, 0, 0, 0, 0, 0, 0, 28, 3, 804, NULL),
	(95, 1, 'PowerPro, Whey Protein, банан-земляника, 2000 г', '95', NULL, NULL, NULL, NULL, NULL, '2018-08-09 15:51:22', '2018-08-09 16:07:31', NULL, 0, 11, '2040-01-01', NULL, 'ml', 2000.00, 'g', NULL, 0, NULL, NULL, NULL, NULL, NULL, NULL, NULL, NULL, NULL, NULL, 0, 0, 0, 0, 0, 0, 29, 3, 804, NULL),
	(96, 1, 'PowerPro, Whey Protein, шоконатс, 2000 г', '96', NULL, NULL, NULL, NULL, NULL, '2018-08-09 15:51:22', '2018-08-09 16:07:31', NULL, 0, 11, '2040-01-01', NULL, 'ml', 2000.00, 'g', NULL, 0, NULL, NULL, NULL, NULL, NULL, NULL, NULL, NULL, NULL, NULL, 0, 0, 0, 0, 0, 0, 30, 3, 804, NULL),
	(97, 1, 'PowerPro, Protein Femine, клубника, 1000 г', '97', NULL, NULL, NULL, NULL, NULL, '2018-08-09 15:51:22', '2018-08-09 16:07:31', NULL, 0, 11, '2040-01-01', NULL, 'ml', 1000.00, 'g', NULL, 0, NULL, NULL, NULL, NULL, NULL, NULL, NULL, NULL, NULL, NULL, 0, 0, 0, 0, 0, 0, 8, 3, 804, NULL),
	(98, 1, 'PowerPro, Protein Femine, смородина-йогурт, 1000 г', '98', NULL, NULL, NULL, NULL, NULL, '2018-08-09 15:51:23', '2018-08-09 16:07:31', NULL, 0, 11, '2040-01-01', NULL, 'ml', 1000.00, 'g', NULL, 0, NULL, NULL, NULL, NULL, NULL, NULL, NULL, NULL, NULL, NULL, 0, 0, 0, 0, 0, 0, 31, 3, 804, NULL),
	(99, 1, 'PowerPro, CreaPro, 1000 г', '99', NULL, NULL, NULL, NULL, NULL, '2018-08-09 15:51:23', '2018-08-09 16:07:31', NULL, 0, 11, '2040-01-01', NULL, 'ml', 1000.00, 'g', NULL, 0, NULL, NULL, NULL, NULL, NULL, NULL, NULL, NULL, NULL, NULL, 0, 0, 0, 0, 0, 0, NULL, 3, 804, NULL),
	(100, 1, 'Animal Nutrition ot Universal, Animal Whey, ваниль, 1800 г', '100', NULL, NULL, NULL, NULL, NULL, '2018-08-09 15:51:23', '2018-08-09 16:07:31', NULL, 0, 12, '2040-01-01', NULL, 'ml', 1800.00, 'g', NULL, 0, NULL, NULL, NULL, NULL, NULL, NULL, NULL, NULL, NULL, NULL, 0, 0, 0, 0, 0, 0, 7, 3, 840, NULL),
	(101, 1, 'Animal Nutrition ot Universal, Animal Whey, клубника, 1800 г', '101', NULL, NULL, NULL, NULL, NULL, '2018-08-09 15:51:23', '2018-08-09 16:07:32', NULL, 0, 12, '2040-01-01', NULL, 'ml', 1800.00, 'g', NULL, 0, NULL, NULL, NULL, NULL, NULL, NULL, NULL, NULL, NULL, NULL, 0, 0, 0, 0, 0, 0, 8, 3, 840, NULL),
	(102, 1, 'Animal Nutrition ot Universal, Animal Whey, шоколад, 1800 г', '102', NULL, NULL, NULL, NULL, NULL, '2018-08-09 15:51:23', '2018-08-09 16:07:32', NULL, 0, 12, '2040-01-01', NULL, 'ml', 1800.00, 'g', NULL, 0, NULL, NULL, NULL, NULL, NULL, NULL, NULL, NULL, NULL, NULL, 0, 0, 0, 0, 0, 0, 6, 3, 840, NULL),
	(103, 1, 'Muscle Pharm, Combat 100% Whey, шоколадное молоко, 2270 г', '103', NULL, NULL, NULL, NULL, NULL, '2018-08-09 15:51:23', '2018-08-09 16:07:32', NULL, 0, 13, '2040-01-01', NULL, 'ml', 2270.00, 'g', NULL, 0, NULL, NULL, NULL, NULL, NULL, NULL, NULL, NULL, NULL, NULL, 0, 0, 0, 0, 0, 0, 32, 3, 840, NULL),
	(104, 1, 'Muscle Pharm, Combat 100% Whey, печенье и крем, 2270 г', '104', NULL, NULL, NULL, NULL, NULL, '2018-08-09 15:51:23', '2018-08-09 16:07:32', NULL, 0, 13, '2040-01-01', NULL, 'ml', 2270.00, 'g', NULL, 0, NULL, NULL, NULL, NULL, NULL, NULL, NULL, NULL, NULL, NULL, 0, 0, 0, 0, 0, 0, 18, 3, 840, NULL),
	(105, 1, 'Muscle Pharm, Combat 100% Whey, ваниль, 2270 г', '105', NULL, NULL, NULL, NULL, NULL, '2018-08-09 15:51:23', '2018-08-09 16:07:32', NULL, 0, 13, '2040-01-01', NULL, 'ml', 2270.00, 'g', NULL, 0, NULL, NULL, NULL, NULL, NULL, NULL, NULL, NULL, NULL, NULL, 0, 0, 0, 0, 0, 0, 7, 3, 840, NULL),
	(106, 1, 'Muscle Pharm, Combat 100% Whey, клубника, 2270 г', '106', NULL, NULL, NULL, NULL, NULL, '2018-08-09 15:51:23', '2018-08-09 16:07:32', NULL, 0, 13, '2040-01-01', NULL, 'ml', 2270.00, 'g', NULL, 0, NULL, NULL, NULL, NULL, NULL, NULL, NULL, NULL, NULL, NULL, 0, 0, 0, 0, 0, 0, 8, 3, 840, NULL),
	(107, 1, 'UNS, Iso Whey протеин, банан и клубничное мороженое, 2250 г', '107', NULL, NULL, NULL, NULL, NULL, '2018-08-09 15:51:23', '2018-08-09 16:07:32', NULL, 0, 14, '2040-01-01', NULL, 'ml', 2250.00, 'g', NULL, 0, NULL, NULL, NULL, NULL, NULL, NULL, NULL, NULL, NULL, NULL, 0, 0, 0, 0, 0, 0, 33, 3, 616, NULL),
	(108, 1, 'UNS, Iso Whey протеин, сникерс, 2250 г', '108', NULL, NULL, NULL, NULL, NULL, '2018-08-09 15:51:23', '2018-08-09 16:07:32', NULL, 0, 14, '2040-01-01', NULL, 'ml', 2250.00, 'g', NULL, 0, NULL, NULL, NULL, NULL, NULL, NULL, NULL, NULL, NULL, NULL, 0, 0, 0, 0, 0, 0, 34, 3, 616, NULL),
	(109, 1, 'UNS, Iso Whey протеин, орео, 2250 г', '109', NULL, NULL, NULL, NULL, NULL, '2018-08-09 15:51:23', '2018-08-09 16:07:32', NULL, 0, 14, '2040-01-01', NULL, 'ml', 2250.00, 'g', NULL, 0, NULL, NULL, NULL, NULL, NULL, NULL, NULL, NULL, NULL, NULL, 0, 0, 0, 0, 0, 0, 35, 3, 616, NULL),
	(110, 1, 'UNS, Iso Whey протеин, клубничное мороженое, 500 г ', '110', NULL, NULL, NULL, NULL, NULL, '2018-08-09 15:51:23', '2018-08-09 16:07:32', NULL, 0, 14, '2040-01-01', NULL, 'ml', 500.00, 'g', NULL, 0, NULL, NULL, NULL, NULL, NULL, NULL, NULL, NULL, NULL, NULL, 0, 0, 0, 0, 0, 0, 36, 3, 616, NULL),
	(111, 1, 'UNS, Iso Whey протеин, соленая карамель, 500 г ', '111', NULL, NULL, NULL, NULL, NULL, '2018-08-09 15:51:23', '2018-08-09 16:07:32', NULL, 0, 14, '2040-01-01', NULL, 'ml', 500.00, 'g', NULL, 0, NULL, NULL, NULL, NULL, NULL, NULL, NULL, NULL, NULL, NULL, 0, 0, 0, 0, 0, 0, 37, 3, 616, NULL),
	(112, 1, 'UNS, Iso Whey протеин, сникерс, 500 г ', '112', NULL, NULL, NULL, NULL, NULL, '2018-08-09 15:51:23', '2018-08-09 16:07:32', NULL, 0, 14, '2040-01-01', NULL, 'ml', 500.00, 'g', NULL, 0, NULL, NULL, NULL, NULL, NULL, NULL, NULL, NULL, NULL, NULL, 0, 0, 0, 0, 0, 0, 34, 3, 616, NULL),
	(113, 1, 'UNS, Iso Whey протеин, орео, 500 г ', '113', NULL, NULL, NULL, NULL, NULL, '2018-08-09 15:51:23', '2018-08-09 16:07:32', NULL, 0, 14, '2040-01-01', NULL, 'ml', 500.00, 'g', NULL, 0, NULL, NULL, NULL, NULL, NULL, NULL, NULL, NULL, NULL, NULL, 0, 0, 0, 0, 0, 0, 35, 3, 616, NULL),
	(114, 1, 'UNS, Iso Whey протеин, банановое мороженное, 500 г ', '114', NULL, NULL, NULL, NULL, NULL, '2018-08-09 15:51:23', '2018-08-09 16:07:32', NULL, 0, 14, '2040-01-01', NULL, 'ml', 500.00, 'g', NULL, 0, NULL, NULL, NULL, NULL, NULL, NULL, NULL, NULL, NULL, NULL, 0, 0, 0, 0, 0, 0, 38, 3, 616, NULL),
	(115, 1, 'MYPROTEIN, Impact Whey Protein, шоколад, 1000 г', '115', NULL, NULL, NULL, NULL, NULL, '2018-08-09 15:51:23', '2018-08-09 16:07:32', NULL, 0, 7, '2040-01-01', NULL, 'ml', 1000.00, 'g', NULL, 0, NULL, NULL, NULL, NULL, NULL, NULL, NULL, NULL, NULL, NULL, 0, 0, 0, 0, 0, 0, 6, 3, 101, NULL),
	(116, 1, 'MYPROTEIN, Impact Whey Protein, шоколад-кокос, 1000 г', '116', NULL, NULL, NULL, NULL, NULL, '2018-08-09 15:51:23', '2018-08-09 16:07:32', NULL, 0, 7, '2040-01-01', NULL, 'ml', 1000.00, 'g', NULL, 0, NULL, NULL, NULL, NULL, NULL, NULL, NULL, NULL, NULL, NULL, 0, 0, 0, 0, 0, 0, 13, 3, 101, NULL),
	(117, 1, 'MYPROTEIN, Impact Whey Protein, шоколад-апельсин, 1000 г', '117', NULL, NULL, NULL, NULL, NULL, '2018-08-09 15:51:23', '2018-08-09 16:07:32', NULL, 0, 7, '2040-01-01', NULL, 'ml', 1000.00, 'g', NULL, 0, NULL, NULL, NULL, NULL, NULL, NULL, NULL, NULL, NULL, NULL, 0, 0, 0, 0, 0, 0, 39, 3, 101, NULL),
	(118, 1, 'MYPROTEIN, Impact Whey Protein, шоколад-орех, 1000 г', '118', NULL, NULL, NULL, NULL, NULL, '2018-08-09 15:51:23', '2018-08-09 16:07:32', NULL, 0, 7, '2040-01-01', NULL, 'ml', 1000.00, 'g', NULL, 0, NULL, NULL, NULL, NULL, NULL, NULL, NULL, NULL, NULL, NULL, 0, 0, 0, 0, 0, 0, 40, 3, 101, NULL),
	(119, 1, 'MYPROTEIN, Impact Whey Protein, шоколад, 2500 г', '119', NULL, NULL, NULL, NULL, NULL, '2018-08-09 15:51:23', '2018-08-09 16:07:32', NULL, 0, 7, '2040-01-01', NULL, 'ml', 2500.00, 'g', NULL, 0, NULL, NULL, NULL, NULL, NULL, NULL, NULL, NULL, NULL, NULL, 0, 0, 0, 0, 0, 0, 6, 3, 101, NULL),
	(120, 1, 'MYPROTEIN, Impact Whey Protein, шоколад-орех, 2500 г', '120', NULL, NULL, NULL, NULL, NULL, '2018-08-09 15:51:23', '2018-08-09 16:07:32', NULL, 0, 7, '2040-01-01', NULL, 'ml', 2500.00, 'g', NULL, 0, NULL, NULL, NULL, NULL, NULL, NULL, NULL, NULL, NULL, NULL, 0, 0, 0, 0, 0, 0, 40, 3, 101, NULL),
	(121, 1, 'MYPROTEIN, Impact Whey Protein, клубника-крем, 2500 г', '121', NULL, NULL, NULL, NULL, NULL, '2018-08-09 15:51:23', '2018-08-09 16:07:32', NULL, 0, 7, '2040-01-01', NULL, 'ml', 2500.00, 'g', NULL, 0, NULL, NULL, NULL, NULL, NULL, NULL, NULL, NULL, NULL, NULL, 0, 0, 0, 0, 0, 0, 41, 3, 101, NULL),
	(122, 1, 'MYPROTEIN, Impact Whey Protein, летние фрукты, 2500 г', '122', NULL, NULL, NULL, NULL, NULL, '2018-08-09 15:51:23', '2018-08-09 16:07:32', NULL, 0, 7, '2040-01-01', NULL, 'ml', 2500.00, 'g', NULL, 0, NULL, NULL, NULL, NULL, NULL, NULL, NULL, NULL, NULL, NULL, 0, 0, 0, 0, 0, 0, 42, 3, 101, NULL),
	(123, 1, 'MYPROTEIN, Impact Whey Protein, мокка, 2500 г', '123', NULL, NULL, NULL, NULL, NULL, '2018-08-09 15:51:23', '2018-08-09 16:07:32', NULL, 0, 7, '2040-01-01', NULL, 'ml', 2500.00, 'g', NULL, 0, NULL, NULL, NULL, NULL, NULL, NULL, NULL, NULL, NULL, NULL, 0, 0, 0, 0, 0, 0, 43, 3, 101, NULL),
	(124, 1, 'UNS, Econo Instant, банановое мороженое, 1800 г', '124', NULL, NULL, NULL, NULL, NULL, '2018-08-09 15:51:23', '2018-08-09 16:07:32', NULL, 0, 14, '2040-01-01', NULL, 'ml', 1800.00, 'g', NULL, 0, NULL, NULL, NULL, NULL, NULL, NULL, NULL, NULL, NULL, NULL, 0, 0, 0, 0, 0, 0, 38, 3, 616, NULL),
	(125, 1, 'UNS, Econo Instant, молочный шоколад, 1800 г', '125', NULL, NULL, NULL, NULL, NULL, '2018-08-09 15:51:23', '2018-08-09 16:07:32', NULL, 0, 14, '2040-01-01', NULL, 'ml', 1800.00, 'g', NULL, 0, NULL, NULL, NULL, NULL, NULL, NULL, NULL, NULL, NULL, NULL, 0, 0, 0, 0, 0, 0, 17, 3, 616, NULL),
	(126, 1, 'UNS, Econo Instant, орехово-шоколадное мороженное, 1800 г', '126', NULL, NULL, NULL, NULL, NULL, '2018-08-09 15:51:23', '2018-08-09 16:07:32', NULL, 0, 14, '2040-01-01', NULL, 'ml', 1800.00, 'g', NULL, 0, NULL, NULL, NULL, NULL, NULL, NULL, NULL, NULL, NULL, NULL, 0, 0, 0, 0, 0, 0, 44, 3, 616, NULL),
	(127, 1, 'UNS, Econo Instant протеин, орехово-шоколадное мороженное, 900 г', '127', NULL, NULL, NULL, NULL, NULL, '2018-08-09 15:51:23', '2018-08-09 16:07:32', NULL, 0, 14, '2040-01-01', NULL, 'ml', 900.00, 'g', NULL, 0, NULL, NULL, NULL, NULL, NULL, NULL, NULL, NULL, NULL, NULL, 0, 0, 0, 0, 0, 0, 44, 3, 616, NULL),
	(128, 1, 'UNS, Econo Instant, сникерс, 900 г', '128', NULL, NULL, NULL, NULL, NULL, '2018-08-09 15:51:23', '2018-08-09 16:07:32', NULL, 0, 14, '2040-01-01', NULL, 'ml', 900.00, 'g', NULL, 0, NULL, NULL, NULL, NULL, NULL, NULL, NULL, NULL, NULL, NULL, 0, 0, 0, 0, 0, 0, 34, 3, 616, NULL),
	(129, 1, 'UNS, Econo Instant, белый шоколад, 900 г', '129', NULL, NULL, NULL, NULL, NULL, '2018-08-09 15:51:23', '2018-08-09 16:07:32', NULL, 0, 14, '2040-01-01', NULL, 'ml', 900.00, 'g', NULL, 0, NULL, NULL, NULL, NULL, NULL, NULL, NULL, NULL, NULL, NULL, 0, 0, 0, 0, 0, 0, 45, 3, 616, NULL),
	(130, 1, 'Biotech USA Nutrition, Beef Protein, шоколад-кокос, 500 г', '130', NULL, NULL, NULL, NULL, NULL, '2018-08-09 15:51:23', '2018-08-09 16:07:32', NULL, 0, 6, '2040-01-01', NULL, 'ml', 500.00, 'g', NULL, 0, NULL, NULL, NULL, NULL, NULL, NULL, NULL, NULL, NULL, NULL, 0, 0, 0, 0, 0, 0, 13, 3, 840, NULL),
	(131, 1, 'Biotech USA Nutrition, Beef Protein, клубника, 500 г', '131', NULL, NULL, NULL, NULL, NULL, '2018-08-09 15:51:23', '2018-08-09 16:07:32', NULL, 0, 6, '2040-01-01', NULL, 'ml', 500.00, 'g', NULL, 0, NULL, NULL, NULL, NULL, NULL, NULL, NULL, NULL, NULL, NULL, 0, 0, 0, 0, 0, 0, 8, 3, 840, NULL),
	(132, 1, 'Biotech USA Nutrition, Beef Protein, шоколад-кокос, 1816 г', '132', NULL, NULL, NULL, NULL, NULL, '2018-08-09 15:51:23', '2018-08-09 16:07:32', NULL, 0, 6, '2040-01-01', NULL, 'ml', 1816.00, 'g', NULL, 0, NULL, NULL, NULL, NULL, NULL, NULL, NULL, NULL, NULL, NULL, 0, 0, 0, 0, 0, 0, 13, 3, 840, NULL),
	(133, 1, 'Biotech USA Nutrition, Beef Protein, ванила-синамон, 1816 г', '133', NULL, NULL, NULL, NULL, NULL, '2018-08-09 15:51:23', '2018-08-09 16:07:32', NULL, 0, 6, '2040-01-01', NULL, 'ml', 1816.00, 'g', NULL, 0, NULL, NULL, NULL, NULL, NULL, NULL, NULL, NULL, NULL, NULL, 0, 0, 0, 0, 0, 0, 46, 3, 840, NULL),
	(134, 1, 'MYPROTEIN, CarniPro (Hydrolysed Beef Protein), ваниль, 1000 г ', '134', NULL, NULL, NULL, NULL, NULL, '2018-08-09 15:51:23', '2018-08-09 16:07:32', NULL, 0, 7, '2040-01-01', NULL, 'ml', 1000.00, 'g', NULL, 0, NULL, NULL, NULL, NULL, NULL, NULL, NULL, NULL, NULL, NULL, 0, 0, 0, 0, 0, 0, 7, 3, 101, NULL),
	(135, 1, 'MYPROTEIN, CarniPro (Hydrolysed Beef Protein), ваниль, 2500 г ', '135', NULL, NULL, NULL, NULL, NULL, '2018-08-09 15:51:23', '2018-08-09 16:07:32', NULL, 0, 7, '2040-01-01', NULL, 'ml', 2500.00, 'g', NULL, 0, NULL, NULL, NULL, NULL, NULL, NULL, NULL, NULL, NULL, NULL, 0, 0, 0, 0, 0, 0, 7, 3, 101, NULL),
	(136, 1, 'Scitec Nutrition, Form Vegan Protein, хрустящая ириска, 450 г', '136', NULL, NULL, NULL, NULL, NULL, '2018-08-09 15:51:23', '2018-08-09 16:07:32', NULL, 0, 10, '2040-01-01', NULL, 'ml', 450.00, 'g', NULL, 0, NULL, NULL, NULL, NULL, NULL, NULL, NULL, NULL, NULL, NULL, 0, 0, 0, 0, 0, 0, 47, 3, 840, NULL),
	(137, 1, 'Scitec Nutrition, Form Vegan Protein, шоколад, 450 г', '137', NULL, NULL, NULL, NULL, NULL, '2018-08-09 15:51:23', '2018-08-09 16:07:32', NULL, 0, 10, '2040-01-01', NULL, 'ml', 450.00, 'g', NULL, 0, NULL, NULL, NULL, NULL, NULL, NULL, NULL, NULL, NULL, NULL, 0, 0, 0, 0, 0, 0, 6, 3, 840, NULL),
	(138, 1, 'Biotech USA Nutrition, Rice Protein, лесные фрукты, 500 г', '138', NULL, NULL, NULL, NULL, NULL, '2018-08-09 15:51:23', '2018-08-09 16:07:32', NULL, 0, 6, '2040-01-01', NULL, 'ml', 500.00, 'g', NULL, 0, NULL, NULL, NULL, NULL, NULL, NULL, NULL, NULL, NULL, NULL, 0, 0, 0, 0, 0, 0, 42, 3, 840, NULL),
	(139, 1, 'Biotech USA Nutrition, Rice Protein, шоколад-цинамон, 500 г', '139', NULL, NULL, NULL, NULL, NULL, '2018-08-09 15:51:23', '2018-08-09 16:07:32', NULL, 0, 6, '2040-01-01', NULL, 'ml', 500.00, 'g', NULL, 0, NULL, NULL, NULL, NULL, NULL, NULL, NULL, NULL, NULL, NULL, 0, 0, 0, 0, 0, 0, 48, 3, 840, NULL),
	(140, 1, 'Biotech USA Nutrition, Protein Power, клубника-банан, 1000 г', '140', NULL, NULL, NULL, NULL, NULL, '2018-08-09 15:51:23', '2018-08-09 16:07:32', NULL, 0, 6, '2040-01-01', NULL, 'ml', 1000.00, 'g', NULL, 0, NULL, NULL, NULL, NULL, NULL, NULL, NULL, NULL, NULL, NULL, 0, 0, 0, 0, 0, 0, 9, 3, 840, NULL),
	(141, 1, 'Biotech USA Nutrition, Protein Power, шоколад, 1000 г', '141', NULL, NULL, NULL, NULL, NULL, '2018-08-09 15:51:23', '2018-08-09 16:07:32', NULL, 0, 6, '2040-01-01', NULL, 'ml', 1000.00, 'g', NULL, 0, NULL, NULL, NULL, NULL, NULL, NULL, NULL, NULL, NULL, NULL, 0, 0, 0, 0, 0, 0, 6, 3, 840, NULL),
	(142, 1, 'Biotech USA Nutrition, Protein Power, ваниль 1000 г', '142', NULL, NULL, NULL, NULL, NULL, '2018-08-09 15:51:23', '2018-08-09 16:07:32', NULL, 0, 6, '2040-01-01', NULL, 'ml', 1000.00, 'g', NULL, 0, NULL, NULL, NULL, NULL, NULL, NULL, NULL, NULL, NULL, NULL, 0, 0, 0, 0, 0, 0, 7, 3, 840, NULL),
	(143, 1, 'Biotech USA Nutrition, Protein Power, клубника-банан, 4000 г', '143', NULL, NULL, NULL, NULL, NULL, '2018-08-09 15:51:23', '2018-08-09 16:07:32', NULL, 0, 6, '2040-01-01', NULL, 'ml', 4000.00, 'g', NULL, 0, NULL, NULL, NULL, NULL, NULL, NULL, NULL, NULL, NULL, NULL, 0, 0, 0, 0, 0, 0, 9, 3, 840, NULL),
	(144, 1, 'Biotech USA Nutrition, Protein Power, шоколад, 4000 г', '144', NULL, NULL, NULL, NULL, NULL, '2018-08-09 15:51:23', '2018-08-09 16:07:32', NULL, 0, 6, '2040-01-01', NULL, 'ml', 4000.00, 'g', NULL, 0, NULL, NULL, NULL, NULL, NULL, NULL, NULL, NULL, NULL, NULL, 0, 0, 0, 0, 0, 0, 6, 3, 840, NULL),
	(145, 1, 'Biotech USA Nutrition, Protein Power, ваниль, 4000 г', '145', NULL, NULL, NULL, NULL, NULL, '2018-08-09 15:51:23', '2018-08-09 16:07:32', NULL, 0, 6, '2040-01-01', NULL, 'ml', 4000.00, 'g', NULL, 0, NULL, NULL, NULL, NULL, NULL, NULL, NULL, NULL, NULL, NULL, 0, 0, 0, 0, 0, 0, 7, 3, 840, NULL),
	(146, 1, 'Muscle Pharm, Combat, персик, 1800 г', '146', NULL, NULL, NULL, NULL, NULL, '2018-08-09 15:51:24', '2018-08-09 16:07:32', NULL, 0, 13, '2040-01-01', NULL, 'ml', 1800.00, 'g', NULL, 0, NULL, NULL, NULL, NULL, NULL, NULL, NULL, NULL, NULL, NULL, 0, 0, 0, 0, 0, 0, 24, 3, 840, NULL),
	(147, 1, 'Muscle Pharm, Combat, ягодный микс, 1800 г', '147', NULL, NULL, NULL, NULL, NULL, '2018-08-09 15:51:24', '2018-08-09 16:07:32', NULL, 0, 13, '2040-01-01', NULL, 'ml', 1800.00, 'g', NULL, 0, NULL, NULL, NULL, NULL, NULL, NULL, NULL, NULL, NULL, NULL, 0, 0, 0, 0, 0, 0, 49, 3, 840, NULL),
	(148, 1, 'Muscle Pharm, Combat, ваниль, 1800 г', '148', NULL, NULL, NULL, NULL, NULL, '2018-08-09 15:51:24', '2018-08-09 16:07:32', NULL, 0, 13, '2040-01-01', NULL, 'ml', 1800.00, 'g', NULL, 0, NULL, NULL, NULL, NULL, NULL, NULL, NULL, NULL, NULL, NULL, 0, 0, 0, 0, 0, 0, 7, 3, 840, NULL),
	(149, 1, 'Muscle Pharm, Combat, банановый крем, 1800 г', '149', NULL, NULL, NULL, NULL, NULL, '2018-08-09 15:51:24', '2018-08-09 16:07:32', NULL, 0, 13, '2040-01-01', NULL, 'ml', 1800.00, 'g', NULL, 0, NULL, NULL, NULL, NULL, NULL, NULL, NULL, NULL, NULL, NULL, 0, 0, 0, 0, 0, 0, 50, 3, 840, NULL),
	(150, 1, 'Muscle Pharm, Combat, печенье и крем, 1800 г', '150', NULL, NULL, NULL, NULL, NULL, '2018-08-09 15:51:24', '2018-08-09 16:07:32', NULL, 0, 13, '2040-01-01', NULL, 'ml', 1800.00, 'g', NULL, 0, NULL, NULL, NULL, NULL, NULL, NULL, NULL, NULL, NULL, NULL, 0, 0, 0, 0, 0, 0, 18, 3, 840, NULL),
	(151, 1, 'Biotech USA Nutrition, Muscle Mass, клубника, 1000 г', '151', NULL, NULL, NULL, NULL, NULL, '2018-08-09 15:51:24', '2018-08-09 16:07:32', NULL, 0, 6, '2040-01-01', NULL, 'ml', 1000.00, 'g', NULL, 0, NULL, NULL, NULL, NULL, NULL, NULL, NULL, NULL, NULL, NULL, 0, 0, 0, 0, 0, 0, 8, 3, 840, NULL),
	(152, 1, 'Biotech USA Nutrition, Muscle Mass, шоколад, 1000 г', '152', NULL, NULL, NULL, NULL, NULL, '2018-08-09 15:51:24', '2018-08-09 16:07:32', NULL, 0, 6, '2040-01-01', NULL, 'ml', 1000.00, 'g', NULL, 0, NULL, NULL, NULL, NULL, NULL, NULL, NULL, NULL, NULL, NULL, 0, 0, 0, 0, 0, 0, 6, 3, 840, NULL),
	(153, 1, 'Biotech USA Nutrition, Muscle Mass, клубника, 4500 г', '153', NULL, NULL, NULL, NULL, NULL, '2018-08-09 15:51:24', '2018-08-09 16:07:32', NULL, 0, 6, '2040-01-01', NULL, 'ml', 4500.00, 'g', NULL, 0, NULL, NULL, NULL, NULL, NULL, NULL, NULL, NULL, NULL, NULL, 0, 0, 0, 0, 0, 0, 8, 3, 840, NULL),
	(154, 1, 'Biotech USA Nutrition, Muscle Mass, ваниль, 4500 г', '154', NULL, NULL, NULL, NULL, NULL, '2018-08-09 15:51:24', '2018-08-09 16:07:32', NULL, 0, 6, '2040-01-01', NULL, 'ml', 4500.00, 'g', NULL, 0, NULL, NULL, NULL, NULL, NULL, NULL, NULL, NULL, NULL, NULL, 0, 0, 0, 0, 0, 0, 7, 3, 840, NULL),
	(155, 1, 'Biotech USA Nutrition, Muscle Mass, шоколад, 4500 г', '155', NULL, NULL, NULL, NULL, NULL, '2018-08-09 15:51:24', '2018-08-09 16:07:32', NULL, 0, 6, '2040-01-01', NULL, 'ml', 4500.00, 'g', NULL, 0, NULL, NULL, NULL, NULL, NULL, NULL, NULL, NULL, NULL, NULL, 0, 0, 0, 0, 0, 0, 6, 3, 840, NULL),
	(156, 1, 'PowerPro, Gainer, банан, 1000 г', '156', NULL, NULL, NULL, NULL, NULL, '2018-08-09 15:51:24', '2018-08-09 16:07:32', NULL, 0, 11, '2040-01-01', NULL, 'ml', 1000.00, 'g', NULL, 0, NULL, NULL, NULL, NULL, NULL, NULL, NULL, NULL, NULL, NULL, 0, 0, 0, 0, 0, 0, 12, 3, 804, NULL),
	(157, 1, 'PowerPro, Gainer, кокос, 1000 г', '157', NULL, NULL, NULL, NULL, NULL, '2018-08-09 15:51:24', '2018-08-09 16:07:32', NULL, 0, 11, '2040-01-01', NULL, 'ml', 1000.00, 'g', NULL, 0, NULL, NULL, NULL, NULL, NULL, NULL, NULL, NULL, NULL, NULL, 0, 0, 0, 0, 0, 0, 1, 3, 804, NULL),
	(158, 1, 'PowerPro, Gainer, лесная ягода, 2000 г', '158', NULL, NULL, NULL, NULL, NULL, '2018-08-09 15:51:24', '2018-08-09 16:07:32', NULL, 0, 11, '2040-01-01', NULL, 'ml', 2000.00, 'g', NULL, 0, NULL, NULL, NULL, NULL, NULL, NULL, NULL, NULL, NULL, NULL, 0, 0, 0, 0, 0, 0, 51, 3, 804, NULL),
	(159, 1, 'Universal Nutrition, Real Gains, ваниль, 3100 г', '159', NULL, NULL, NULL, NULL, NULL, '2018-08-09 15:51:24', '2018-08-09 16:07:32', NULL, 0, 15, '2040-01-01', NULL, 'ml', 3100.00, 'g', NULL, 0, NULL, NULL, NULL, NULL, NULL, NULL, NULL, NULL, NULL, NULL, 0, 0, 0, 0, 0, 0, 7, 3, 840, NULL),
	(160, 1, 'Universal Nutrition, Real Gains, клубника, 3100 г', '160', NULL, NULL, NULL, NULL, NULL, '2018-08-09 15:51:24', '2018-08-09 16:07:32', NULL, 0, 15, '2040-01-01', NULL, 'ml', 3100.00, 'g', NULL, 0, NULL, NULL, NULL, NULL, NULL, NULL, NULL, NULL, NULL, NULL, 0, 0, 0, 0, 0, 0, 8, 3, 840, NULL),
	(161, 1, 'Universal Nutrition, Real Gains, банан, 3100 г', '161', NULL, NULL, NULL, NULL, NULL, '2018-08-09 15:51:24', '2018-08-09 16:07:32', NULL, 0, 15, '2040-01-01', NULL, 'ml', 3100.00, 'g', NULL, 0, NULL, NULL, NULL, NULL, NULL, NULL, NULL, NULL, NULL, NULL, 0, 0, 0, 0, 0, 0, 12, 3, 840, NULL),
	(162, 1, 'Universal Nutrition, Real Gains, шоколад, 3100 г', '162', NULL, NULL, NULL, NULL, NULL, '2018-08-09 15:51:24', '2018-08-09 16:07:32', NULL, 0, 15, '2040-01-01', NULL, 'ml', 3100.00, 'g', NULL, 0, NULL, NULL, NULL, NULL, NULL, NULL, NULL, NULL, NULL, NULL, 0, 0, 0, 0, 0, 0, 6, 3, 840, NULL),
	(163, 1, 'BSN, True Mass 1200, шоколад, 4500 г', '163', NULL, NULL, NULL, NULL, NULL, '2018-08-09 15:51:24', '2018-08-09 16:07:32', NULL, 0, 9, '2040-01-01', NULL, 'ml', 4500.00, 'g', NULL, 0, NULL, NULL, NULL, NULL, NULL, NULL, NULL, NULL, NULL, NULL, 0, 0, 0, 0, 0, 0, 6, 3, 840, NULL),
	(164, 1, 'Ultimate Nutrition, Muscle Juice Revolution 2600, клубника, 5000 г', '164', NULL, NULL, NULL, NULL, NULL, '2018-08-09 15:51:24', '2018-08-09 16:07:32', NULL, 0, 15, '2040-01-01', NULL, 'ml', 5000.00, 'g', NULL, 0, NULL, NULL, NULL, NULL, NULL, NULL, NULL, NULL, NULL, NULL, 0, 0, 0, 0, 0, 0, 8, 3, 840, NULL),
	(165, 1, 'Ultimate Nutrition, Muscle Juice Revolution 2600, ваниль, 5000 г', '165', NULL, NULL, NULL, NULL, NULL, '2018-08-09 15:51:24', '2018-08-09 16:07:32', NULL, 0, 15, '2040-01-01', NULL, 'ml', 5000.00, 'g', NULL, 0, NULL, NULL, NULL, NULL, NULL, NULL, NULL, NULL, NULL, NULL, 0, 0, 0, 0, 0, 0, 7, 3, 840, NULL),
	(166, 1, 'Ultimate Nutrition, Muscle Juice Revolution 2600, печенье и крем, 5000 г', '166', NULL, NULL, NULL, NULL, NULL, '2018-08-09 15:51:24', '2018-08-09 16:07:32', NULL, 0, 15, '2040-01-01', NULL, 'ml', 5000.00, 'g', NULL, 0, NULL, NULL, NULL, NULL, NULL, NULL, NULL, NULL, NULL, NULL, 0, 0, 0, 0, 0, 0, 18, 3, 840, NULL),
	(167, 1, 'Ultimate Nutrition, Muscle Juice Revolution 2600, банан, 5000 г', '167', NULL, NULL, NULL, NULL, NULL, '2018-08-09 15:51:24', '2018-08-09 16:07:32', NULL, 0, 15, '2040-01-01', NULL, 'ml', 5000.00, 'g', NULL, 0, NULL, NULL, NULL, NULL, NULL, NULL, NULL, NULL, NULL, NULL, 0, 0, 0, 0, 0, 0, 12, 3, 840, NULL),
	(168, 1, 'UNS, Mass Shocker Гейнер, печенье, 1000 г', '168', NULL, NULL, NULL, NULL, NULL, '2018-08-09 15:51:24', '2018-08-09 16:07:32', NULL, 0, 14, '2040-01-01', NULL, 'ml', 1000.00, 'g', NULL, 0, NULL, NULL, NULL, NULL, NULL, NULL, NULL, NULL, NULL, NULL, 0, 0, 0, 0, 0, 0, 52, 3, 616, NULL),
	(169, 1, 'UNS, Mass Shocker Гейнер, клубника, 1000 г', '169', NULL, NULL, NULL, NULL, NULL, '2018-08-09 15:51:24', '2018-08-09 16:07:32', NULL, 0, 14, '2040-01-01', NULL, 'ml', 1000.00, 'g', NULL, 0, NULL, NULL, NULL, NULL, NULL, NULL, NULL, NULL, NULL, NULL, 0, 0, 0, 0, 0, 0, 8, 3, 616, NULL),
	(170, 1, 'UNS, Mass Shocker Гейнер, ириска, 1000 г', '170', NULL, NULL, NULL, NULL, NULL, '2018-08-09 15:51:24', '2018-08-09 16:07:32', NULL, 0, 14, '2040-01-01', NULL, 'ml', 1000.00, 'g', NULL, 0, NULL, NULL, NULL, NULL, NULL, NULL, NULL, NULL, NULL, NULL, 0, 0, 0, 0, 0, 0, 53, 3, 616, NULL),
	(171, 1, 'UNS, Mass Shocker Гейнер, ваниль, 1000 г', '171', NULL, NULL, NULL, NULL, NULL, '2018-08-09 15:51:24', '2018-08-09 16:07:32', NULL, 0, 14, '2040-01-01', NULL, 'ml', 1000.00, 'g', NULL, 0, NULL, NULL, NULL, NULL, NULL, NULL, NULL, NULL, NULL, NULL, 0, 0, 0, 0, 0, 0, 7, 3, 616, NULL),
	(172, 1, 'UNS, Mass Shocker Гейнер, печенье, 4000 г', '172', NULL, NULL, NULL, NULL, NULL, '2018-08-09 15:51:24', '2018-08-09 16:07:32', NULL, 0, 14, '2040-01-01', NULL, 'ml', 4000.00, 'g', NULL, 0, NULL, NULL, NULL, NULL, NULL, NULL, NULL, NULL, NULL, NULL, 0, 0, 0, 0, 0, 0, 52, 3, 616, NULL),
	(173, 1, 'UNS, Mass Shocker Гейнер, клубника, 4000 г', '173', NULL, NULL, NULL, NULL, NULL, '2018-08-09 15:51:24', '2018-08-09 16:07:32', NULL, 0, 14, '2040-01-01', NULL, 'ml', 4000.00, 'g', NULL, 0, NULL, NULL, NULL, NULL, NULL, NULL, NULL, NULL, NULL, NULL, 0, 0, 0, 0, 0, 0, 8, 3, 616, NULL),
	(174, 1, 'UNS, Mass Shocker Гейнер, ваниль, 4000 г', '174', NULL, NULL, NULL, NULL, NULL, '2018-08-09 15:51:24', '2018-08-09 16:07:32', NULL, 0, 14, '2040-01-01', NULL, 'ml', 4000.00, 'g', NULL, 0, NULL, NULL, NULL, NULL, NULL, NULL, NULL, NULL, NULL, NULL, 0, 0, 0, 0, 0, 0, 7, 3, 616, NULL),
	(175, 1, 'Biotech USA Nutrition, Hyper Mass 5000, малиновый йогурт, 1000 г', '175', NULL, NULL, NULL, NULL, NULL, '2018-08-09 15:51:24', '2018-08-09 16:07:32', NULL, 0, 6, '2040-01-01', NULL, 'ml', 1000.00, 'g', NULL, 0, NULL, NULL, NULL, NULL, NULL, NULL, NULL, NULL, NULL, NULL, 0, 0, 0, 0, 0, 0, 54, 3, 840, NULL),
	(176, 1, 'Biotech USA Nutrition, Hyper Mass 5000, шоколад, 1000 г', '176', NULL, NULL, NULL, NULL, NULL, '2018-08-09 15:51:24', '2018-08-09 16:07:32', NULL, 0, 6, '2040-01-01', NULL, 'ml', 1000.00, 'g', NULL, 0, NULL, NULL, NULL, NULL, NULL, NULL, NULL, NULL, NULL, NULL, 0, 0, 0, 0, 0, 0, 6, 3, 840, NULL),
	(177, 1, 'Biotech USA Nutrition, Hyper Mass 5000, шоколад, 4500 г', '177', NULL, NULL, NULL, NULL, NULL, '2018-08-09 15:51:24', '2018-08-09 16:07:32', NULL, 0, 6, '2040-01-01', NULL, 'ml', 4500.00, 'g', NULL, 0, NULL, NULL, NULL, NULL, NULL, NULL, NULL, NULL, NULL, NULL, 0, 0, 0, 0, 0, 0, 6, 3, 840, NULL),
	(178, 1, 'Biotech USA Nutrition, Hyper Mass 5000, ваниль, 4500 г', '178', NULL, NULL, NULL, NULL, NULL, '2018-08-09 15:51:24', '2018-08-09 16:07:32', NULL, 0, 6, '2040-01-01', NULL, 'ml', 4500.00, 'g', NULL, 0, NULL, NULL, NULL, NULL, NULL, NULL, NULL, NULL, NULL, NULL, 0, 0, 0, 0, 0, 0, 7, 3, 840, NULL),
	(179, 1, 'Biotech USA Nutrition, Hyper Mass 5000, малиновый йогурт, 4500 г', '179', NULL, NULL, NULL, NULL, NULL, '2018-08-09 15:51:24', '2018-08-09 16:07:32', NULL, 0, 6, '2040-01-01', NULL, 'ml', 4500.00, 'g', NULL, 0, NULL, NULL, NULL, NULL, NULL, NULL, NULL, NULL, NULL, NULL, 0, 0, 0, 0, 0, 0, 54, 3, 840, NULL),
	(180, 1, 'Optimum Nutrition, Gold Standart Gainer, ваниль, 2300 г', '180', NULL, NULL, NULL, NULL, NULL, '2018-08-09 15:51:24', '2018-08-09 16:07:32', NULL, 0, 8, '2040-01-01', NULL, 'ml', 2300.00, 'g', NULL, 0, NULL, NULL, NULL, NULL, NULL, NULL, NULL, NULL, NULL, NULL, 0, 0, 0, 0, 0, 0, 7, 3, 840, NULL),
	(181, 1, 'Optimum Nutrition, Gold Standart Gainer, шоколад, 2300 г', '181', NULL, NULL, NULL, NULL, NULL, '2018-08-09 15:51:24', '2018-08-09 16:07:32', NULL, 0, 8, '2040-01-01', NULL, 'ml', 2300.00, 'g', NULL, 0, NULL, NULL, NULL, NULL, NULL, NULL, NULL, NULL, NULL, NULL, 0, 0, 0, 0, 0, 0, 6, 3, 840, NULL),
	(182, 1, 'Optimum Nutrition, Serious Mass, клубника, 2700 г', '182', NULL, NULL, NULL, NULL, NULL, '2018-08-09 15:51:24', '2018-08-09 16:07:32', NULL, 0, 8, '2040-01-01', NULL, 'ml', 2700.00, 'g', NULL, 0, NULL, NULL, NULL, NULL, NULL, NULL, NULL, NULL, NULL, NULL, 0, 0, 0, 0, 0, 0, 8, 3, 840, NULL),
	(183, 1, 'Optimum Nutrition, Serious Mass, ваниль, 2700 г', '183', NULL, NULL, NULL, NULL, NULL, '2018-08-09 15:51:24', '2018-08-09 16:07:32', NULL, 0, 8, '2040-01-01', NULL, 'ml', 2700.00, 'g', NULL, 0, NULL, NULL, NULL, NULL, NULL, NULL, NULL, NULL, NULL, NULL, 0, 0, 0, 0, 0, 0, 7, 3, 840, NULL),
	(184, 1, 'Optimum Nutrition, Serious Mass, шоколад, 2700 г', '184', NULL, NULL, NULL, NULL, NULL, '2018-08-09 15:51:24', '2018-08-09 16:07:32', NULL, 0, 8, '2040-01-01', NULL, 'ml', 2700.00, 'g', NULL, 0, NULL, NULL, NULL, NULL, NULL, NULL, NULL, NULL, NULL, NULL, 0, 0, 0, 0, 0, 0, 6, 3, 840, NULL),
	(185, 1, 'Optimum Nutrition, Serious Mass, ваниль, 5450 г', '185', NULL, NULL, NULL, NULL, NULL, '2018-08-09 15:51:24', '2018-08-09 16:07:32', NULL, 0, 8, '2040-01-01', NULL, 'ml', 5450.00, 'g', NULL, 0, NULL, NULL, NULL, NULL, NULL, NULL, NULL, NULL, NULL, NULL, 0, 0, 0, 0, 0, 0, 7, 3, 840, NULL),
	(186, 1, 'Optimum Nutrition, Serious Mass, банан, 5450 г', '186', NULL, NULL, NULL, NULL, NULL, '2018-08-09 15:51:24', '2018-08-09 16:07:32', NULL, 0, 8, '2040-01-01', NULL, 'ml', 5450.00, 'g', NULL, 0, NULL, NULL, NULL, NULL, NULL, NULL, NULL, NULL, NULL, NULL, 0, 0, 0, 0, 0, 0, 12, 3, 840, NULL),
	(187, 1, 'Muscle Pharm, Iron Mass, банан со сливками, 2270 г', '187', NULL, NULL, NULL, NULL, NULL, '2018-08-09 15:51:24', '2018-08-09 16:07:32', NULL, 0, 13, '2040-01-01', NULL, 'ml', 2270.00, 'g', NULL, 0, NULL, NULL, NULL, NULL, NULL, NULL, NULL, NULL, NULL, NULL, 0, 0, 0, 0, 0, 0, 55, 3, 840, NULL),
	(188, 1, 'Muscle Pharm, Iron Mass, ваниль, 2270 г', '188', NULL, NULL, NULL, NULL, NULL, '2018-08-09 15:51:24', '2018-08-09 16:07:32', NULL, 0, 13, '2040-01-01', NULL, 'ml', 2270.00, 'g', NULL, 0, NULL, NULL, NULL, NULL, NULL, NULL, NULL, NULL, NULL, NULL, 0, 0, 0, 0, 0, 0, 7, 3, 840, NULL),
	(189, 1, 'Muscle Pharm, Iron Mass, шоколадный коктейль, 2270 г', '189', NULL, NULL, NULL, NULL, NULL, '2018-08-09 15:51:24', '2018-08-09 16:07:32', NULL, 0, 13, '2040-01-01', NULL, 'ml', 2270.00, 'g', NULL, 0, NULL, NULL, NULL, NULL, NULL, NULL, NULL, NULL, NULL, NULL, 0, 0, 0, 0, 0, 0, 56, 3, 840, NULL),
	(190, 1, 'Universal Nutrition, Gain Fast 3100, ваниль, 2300 г', '190', NULL, NULL, NULL, NULL, NULL, '2018-08-09 15:51:24', '2018-08-09 16:07:32', NULL, 0, 15, '2040-01-01', NULL, 'ml', 2300.00, 'g', NULL, 0, NULL, NULL, NULL, NULL, NULL, NULL, NULL, NULL, NULL, NULL, 0, 0, 0, 0, 0, 0, 7, 3, 840, NULL),
	(191, 1, 'Universal Nutrition, Gain Fast 3100, шоколад, 2300 г', '191', NULL, NULL, NULL, NULL, NULL, '2018-08-09 15:51:24', '2018-08-09 16:07:32', NULL, 0, 15, '2040-01-01', NULL, 'ml', 2300.00, 'g', NULL, 0, NULL, NULL, NULL, NULL, NULL, NULL, NULL, NULL, NULL, NULL, 0, 0, 0, 0, 0, 0, 6, 3, 840, NULL),
	(192, 1, 'Universal Nutrition, Gain Fast 3100, банан со сливками, 2300 г', '192', NULL, NULL, NULL, NULL, NULL, '2018-08-09 15:51:24', '2018-08-09 16:07:32', NULL, 0, 15, '2040-01-01', NULL, 'ml', 2300.00, 'g', NULL, 0, NULL, NULL, NULL, NULL, NULL, NULL, NULL, NULL, NULL, NULL, 0, 0, 0, 0, 0, 0, 55, 3, 840, NULL),
	(193, 1, 'Universal Nutrition, Gain Fast 3100, клубничный коктейль, 2300 г', '193', NULL, NULL, NULL, NULL, NULL, '2018-08-09 15:51:24', '2018-08-09 16:07:32', NULL, 0, 15, '2040-01-01', NULL, 'ml', 2300.00, 'g', NULL, 0, NULL, NULL, NULL, NULL, NULL, NULL, NULL, NULL, NULL, NULL, 0, 0, 0, 0, 0, 0, 57, 3, 840, NULL),
	(194, 1, 'Universal Nutrition, Animal Mass, шоколад, 2300 г', '194', NULL, NULL, NULL, NULL, NULL, '2018-08-09 15:51:24', '2018-08-09 16:07:32', NULL, 0, 15, '2040-01-01', NULL, 'ml', NULL, 'g', NULL, 0, NULL, NULL, NULL, NULL, NULL, NULL, NULL, NULL, NULL, NULL, 0, 0, 0, 0, 0, 0, 6, 3, 840, NULL),
	(195, 1, 'Universal Nutrition, Animal Mass, печенье и крем, 2300 г', '195', NULL, NULL, NULL, NULL, NULL, '2018-08-09 15:51:24', '2018-08-09 16:07:32', NULL, 0, 15, '2040-01-01', NULL, 'ml', 2300.00, 'g', NULL, 0, NULL, NULL, NULL, NULL, NULL, NULL, NULL, NULL, NULL, NULL, 0, 0, 0, 0, 0, 0, 18, 3, 840, NULL),
	(196, 1, 'Universal Nutrition, Animal Mass, ваниль, 2300 г', '196', NULL, NULL, NULL, NULL, NULL, '2018-08-09 15:51:25', '2018-08-09 16:07:32', NULL, 0, 15, '2040-01-01', NULL, 'ml', 2300.00, 'g', NULL, 0, NULL, NULL, NULL, NULL, NULL, NULL, NULL, NULL, NULL, NULL, 0, 0, 0, 0, 0, 0, 7, 3, 840, NULL),
	(197, 1, 'Universal Nutrition, Animal Mass, шоколад, 4500 г', '197', NULL, NULL, NULL, NULL, NULL, '2018-08-09 15:51:25', '2018-08-09 16:07:32', NULL, 0, 15, '2040-01-01', NULL, 'ml', 4500.00, 'g', NULL, 0, NULL, NULL, NULL, NULL, NULL, NULL, NULL, NULL, NULL, NULL, 0, 0, 0, 0, 0, 0, 6, 3, 840, NULL),
	(198, 1, 'Universal Nutrition, Animal Mass, печенье и крем, 4500 г', '198', NULL, NULL, NULL, NULL, NULL, '2018-08-09 15:51:25', '2018-08-09 16:07:32', NULL, 0, 15, '2040-01-01', NULL, 'ml', 4500.00, 'g', NULL, 0, NULL, NULL, NULL, NULL, NULL, NULL, NULL, NULL, NULL, NULL, 0, 0, 0, 0, 0, 0, 18, 3, 840, NULL),
	(199, 1, 'Universal Nutrition, Animal Mass, ваниль, 4500 г', '199', NULL, NULL, NULL, NULL, NULL, '2018-08-09 15:51:25', '2018-08-09 16:07:32', NULL, 0, 15, '2040-01-01', NULL, 'ml', 4500.00, 'g', NULL, 0, NULL, NULL, NULL, NULL, NULL, NULL, NULL, NULL, NULL, NULL, 0, 0, 0, 0, 0, 0, 7, 3, 840, NULL),
	(200, 1, 'UNS, Mass Attacker, орехово-шоколадное мороженое, 1000 г', '200', NULL, NULL, NULL, NULL, NULL, '2018-08-09 15:51:25', '2018-08-09 16:07:33', NULL, 0, 14, '2040-01-01', NULL, 'ml', 1000.00, 'g', NULL, 0, NULL, NULL, NULL, NULL, NULL, NULL, NULL, NULL, NULL, NULL, 0, 0, 0, 0, 0, 0, 44, 3, 616, NULL),
	(201, 1, 'UNS, Mass Attacker, апельсиновый чизкейк, 1000 г', '201', NULL, NULL, NULL, NULL, NULL, '2018-08-09 15:51:25', '2018-08-09 16:07:33', NULL, 0, 14, '2040-01-01', NULL, 'ml', 1000.00, 'g', NULL, 0, NULL, NULL, NULL, NULL, NULL, NULL, NULL, NULL, NULL, NULL, 0, 0, 0, 0, 0, 0, 58, 3, 616, NULL),
	(202, 1, 'UNS, Mass Attacker, клубничное мороженное, 1000 г', '202', NULL, NULL, NULL, NULL, NULL, '2018-08-09 15:51:25', '2018-08-09 16:07:33', NULL, 0, 14, '2040-01-01', NULL, 'ml', 1000.00, 'g', NULL, 0, NULL, NULL, NULL, NULL, NULL, NULL, NULL, NULL, NULL, NULL, 0, 0, 0, 0, 0, 0, 36, 3, 616, NULL),
	(203, 1, 'UNS, Mass Attacker, ириска, 1000 г', '203', NULL, NULL, NULL, NULL, NULL, '2018-08-09 15:51:25', '2018-08-09 16:07:33', NULL, 0, 14, '2040-01-01', NULL, 'ml', 1000.00, 'g', NULL, 0, NULL, NULL, NULL, NULL, NULL, NULL, NULL, NULL, NULL, NULL, 0, 0, 0, 0, 0, 0, 53, 3, 616, NULL),
	(204, 1, 'UNS, Mass Attacker, банановое мороженное, 1000 г', '204', NULL, NULL, NULL, NULL, NULL, '2018-08-09 15:51:25', '2018-08-09 16:07:33', NULL, 0, 14, '2040-01-01', NULL, 'ml', 1000.00, 'g', NULL, 0, NULL, NULL, NULL, NULL, NULL, NULL, NULL, NULL, NULL, NULL, 0, 0, 0, 0, 0, 0, 38, 3, 616, NULL),
	(205, 1, 'UNS, Mass Attacker, орехово-шоколадное мороженое, 3000 г', '205', NULL, NULL, NULL, NULL, NULL, '2018-08-09 15:51:25', '2018-08-09 16:07:33', NULL, 0, 14, '2040-01-01', NULL, 'ml', 3000.00, 'g', NULL, 0, NULL, NULL, NULL, NULL, NULL, NULL, NULL, NULL, NULL, NULL, 0, 0, 0, 0, 0, 0, 44, 3, 616, NULL),
	(206, 1, 'UNS, Mass Attacker, пинаколада, 3000 г', '206', NULL, NULL, NULL, NULL, NULL, '2018-08-09 15:51:25', '2018-08-09 16:07:33', NULL, 0, 14, '2040-01-01', NULL, 'ml', 3000.00, 'g', NULL, 0, NULL, NULL, NULL, NULL, NULL, NULL, NULL, NULL, NULL, NULL, 0, 0, 0, 0, 0, 0, 59, 3, 616, NULL),
	(207, 1, 'UNS, Mass Attacker, соленая карамель и арахисовое масло, 3000 г', '207', NULL, NULL, NULL, NULL, NULL, '2018-08-09 15:51:25', '2018-08-09 16:07:33', NULL, 0, 14, '2040-01-01', NULL, 'ml', 3000.00, 'g', NULL, 0, NULL, NULL, NULL, NULL, NULL, NULL, NULL, NULL, NULL, NULL, 0, 0, 0, 0, 0, 0, 60, 3, 616, NULL),
	(208, 1, 'Optimum Nutrition, BCAA 1000, 60 капсул', '208', NULL, NULL, NULL, NULL, NULL, '2018-08-09 15:51:25', '2018-08-09 16:07:33', NULL, 0, 8, '2040-01-01', NULL, 'ml', NULL, 'g', 60, 0, NULL, NULL, NULL, NULL, NULL, NULL, NULL, NULL, NULL, NULL, 0, 0, 0, 0, 0, 0, NULL, 2, 840, NULL),
	(209, 1, 'Optimum Nutrition, BCAA 1000, 200 капсул', '209', NULL, NULL, NULL, NULL, NULL, '2018-08-09 15:51:25', '2018-08-09 16:07:33', NULL, 0, 8, '2040-01-01', NULL, 'ml', NULL, 'g', 200, 0, NULL, NULL, NULL, NULL, NULL, NULL, NULL, NULL, NULL, NULL, 0, 0, 0, 0, 0, 0, NULL, 2, 840, NULL),
	(210, 1, 'Optimum Nutrition, Pro BCAA, фруктовый пунш, 390 г', '210', NULL, NULL, NULL, NULL, NULL, '2018-08-09 15:51:25', '2018-08-09 16:07:33', NULL, 0, 8, '2040-01-01', NULL, 'ml', 390.00, 'g', NULL, 0, NULL, NULL, NULL, NULL, NULL, NULL, NULL, NULL, NULL, NULL, 0, 0, 0, 0, 0, 0, 61, 3, 840, NULL),
	(211, 1, 'Optimum Nutrition, Pro BCAA, малиновый лимонад, 390 г', '211', NULL, NULL, NULL, NULL, NULL, '2018-08-09 15:51:25', '2018-08-09 16:07:33', NULL, 0, 8, '2040-01-01', NULL, 'ml', 390.00, 'g', NULL, 0, NULL, NULL, NULL, NULL, NULL, NULL, NULL, NULL, NULL, NULL, 0, 0, 0, 0, 0, 0, 62, 3, 840, NULL),
	(212, 1, 'Optimum Nutrition, BCAA 5000 powder, фруктовый пунш, 380 г', '212', NULL, NULL, NULL, NULL, NULL, '2018-08-09 15:51:25', '2018-08-09 16:07:33', NULL, 0, 8, '2040-01-01', NULL, 'ml', 380.00, 'g', NULL, 0, NULL, NULL, NULL, NULL, NULL, NULL, NULL, NULL, NULL, NULL, 0, 0, 0, 0, 0, 0, 61, NULL, 840, NULL),
	(213, 1, 'Optimum Nutrition, BCAA 5000 powder, апельсин, 380 г', '213', NULL, NULL, NULL, NULL, NULL, '2018-08-09 15:51:25', '2018-08-09 16:07:33', NULL, 0, 8, '2040-01-01', NULL, 'ml', 380.00, 'g', NULL, 0, NULL, NULL, NULL, NULL, NULL, NULL, NULL, NULL, NULL, NULL, 0, 0, 0, 0, 0, 0, 63, NULL, 840, NULL),
	(214, 1, 'PowerPro, Mega strong BCAA, 300 г', '214', NULL, NULL, NULL, NULL, NULL, '2018-08-09 15:51:25', '2018-08-09 16:07:33', NULL, 0, 11, '2040-01-01', NULL, 'ml', 300.00, 'g', NULL, 0, NULL, NULL, NULL, NULL, NULL, NULL, NULL, NULL, NULL, NULL, 0, 0, 0, 0, 0, 0, NULL, 3, 804, NULL),
	(216, 1, 'Country Life, Ресвератрол плюс, 60 веганских капсул', '216', NULL, NULL, NULL, NULL, NULL, '2018-08-09 15:51:25', '2018-08-09 16:07:33', NULL, 0, 16, NULL, NULL, 'ml', NULL, 'g', 60, 4, NULL, NULL, NULL, NULL, NULL, NULL, NULL, NULL, NULL, NULL, 0, 0, 0, 0, 0, 0, NULL, 2, NULL, NULL),
	(217, 1, 'Country Life, Ресвератрол плюс, 120 веганских капсул', '217', NULL, NULL, NULL, NULL, NULL, '2018-08-09 15:51:25', '2018-08-09 16:07:33', NULL, 0, 16, NULL, NULL, 'ml', NULL, 'g', 120, 2, NULL, NULL, NULL, NULL, NULL, NULL, NULL, NULL, NULL, NULL, 0, 0, 0, 0, 0, 0, NULL, 2, NULL, NULL),
	(218, 1, 'Doctor\'s Best, Кверцетин и Бромелаин, 180 капсул', '218', NULL, NULL, NULL, NULL, NULL, '2018-08-09 15:51:25', '2018-08-09 16:07:33', NULL, 0, 17, NULL, NULL, 'ml', NULL, 'g', 180, 4, NULL, NULL, NULL, NULL, NULL, NULL, NULL, NULL, NULL, NULL, 0, 0, 0, 0, 0, 0, NULL, 2, NULL, NULL),
	(220, 1, 'PowerPro, BCAA, грейпфрут, 500 г', '220', NULL, NULL, NULL, NULL, NULL, '2018-08-09 15:51:25', '2018-08-09 16:07:33', NULL, 0, 11, '2040-01-01', NULL, 'ml', 500.00, 'g', NULL, 0, NULL, NULL, NULL, NULL, NULL, NULL, NULL, NULL, NULL, NULL, 0, 0, 0, 0, 0, 0, 64, 3, 804, NULL),
	(221, 1, 'PowerPro, BCAA, апельсин, 500 г', '221', NULL, NULL, NULL, NULL, NULL, '2018-08-09 15:51:25', '2018-08-09 16:07:33', NULL, 0, 11, '2040-01-01', NULL, 'ml', 500.00, 'g', NULL, 0, NULL, NULL, NULL, NULL, NULL, NULL, NULL, NULL, NULL, NULL, 0, 0, 0, 0, 0, 0, 63, 3, 804, NULL),
	(222, 1, 'PowerPro, BCAA, клюква, 500 г', '222', NULL, NULL, NULL, NULL, NULL, '2018-08-09 15:51:25', '2018-08-09 16:07:33', NULL, 0, 11, '2040-01-01', NULL, 'ml', 500.00, 'g', NULL, 0, NULL, NULL, NULL, NULL, NULL, NULL, NULL, NULL, NULL, NULL, 0, 0, 0, 0, 0, 0, 65, 3, 804, NULL),
	(652, 1, 'PowerPro, BCAA, фруктовый пунш, 500 г', '652', NULL, NULL, NULL, NULL, NULL, '2018-08-09 15:51:25', '2018-08-09 16:07:33', NULL, 0, 11, '2040-01-01', NULL, 'ml', 500.00, 'g', NULL, 0, NULL, NULL, NULL, NULL, NULL, NULL, NULL, NULL, NULL, NULL, 0, 0, 0, 0, 0, 0, 61, 3, 804, NULL),
	(653, 1, 'Scitec Nutrition, BCAA 6400, 375 таблеток', '653', NULL, NULL, NULL, NULL, NULL, '2018-08-09 15:51:25', '2018-08-09 16:07:33', NULL, 0, 10, '2040-01-01', NULL, 'ml', NULL, 'g', 375, 0, NULL, NULL, NULL, NULL, NULL, NULL, NULL, NULL, NULL, NULL, 0, 0, 0, 0, 0, 0, NULL, 1, 840, NULL),
	(654, 1, 'Scitec Nutrition, BCAA 6400, 125 таблеток', '654', NULL, NULL, NULL, NULL, NULL, '2018-08-09 15:51:25', '2018-08-09 16:07:33', NULL, 0, 10, '2040-01-01', NULL, 'ml', NULL, 'g', 125, 0, NULL, NULL, NULL, NULL, NULL, NULL, NULL, NULL, NULL, NULL, 0, 0, 0, 0, 0, 0, NULL, 1, 840, NULL),
	(655, 1, 'Biotech USA Nutrition, 100 % ВСАА, 2:1:1, 400 г', '655', NULL, NULL, NULL, NULL, NULL, '2018-08-09 15:51:25', '2018-08-09 16:07:33', NULL, 0, 6, '2040-01-01', NULL, 'ml', NULL, 'g', NULL, 0, NULL, NULL, NULL, NULL, NULL, NULL, NULL, NULL, NULL, NULL, 0, 0, 0, 0, 0, 0, NULL, 3, 840, NULL),
	(656, 1, 'Biotech USA Nutrition, Nano 3D, 90 капсул', '656', NULL, NULL, NULL, NULL, NULL, '2018-08-09 15:51:25', '2018-08-09 16:07:33', NULL, 0, 6, '2040-01-01', NULL, 'ml', NULL, 'g', 90, 0, NULL, NULL, NULL, NULL, NULL, NULL, NULL, NULL, NULL, NULL, 0, 0, 0, 0, 0, 0, NULL, 2, 840, NULL),
	(657, 1, 'Biotech USA Nutrition, ВСАА+В6, 200 таблеток', '657', NULL, NULL, NULL, NULL, NULL, '2018-08-09 15:51:25', '2018-08-09 16:07:33', NULL, 0, 6, '2040-01-01', NULL, 'ml', NULL, 'g', 200, 0, NULL, NULL, NULL, NULL, NULL, NULL, NULL, NULL, NULL, NULL, 0, 0, 0, 0, 0, 0, NULL, 1, 840, NULL),
	(658, 1, 'Biotech USA Nutrition, ВСАА+В6, 340 таблеток', '658', NULL, NULL, NULL, NULL, NULL, '2018-08-09 15:51:25', '2018-08-09 16:07:33', NULL, 0, 6, '2040-01-01', NULL, 'ml', NULL, 'g', 340, 0, NULL, NULL, NULL, NULL, NULL, NULL, NULL, NULL, NULL, NULL, 0, 0, 0, 0, 0, 0, NULL, 1, 840, NULL),
	(659, 1, 'BSN, Amino X,  черника, 435 г', '659', NULL, NULL, NULL, NULL, NULL, '2018-08-09 15:51:25', '2018-08-09 16:07:33', NULL, 0, 6, '2040-01-01', NULL, 'ml', 435.00, 'g', NULL, 0, NULL, NULL, NULL, NULL, NULL, NULL, NULL, NULL, NULL, NULL, 0, 0, 0, 0, 0, 0, 66, 3, 840, NULL),
	(660, 1, 'BSN, Amino X,  фруктовый пунш, 435 г', '660', NULL, NULL, NULL, NULL, NULL, '2018-08-09 15:51:25', '2018-08-09 16:07:33', NULL, 0, 6, '2040-01-01', NULL, 'ml', 435.00, 'g', NULL, 0, NULL, NULL, NULL, NULL, NULL, NULL, NULL, NULL, NULL, NULL, 0, 0, 0, 0, 0, 0, 61, 3, 840, NULL),
	(661, 1, 'BSN, Amino X,  зеленое яблоко, 435 г', '661', NULL, NULL, NULL, NULL, NULL, '2018-08-09 15:51:25', '2018-08-09 16:07:33', NULL, 0, 6, '2040-01-01', NULL, 'ml', 435.00, 'g', NULL, 0, NULL, NULL, NULL, NULL, NULL, NULL, NULL, NULL, NULL, NULL, 0, 0, 0, 0, 0, 0, 67, 3, 840, NULL),
	(662, 1, 'BSN, Amino X,  арбуз, 435 г', '662', NULL, NULL, NULL, NULL, NULL, '2018-08-09 15:51:25', '2018-08-09 16:07:33', NULL, 0, 9, '2040-01-01', NULL, 'ml', 435.00, 'g', NULL, 0, NULL, NULL, NULL, NULL, NULL, NULL, NULL, NULL, NULL, NULL, 0, 0, 0, 0, 0, 0, 68, 3, 840, NULL),
	(663, 1, 'BSN, Amino X, виноград , 435 г', '663', NULL, NULL, NULL, NULL, NULL, '2018-08-09 15:51:25', '2018-08-09 16:07:33', NULL, 0, 9, '2040-01-01', NULL, 'ml', 435.00, 'g', NULL, 0, NULL, NULL, NULL, NULL, NULL, NULL, NULL, NULL, NULL, NULL, 0, 0, 0, 0, 0, 0, 69, 3, 840, NULL),
	(664, 1, 'BSN, Amino X,  черника, 1010 г', '664', NULL, NULL, NULL, NULL, NULL, '2018-08-09 15:51:25', '2018-08-09 16:07:33', NULL, 0, 9, '2040-01-01', NULL, 'ml', 1010.00, 'g', NULL, 0, NULL, NULL, NULL, NULL, NULL, NULL, NULL, NULL, NULL, NULL, 0, 0, 0, 0, 0, 0, 66, 3, 840, NULL),
	(665, 1, 'BSN, Amino X,  фруктовый пунш, 1010 г', '665', NULL, NULL, NULL, NULL, NULL, '2018-08-09 15:51:25', '2018-08-09 16:07:33', NULL, 0, 9, '2040-01-01', NULL, 'ml', 1010.00, 'g', NULL, 0, NULL, NULL, NULL, NULL, NULL, NULL, NULL, NULL, NULL, NULL, 0, 0, 0, 0, 0, 0, 61, 3, 840, NULL),
	(666, 1, 'BSN, Amino X, арбуз, 1010 г', '666', NULL, NULL, NULL, NULL, NULL, '2018-08-09 15:51:25', '2018-08-09 16:07:33', NULL, 0, 9, '2040-01-01', NULL, 'ml', 1010.00, 'g', NULL, 0, NULL, NULL, NULL, NULL, NULL, NULL, NULL, NULL, NULL, NULL, 0, 0, 0, 0, 0, 0, 68, 3, 840, NULL),
	(667, 1, 'Ultimate Nutrition, BCAA 12000, фруктовый пунш, 228 г', '667', NULL, NULL, NULL, NULL, NULL, '2018-08-09 15:51:25', '2018-08-09 16:07:33', NULL, 0, 5, '2040-01-01', NULL, 'ml', 228.00, 'g', NULL, 0, NULL, NULL, NULL, NULL, NULL, NULL, NULL, NULL, NULL, NULL, 0, 0, 0, 0, 0, 0, 61, 3, 840, NULL),
	(668, 1, 'Ultimate Nutrition, BCAA 12000, лимон-лайм, 228 г', '668', NULL, NULL, NULL, NULL, NULL, '2018-08-09 15:51:25', '2018-08-09 16:07:33', NULL, 0, 5, '2040-01-01', NULL, 'ml', 228.00, 'g', NULL, 0, NULL, NULL, NULL, NULL, NULL, NULL, NULL, NULL, NULL, NULL, 0, 0, 0, 0, 0, 0, 70, 3, 840, NULL),
	(669, 1, 'Ultimate Nutrition, BCAA 12000, голубая малина, 228 г', '669', NULL, NULL, NULL, NULL, NULL, '2018-08-09 15:51:25', '2018-08-09 16:07:33', NULL, 0, 5, '2040-01-01', NULL, 'ml', 228.00, 'g', NULL, 0, NULL, NULL, NULL, NULL, NULL, NULL, NULL, NULL, NULL, NULL, 0, 0, 0, 0, 0, 0, 71, 3, 840, NULL),
	(670, 1, 'Ultimate Nutrition, BCAA 12000, вишня, 228 г', '670', NULL, NULL, NULL, NULL, NULL, '2018-08-09 15:51:25', '2018-08-09 16:07:33', NULL, 0, 5, '2040-01-01', NULL, 'ml', 228.00, 'g', NULL, 0, NULL, NULL, NULL, NULL, NULL, NULL, NULL, NULL, NULL, NULL, 0, 0, 0, 0, 0, 0, 23, 3, 840, NULL),
	(671, 1, 'Ultimate Nutrition, BCAA 12000, вишня,  457 г', '671', NULL, NULL, NULL, NULL, NULL, '2018-08-09 15:51:25', '2018-08-09 16:07:33', NULL, 0, 5, '2040-01-01', NULL, 'ml', 457.00, 'g', NULL, 0, NULL, NULL, NULL, NULL, NULL, NULL, NULL, NULL, NULL, NULL, 0, 0, 0, 0, 0, 0, 23, 3, 840, NULL),
	(672, 1, 'Ultimate Nutrition, BCAA 12000, апельсин,  457 г', '672', NULL, NULL, NULL, NULL, NULL, '2018-08-09 15:51:25', '2018-08-09 16:07:33', NULL, 0, 5, '2040-01-01', NULL, 'ml', 457.00, 'g', NULL, 0, NULL, NULL, NULL, NULL, NULL, NULL, NULL, NULL, NULL, NULL, 0, 0, 0, 0, 0, 0, 63, 3, 840, NULL),
	(673, 1, 'Ultimate Nutrition, BCAA 12000, лимонад,  457 г', '673', NULL, NULL, NULL, NULL, NULL, '2018-08-09 15:51:25', '2018-08-09 16:07:33', NULL, 0, 5, '2040-01-01', NULL, 'ml', 457.00, 'g', NULL, 0, NULL, NULL, NULL, NULL, NULL, NULL, NULL, NULL, NULL, NULL, 0, 0, 0, 0, 0, 0, 72, 3, 840, NULL),
	(674, 1, 'Ultimate Nutrition, BCAA 12000, арбуз,  457 г', '674', NULL, NULL, NULL, NULL, NULL, '2018-08-09 15:51:25', '2018-08-09 16:07:33', NULL, 0, 5, '2040-01-01', NULL, 'ml', 457.00, 'g', NULL, 0, NULL, NULL, NULL, NULL, NULL, NULL, NULL, NULL, NULL, NULL, 0, 0, 0, 0, 0, 0, 68, 3, 840, NULL),
	(675, 1, 'Ultimate Nutrition, BCAA 12000, фруктовый пунш, 457 г', '675', NULL, NULL, NULL, NULL, NULL, '2018-08-09 15:51:25', '2018-08-09 16:07:33', NULL, 0, 5, '2040-01-01', NULL, 'ml', 457.00, 'g', NULL, 0, NULL, NULL, NULL, NULL, NULL, NULL, NULL, NULL, NULL, NULL, 0, 0, 0, 0, 0, 0, 61, 3, 840, NULL),
	(676, 1, 'UNS, BCAA 8-1-1 Instant, яблоко-мята, 500 г', '676', NULL, NULL, NULL, NULL, NULL, '2018-08-09 15:51:25', '2018-08-09 16:07:33', NULL, 0, 14, '2040-01-01', NULL, 'ml', 500.00, 'g', NULL, 0, NULL, NULL, NULL, NULL, NULL, NULL, NULL, NULL, NULL, NULL, 0, 0, 0, 0, 0, 0, 73, 3, 616, NULL),
	(677, 1, 'UNS, BCAA 8-1-1 Instant, лайм, 500 г', '677', NULL, NULL, NULL, NULL, NULL, '2018-08-09 15:51:26', '2018-08-09 16:07:33', NULL, 0, 14, '2040-01-01', NULL, 'ml', 500.00, 'g', NULL, 0, NULL, NULL, NULL, NULL, NULL, NULL, NULL, NULL, NULL, NULL, 0, 0, 0, 0, 0, 0, 74, 3, 616, NULL),
	(678, 1, 'UNS, BCAA 8-1-1 Instant, апельсин, 500 г', '678', NULL, NULL, NULL, NULL, NULL, '2018-08-09 15:51:26', '2018-08-09 16:07:33', NULL, 0, 14, '2040-01-01', NULL, 'ml', 500.00, 'g', NULL, 0, NULL, NULL, NULL, NULL, NULL, NULL, NULL, NULL, NULL, NULL, 0, 0, 0, 0, 0, 0, 63, 3, 616, NULL),
	(679, 1, 'MYPROTEIN, BCAA 2-1-1 , 1000 г', '679', NULL, NULL, NULL, NULL, NULL, '2018-08-09 15:51:26', '2018-08-09 16:07:33', NULL, 0, 7, '2040-01-01', NULL, 'ml', 1000.00, 'g', NULL, 0, NULL, NULL, NULL, NULL, NULL, NULL, NULL, NULL, NULL, NULL, 0, 0, 0, 0, 0, 0, NULL, 3, 101, NULL),
	(680, 1, 'MYPROTEIN, BCAA 2-1-1, кола, 1000 г ', '680', NULL, NULL, NULL, NULL, NULL, '2018-08-09 15:51:26', '2018-08-09 16:07:33', NULL, 0, 7, '2040-01-01', NULL, 'ml', 1000.00, 'g', NULL, 0, NULL, NULL, NULL, NULL, NULL, NULL, NULL, NULL, NULL, NULL, 0, 0, 0, 0, 0, 0, 75, 3, 101, NULL),
	(681, 1, 'MYPROTEIN, BCAA 2-1-1, ежевика, 1000 г ', '681', NULL, NULL, NULL, NULL, NULL, '2018-08-09 15:51:26', '2018-08-09 16:07:33', NULL, 0, 7, '2040-01-01', NULL, 'ml', 1000.00, 'g', NULL, 0, NULL, NULL, NULL, NULL, NULL, NULL, NULL, NULL, NULL, NULL, 0, 0, 0, 0, 0, 0, 76, 3, 101, NULL),
	(682, 1, 'MYPROTEIN, BCAA 2-1-1, яблоко, 1000 г', '682', NULL, NULL, NULL, NULL, NULL, '2018-08-09 15:51:26', '2018-08-09 16:07:33', NULL, 0, 7, '2040-01-01', NULL, 'ml', 1000.00, 'g', NULL, 0, NULL, NULL, NULL, NULL, NULL, NULL, NULL, NULL, NULL, NULL, 0, 0, 0, 0, 0, 0, 25, 3, 101, NULL),
	(683, 1, 'MYPROTEIN, BCAA 2-1-1, 500 г', '683', NULL, NULL, NULL, NULL, NULL, '2018-08-09 15:51:26', '2018-08-09 16:07:33', NULL, 0, 7, '2040-01-01', NULL, 'ml', 500.00, 'g', NULL, 0, NULL, NULL, NULL, NULL, NULL, NULL, NULL, NULL, NULL, NULL, 0, 0, 0, 0, 0, 0, NULL, 3, 101, NULL),
	(684, 1, 'MYPROTEIN, BCAA 2-1-1, ежевика, 500 г', '684', NULL, NULL, NULL, NULL, NULL, '2018-08-09 15:51:26', '2018-08-09 16:07:33', NULL, 0, 7, '2040-01-01', NULL, 'ml', 500.00, 'g', NULL, 0, NULL, NULL, NULL, NULL, NULL, NULL, NULL, NULL, NULL, NULL, 0, 0, 0, 0, 0, 0, 76, 3, 101, NULL),
	(685, 1, 'MYPROTEIN, BCAA 2-1-1, персик-манго, 500 г', '685', NULL, NULL, NULL, NULL, NULL, '2018-08-09 15:51:26', '2018-08-09 16:07:33', NULL, 0, 7, '2040-01-01', NULL, 'ml', 500.00, 'g', NULL, 0, NULL, NULL, NULL, NULL, NULL, NULL, NULL, NULL, NULL, NULL, 0, 0, 0, 0, 0, 0, 77, 3, 101, NULL),
	(686, 1, 'Biotech USA Nutrition, Amino Liquid, лимон, 1000 мл', '686', NULL, NULL, NULL, NULL, NULL, '2018-08-09 15:51:26', '2018-08-09 16:07:33', NULL, 0, 6, '2040-01-01', NULL, 'ml', 1000.00, 'g', NULL, 0, NULL, NULL, NULL, NULL, NULL, NULL, NULL, NULL, NULL, NULL, 0, 0, 0, 0, 0, 0, 78, 3, 840, NULL),
	(687, 1, 'Biotech USA Nutrition, Amino Liquid, апельсин, 1000 мл', '687', NULL, NULL, NULL, NULL, NULL, '2018-08-09 15:51:26', '2018-08-09 16:07:33', NULL, 0, 6, '2040-01-01', NULL, 'ml', 1000.00, 'g', NULL, 0, NULL, NULL, NULL, NULL, NULL, NULL, NULL, NULL, NULL, NULL, 0, 0, 0, 0, 0, 0, 63, 3, 840, NULL),
	(688, 1, 'Biotech USA Nutrition, Mega Amino 3200, 500 таблеток', '688', NULL, NULL, NULL, NULL, NULL, '2018-08-09 15:51:26', '2018-08-09 16:07:33', NULL, 0, 6, '2040-01-01', NULL, 'ml', NULL, 'g', 500, 0, NULL, NULL, NULL, NULL, NULL, NULL, NULL, NULL, NULL, NULL, 0, 0, 0, 0, 0, 0, NULL, 1, 840, NULL),
	(689, 1, 'Biotech USA Nutrition, Mega Amino 3200, 300 таблеток', '689', NULL, NULL, NULL, NULL, NULL, '2018-08-09 15:51:26', '2018-08-09 16:07:33', NULL, 0, 6, '2040-01-01', NULL, 'ml', NULL, 'g', 300, 0, NULL, NULL, NULL, NULL, NULL, NULL, NULL, NULL, NULL, NULL, 0, 0, 0, 0, 0, 0, NULL, 1, 840, NULL),
	(690, 1, 'Muscle Pharm, Вullet Proof, виноград, 412 г', '690', NULL, NULL, NULL, NULL, NULL, '2018-08-09 15:51:26', '2018-08-09 16:07:33', NULL, 0, 13, '2040-01-01', NULL, 'ml', 412.00, 'g', NULL, 0, NULL, NULL, NULL, NULL, NULL, NULL, NULL, NULL, NULL, NULL, 0, 0, 0, 0, 0, 0, 69, 3, 840, NULL),
	(691, 1, 'Muscle Pharm, Вullet Proof, апельсин-малина, 412 г', '691', NULL, NULL, NULL, NULL, NULL, '2018-08-09 15:51:26', '2018-08-09 16:07:33', NULL, 0, 13, '2040-01-01', NULL, 'ml', 412.00, 'g', NULL, 0, NULL, NULL, NULL, NULL, NULL, NULL, NULL, NULL, NULL, NULL, 0, 0, 0, 0, 0, 0, 79, 3, 840, NULL),
	(692, 1, 'Optimum Nutrition, Essential Amino Energy, черника, 270 г', '692', NULL, NULL, NULL, NULL, NULL, '2018-08-09 15:51:26', '2018-08-09 16:07:33', NULL, 0, 8, '2040-01-01', NULL, 'ml', 270.00, 'g', NULL, 0, NULL, NULL, NULL, NULL, NULL, NULL, NULL, NULL, NULL, NULL, 0, 0, 0, 0, 0, 0, 66, 3, 840, NULL),
	(693, 1, 'Optimum Nutrition, Essential Amino Energy, виноград, 270 г', '693', NULL, NULL, NULL, NULL, NULL, '2018-08-09 15:51:26', '2018-08-09 16:07:33', NULL, 0, 8, '2040-01-01', NULL, 'ml', 270.00, 'g', NULL, 0, NULL, NULL, NULL, NULL, NULL, NULL, NULL, NULL, NULL, NULL, 0, 0, 0, 0, 0, 0, 69, 3, 840, NULL),
	(694, 1, 'Optimum Nutrition, Essential Amino Energy, фрукты, 270 г', '694', NULL, NULL, NULL, NULL, NULL, '2018-08-09 15:51:26', '2018-08-09 16:07:33', NULL, 0, 8, '2040-01-01', NULL, 'ml', 270.00, 'g', NULL, 0, NULL, NULL, NULL, NULL, NULL, NULL, NULL, NULL, NULL, NULL, 0, 0, 0, 0, 0, 0, 80, 3, 840, NULL),
	(695, 1, 'Optimum Nutrition, Essential Amino Energy, апельсин, 270 г', '695', NULL, NULL, NULL, NULL, NULL, '2018-08-09 15:51:26', '2018-08-09 16:07:33', NULL, 0, 8, '2040-01-01', NULL, 'ml', 270.00, 'g', NULL, 0, NULL, NULL, NULL, NULL, NULL, NULL, NULL, NULL, NULL, NULL, 0, 0, 0, 0, 0, 0, 63, 3, 840, NULL),
	(696, 1, 'Optimum Nutrition, Essential Amino Energy, арбуз, 270 г', '696', NULL, NULL, NULL, NULL, NULL, '2018-08-09 15:51:26', '2018-08-09 16:07:33', NULL, 0, 8, '2040-01-01', NULL, 'ml', 270.00, 'g', NULL, 0, NULL, NULL, NULL, NULL, NULL, NULL, NULL, NULL, NULL, NULL, 0, 0, 0, 0, 0, 0, 68, 3, 840, NULL),
	(697, 1, 'Optimum Nutrition, Essential Amino Energy, клубника-лайм, 270 г', '697', NULL, NULL, NULL, NULL, NULL, '2018-08-09 15:51:26', '2018-08-09 16:07:33', NULL, 0, 8, '2040-01-01', NULL, 'ml', 270.00, 'g', NULL, 0, NULL, NULL, NULL, NULL, NULL, NULL, NULL, NULL, NULL, NULL, 0, 0, 0, 0, 0, 0, 81, 3, 840, NULL),
	(698, 1, 'Optimum Nutrition, Essential Amino Energy, черника, 585 г', '698', NULL, NULL, NULL, NULL, NULL, '2018-08-09 15:51:26', '2018-08-09 16:07:33', NULL, 0, 8, '2040-01-01', NULL, 'ml', 585.00, 'g', NULL, 0, NULL, NULL, NULL, NULL, NULL, NULL, NULL, NULL, NULL, NULL, 0, 0, 0, 0, 0, 0, 66, 3, 840, NULL),
	(699, 1, 'Optimum Nutrition, Essential Amino Energy, апельсин, 585 г', '699', NULL, NULL, NULL, NULL, NULL, '2018-08-09 15:51:26', '2018-08-09 16:07:33', NULL, 0, 8, '2040-01-01', NULL, 'ml', 585.00, 'g', NULL, 0, NULL, NULL, NULL, NULL, NULL, NULL, NULL, NULL, NULL, NULL, 0, 0, 0, 0, 0, 0, 63, 3, 840, NULL),
	(700, 1, 'Optimum Nutrition, Essential Amino Energy, арбуз, 585 г', '700', NULL, NULL, NULL, NULL, NULL, '2018-08-09 15:51:26', '2018-08-09 16:07:33', NULL, 0, 8, '2040-01-01', NULL, 'ml', 585.00, 'g', NULL, 0, NULL, NULL, NULL, NULL, NULL, NULL, NULL, NULL, NULL, NULL, 0, 0, 0, 0, 0, 0, 68, 3, 840, NULL),
	(701, 1, 'Optimum Nutrition, Essential Amino Energy, грейпфрут, 585 г', '701', NULL, NULL, NULL, NULL, NULL, '2018-08-09 15:51:26', '2018-08-09 16:07:33', NULL, 0, 8, '2040-01-01', NULL, 'ml', 585.00, 'g', NULL, 0, NULL, NULL, NULL, NULL, NULL, NULL, NULL, NULL, NULL, NULL, 0, 0, 0, 0, 0, 0, 64, 3, 840, NULL),
	(702, 1, 'Optimum Nutrition, Essential Amino Energy, фруктовый пунш, 585 г', '702', NULL, NULL, NULL, NULL, NULL, '2018-08-09 15:51:26', '2018-08-09 16:07:33', NULL, 0, 8, '2040-01-01', NULL, 'ml', 585.00, 'g', NULL, 0, NULL, NULL, NULL, NULL, NULL, NULL, NULL, NULL, NULL, NULL, 0, 0, 0, 0, 0, 0, 61, 3, 840, NULL),
	(703, 1, 'Optimum Nutrition, Essential Amino Energy, Natural Flavor, Малиновый лимонад, 225 г', '703', NULL, NULL, NULL, NULL, NULL, '2018-08-09 15:51:26', '2018-08-09 16:07:33', NULL, 0, 8, '2040-01-01', NULL, 'ml', 225.00, 'g', NULL, 0, NULL, NULL, NULL, NULL, NULL, NULL, NULL, NULL, NULL, NULL, 0, 0, 0, 0, 0, 0, 62, 3, 840, NULL),
	(704, 1, 'Optimum Nutrition, Essential Amino Energy, Natural Flavor, арбуз, 225 г', '704', NULL, NULL, NULL, NULL, NULL, '2018-08-09 15:51:26', '2018-08-09 16:07:33', NULL, 0, 8, '2040-01-01', NULL, 'ml', 225.00, 'g', NULL, 0, NULL, NULL, NULL, NULL, NULL, NULL, NULL, NULL, NULL, NULL, 0, 0, 0, 0, 0, 0, 68, 3, 840, NULL),
	(705, 1, 'Optimum Nutrition, Essential Amino Energy, Natural Flavor, персиковый чай, 225 г', '705', NULL, NULL, NULL, NULL, NULL, '2018-08-09 15:51:26', '2018-08-09 16:07:33', NULL, 0, 8, '2040-01-01', NULL, 'ml', 225.00, 'g', NULL, 0, NULL, NULL, NULL, NULL, NULL, NULL, NULL, NULL, NULL, NULL, 0, 0, 0, 0, 0, 0, 82, 3, 840, NULL),
	(706, 1, 'Universal Nutrition, Amino 2700, 120 таблеток', '706', NULL, NULL, NULL, NULL, NULL, '2018-08-09 15:51:26', '2018-08-09 16:07:33', NULL, 0, 15, '2040-01-01', NULL, 'ml', NULL, 'g', 120, 0, NULL, NULL, NULL, NULL, NULL, NULL, NULL, NULL, NULL, NULL, 0, 0, 0, 0, 0, 0, NULL, 1, 840, NULL),
	(707, 1, 'Universal Nutrition, Amino 2700, 350 таблеток', '707', NULL, NULL, NULL, NULL, NULL, '2018-08-09 15:51:26', '2018-08-09 16:07:33', NULL, 0, 15, '2040-01-01', NULL, 'ml', NULL, 'g', 350, 0, NULL, NULL, NULL, NULL, NULL, NULL, NULL, NULL, NULL, NULL, 0, 0, 0, 0, 0, 0, NULL, 1, 840, NULL),
	(708, 1, 'Universal Nutrition, Amino 2700, 700 таблеток', '708', NULL, NULL, NULL, NULL, NULL, '2018-08-09 15:51:26', '2018-08-09 16:07:33', NULL, 0, 15, '2040-01-01', NULL, 'ml', NULL, 'g', 700, 0, NULL, NULL, NULL, NULL, NULL, NULL, NULL, NULL, NULL, NULL, 0, 0, 0, 0, 0, 0, NULL, 1, 840, NULL),
	(709, 1, 'PowerPro, Amino Energi system, фрукт.лимон 0,5кг', '709', NULL, NULL, NULL, NULL, NULL, '2018-08-09 15:51:26', '2018-08-09 16:07:33', NULL, 0, 11, '2040-01-01', NULL, 'ml', 500.00, 'g', NULL, 0, NULL, NULL, NULL, NULL, NULL, NULL, NULL, NULL, NULL, NULL, 0, 0, 0, 0, 0, 0, 78, 3, 804, NULL),
	(710, 1, 'UNS, BCAA COMPLEX, яблоко-мята, 500 г', '710', NULL, NULL, NULL, NULL, NULL, '2018-08-09 15:51:26', '2018-08-09 16:07:33', NULL, 0, 14, '2040-01-01', NULL, 'ml', 500.00, 'g', NULL, 0, NULL, NULL, NULL, NULL, NULL, NULL, NULL, NULL, NULL, NULL, 0, 0, 0, 0, 0, 0, 73, 3, 616, NULL),
	(711, 1, 'UNS, BCAA COMPLEX, кола, 500 г', '711', NULL, NULL, NULL, NULL, NULL, '2018-08-09 15:51:26', '2018-08-09 16:07:33', NULL, 0, 14, '2040-01-01', NULL, 'ml', 500.00, 'g', NULL, 0, NULL, NULL, NULL, NULL, NULL, NULL, NULL, NULL, NULL, NULL, 0, 0, 0, 0, 0, 0, 75, 3, 616, NULL),
	(712, 1, 'UNS, BCAA COMPLEX, лимон, 500 г', '712', NULL, NULL, NULL, NULL, NULL, '2018-08-09 15:51:26', '2018-08-09 16:07:33', NULL, 0, 14, '2040-01-01', NULL, 'ml', 500.00, 'g', NULL, 0, NULL, NULL, NULL, NULL, NULL, NULL, NULL, NULL, NULL, NULL, 0, 0, 0, 0, 0, 0, 78, 3, 616, NULL),
	(713, 1, 'Optimum Nutrition, BCAA 1000, 400 капсул', '713', NULL, NULL, NULL, NULL, NULL, '2018-08-09 15:51:26', '2018-08-09 16:07:33', NULL, 0, 8, '2040-01-01', NULL, 'ml', NULL, 'g', 400, 0, NULL, NULL, NULL, NULL, NULL, NULL, NULL, NULL, NULL, NULL, 0, 0, 0, 0, 0, 0, NULL, 2, 840, NULL),
	(714, 1, 'Biotech USA Nutrition, AAKG 1000, 100 таблеток ', '714', NULL, NULL, NULL, NULL, NULL, '2018-08-09 15:51:26', '2018-08-09 16:07:33', NULL, 0, 6, '2040-01-01', NULL, 'ml', NULL, 'g', 100, 0, NULL, NULL, NULL, NULL, NULL, NULL, NULL, NULL, NULL, NULL, 0, 0, 0, 0, 0, 0, NULL, 1, 840, NULL),
	(715, 1, 'Biotech USA Nutrition, L-Arginine, 90 капсул ', '715', NULL, NULL, NULL, NULL, NULL, '2018-08-09 15:51:26', '2018-08-09 16:07:33', NULL, 0, 6, '2040-01-01', NULL, 'ml', NULL, 'g', 90, 0, NULL, NULL, NULL, NULL, NULL, NULL, NULL, NULL, NULL, NULL, 0, 0, 0, 0, 0, 0, NULL, 2, 840, NULL),
	(716, 1, 'Scitec Nutrition, Liquid Arginine, 1000 мл', '716', NULL, NULL, NULL, NULL, NULL, '2018-08-09 15:51:26', '2018-08-09 16:07:33', NULL, 0, 10, '2040-01-01', NULL, 'ml', 1000.00, 'g', NULL, 0, NULL, NULL, NULL, NULL, NULL, NULL, NULL, NULL, NULL, NULL, 0, 0, 0, 0, 0, 0, NULL, 3, 840, NULL),
	(717, 1, 'Scitec Nutrition, AAKG, 100 капсул', '717', NULL, NULL, NULL, NULL, NULL, '2018-08-09 15:51:26', '2018-08-09 16:07:33', NULL, 0, 10, '2040-01-01', NULL, 'ml', NULL, 'g', 100, 0, NULL, NULL, NULL, NULL, NULL, NULL, NULL, NULL, NULL, NULL, 0, 0, 0, 0, 0, 0, NULL, 2, 840, NULL),
	(718, 1, 'Scitec Nutrition, Mega Arginine, 90 капсул', '718', NULL, NULL, NULL, NULL, NULL, '2018-08-09 15:51:26', '2018-08-09 16:07:33', NULL, 0, 10, '2040-01-01', NULL, 'ml', NULL, 'g', 90, 0, NULL, NULL, NULL, NULL, NULL, NULL, NULL, NULL, NULL, NULL, 0, 0, 0, 0, 0, 0, NULL, 2, 840, NULL),
	(719, 1, 'Biotech USA Nutrition, Glutamine Zero, персиковый чай, 300 г', '719', NULL, NULL, NULL, NULL, NULL, '2018-08-09 15:51:26', '2018-08-09 16:07:33', NULL, 0, 6, '2040-01-01', NULL, 'ml', 300.00, 'g', NULL, 0, NULL, NULL, NULL, NULL, NULL, NULL, NULL, NULL, NULL, NULL, 0, 0, 0, 0, 0, 0, 82, 3, 840, NULL),
	(720, 1, 'Biotech USA Nutrition, Glutamine Zero, арбуз, 300 г', '720', NULL, NULL, NULL, NULL, NULL, '2018-08-09 15:51:26', '2018-08-09 16:07:33', NULL, 0, 6, '2040-01-01', NULL, 'ml', 300.00, 'g', NULL, 0, NULL, NULL, NULL, NULL, NULL, NULL, NULL, NULL, NULL, NULL, 0, 0, 0, 0, 0, 0, 68, 3, 840, NULL),
	(721, 1, 'BSN, Glutamine DNA, 309 г', '721', NULL, NULL, NULL, NULL, NULL, '2018-08-09 15:51:26', '2018-08-09 16:07:33', NULL, 0, 9, '2040-01-01', NULL, 'ml', 309.00, 'g', NULL, 0, NULL, NULL, NULL, NULL, NULL, NULL, NULL, NULL, NULL, NULL, 0, 0, 0, 0, 0, 0, NULL, 3, 840, NULL),
	(722, 1, 'Muscle Pharm, Glutamine, 300 г', '722', NULL, NULL, NULL, NULL, NULL, '2018-08-09 15:51:26', '2018-08-09 16:07:33', NULL, 0, 13, '2040-01-01', NULL, 'ml', 300.00, 'g', NULL, 0, NULL, NULL, NULL, NULL, NULL, NULL, NULL, NULL, NULL, NULL, 0, 0, 0, 0, 0, 0, NULL, 3, 840, NULL),
	(723, 1, 'Optimum Nutrition, Glutamine Powder, 300 г', '723', NULL, NULL, NULL, NULL, NULL, '2018-08-09 15:51:26', '2018-08-09 16:07:33', NULL, 0, 8, '2040-01-01', NULL, 'ml', 300.00, 'g', NULL, 0, NULL, NULL, NULL, NULL, NULL, NULL, NULL, NULL, NULL, NULL, 0, 0, 0, 0, 0, 0, NULL, 3, 840, NULL),
	(724, 1, 'Optimum Nutrition, Glutamine Powder, 600 г', '724', NULL, NULL, NULL, NULL, NULL, '2018-08-09 15:51:26', '2018-08-09 16:07:33', NULL, 0, 8, '2040-01-01', NULL, 'ml', 600.00, 'g', NULL, 0, NULL, NULL, NULL, NULL, NULL, NULL, NULL, NULL, NULL, NULL, 0, 0, 0, 0, 0, 0, NULL, 3, 840, NULL),
	(725, 1, 'Optimum Nutrition, Glutamine Powder, 1000 г', '725', NULL, NULL, NULL, NULL, NULL, '2018-08-09 15:51:26', '2018-08-09 16:07:33', NULL, 0, 8, '2040-01-01', NULL, 'ml', 1000.00, 'g', NULL, 0, NULL, NULL, NULL, NULL, NULL, NULL, NULL, NULL, NULL, NULL, 0, 0, 0, 0, 0, 0, NULL, 3, 840, NULL),
	(726, 1, 'PowerPro, Глютамин+BCAA 1:1, 500 г', '726', NULL, NULL, NULL, NULL, NULL, '2018-08-09 15:51:26', '2018-08-09 16:07:33', NULL, 0, 11, '2040-01-01', NULL, 'ml', 500.00, 'g', NULL, 0, NULL, NULL, NULL, NULL, NULL, NULL, NULL, NULL, NULL, NULL, 0, 0, 0, 0, 0, 0, NULL, 3, 804, NULL),
	(727, 1, 'Scitec Nutrition, L-Glutamine, 300 г', '727', NULL, NULL, NULL, NULL, NULL, '2018-08-09 15:51:26', '2018-08-09 16:07:33', NULL, 0, 10, '2040-01-01', NULL, 'ml', 300.00, 'g', NULL, 0, NULL, NULL, NULL, NULL, NULL, NULL, NULL, NULL, NULL, NULL, 0, 0, 0, 0, 0, 0, NULL, 3, 840, NULL),
	(728, 1, 'Scitec Nutrition, L-Glutamine, 600 г', '728', NULL, NULL, NULL, NULL, NULL, '2018-08-09 15:51:26', '2018-08-09 16:07:34', NULL, 0, 10, '2040-01-01', NULL, 'ml', 600.00, 'g', NULL, 0, NULL, NULL, NULL, NULL, NULL, NULL, NULL, NULL, NULL, NULL, 0, 0, 0, 0, 0, 0, NULL, 3, 840, NULL),
	(729, 1, 'Biotech USA Nutrition, Caffeine+Taurine, 60 капсул', '729', NULL, NULL, NULL, NULL, NULL, '2018-08-09 15:51:26', '2018-08-09 16:07:34', NULL, 0, 6, '2040-01-01', NULL, 'ml', NULL, 'g', 60, 0, NULL, NULL, NULL, NULL, NULL, NULL, NULL, NULL, NULL, NULL, 0, 0, 0, 0, 0, 0, NULL, 2, 840, NULL),
	(730, 1, 'Scitec Nutrition, Taurine, 90 капсул', '730', NULL, NULL, NULL, NULL, NULL, '2018-08-09 15:51:26', '2018-08-09 16:07:34', NULL, 0, 10, '2040-01-01', NULL, 'ml', NULL, 'g', 90, 0, NULL, NULL, NULL, NULL, NULL, NULL, NULL, NULL, NULL, NULL, 0, 0, 0, 0, 0, 0, NULL, 2, 840, NULL),
	(731, 1, 'Ultimate Nutrition, Arginine power, 800мг, 100 капсул', '731', NULL, NULL, NULL, NULL, NULL, '2018-08-09 15:51:26', '2018-08-09 16:07:34', NULL, 0, 5, '2040-01-01', NULL, 'ml', NULL, 'g', 100, 0, NULL, NULL, NULL, NULL, NULL, NULL, NULL, NULL, NULL, NULL, 0, 0, 0, 0, 0, 0, NULL, 2, 840, NULL),
	(732, 1, 'UNS, 100% Pure креатин гидрохлорид, 200 г', '732', NULL, NULL, NULL, NULL, NULL, '2018-08-09 15:51:27', '2018-08-09 16:07:34', NULL, 0, 14, '2040-01-01', NULL, 'ml', 200.00, 'g', NULL, 0, NULL, NULL, NULL, NULL, NULL, NULL, NULL, NULL, NULL, NULL, 0, 0, 0, 0, 0, 0, NULL, 3, 616, NULL),
	(733, 1, 'UNS, креатин гидрохлорид, лимон, 300 г', '733', NULL, NULL, NULL, NULL, NULL, '2018-08-09 15:51:27', '2018-08-09 16:07:34', NULL, 0, 14, '2040-01-01', NULL, 'ml', 300.00, 'g', NULL, 0, NULL, NULL, NULL, NULL, NULL, NULL, NULL, NULL, NULL, NULL, 0, 0, 0, 0, 0, 0, 78, 3, 616, NULL),
	(734, 1, 'UNS, креатин гидрохлорид, апельсин, 300 г', '734', NULL, NULL, NULL, NULL, NULL, '2018-08-09 15:51:27', '2018-08-09 16:07:34', NULL, 0, 14, '2040-01-01', NULL, 'ml', 300.00, 'g', NULL, 0, NULL, NULL, NULL, NULL, NULL, NULL, NULL, NULL, NULL, NULL, 0, 0, 0, 0, 0, 0, 63, 3, 616, NULL),
	(735, 1, 'UNS, 100% Pure креатин малат, 200 г ', '735', NULL, NULL, NULL, NULL, NULL, '2018-08-09 15:51:27', '2018-08-09 16:07:34', NULL, 0, 14, '2040-01-01', NULL, 'ml', 200.00, 'g', NULL, 0, NULL, NULL, NULL, NULL, NULL, NULL, NULL, NULL, NULL, NULL, 0, 0, 0, 0, 0, 0, NULL, 3, 616, NULL),
	(736, 1, 'Biotech USA Nutrition, 100% Creatine Monohydrate, 300 г', '736', NULL, NULL, NULL, NULL, NULL, '2018-08-09 15:51:27', '2018-08-09 16:07:34', NULL, 0, 6, '2040-01-01', NULL, 'ml', 300.00, 'g', NULL, 0, NULL, NULL, NULL, NULL, NULL, NULL, NULL, NULL, NULL, NULL, 0, 0, 0, 0, 0, 0, NULL, 3, 840, NULL),
	(737, 1, 'Biotech USA Nutrition, 100% Creatine Monohydrate, 500 г', '737', NULL, NULL, NULL, NULL, NULL, '2018-08-09 15:51:27', '2018-08-09 16:07:34', NULL, 0, 6, '2040-01-01', NULL, 'ml', 500.00, 'g', NULL, 0, NULL, NULL, NULL, NULL, NULL, NULL, NULL, NULL, NULL, NULL, 0, 0, 0, 0, 0, 0, NULL, 3, 840, NULL),
	(738, 1, 'Muscle Pharm, Creatine, 300 г', '738', NULL, NULL, NULL, NULL, NULL, '2018-08-09 15:51:27', '2018-08-09 16:07:34', NULL, 0, 13, '2040-01-01', NULL, 'ml', 300.00, 'g', NULL, 0, NULL, NULL, NULL, NULL, NULL, NULL, NULL, NULL, NULL, NULL, 0, 0, 0, 0, 0, 0, NULL, 3, 840, NULL),
	(739, 1, 'PowerPro, Creatine, виноград, 500 г', '739', NULL, NULL, NULL, NULL, NULL, '2018-08-09 15:51:27', '2018-08-09 16:07:34', NULL, 0, 11, '2040-01-01', NULL, 'ml', 500.00, 'g', NULL, 0, NULL, NULL, NULL, NULL, NULL, NULL, NULL, NULL, NULL, NULL, 0, 0, 0, 0, 0, 0, 69, 3, 804, NULL),
	(740, 1, 'PowerPro, Creatine, мохито, 500 г', '740', NULL, NULL, NULL, NULL, NULL, '2018-08-09 15:51:27', '2018-08-09 16:07:34', NULL, 0, 11, '2040-01-01', NULL, 'ml', 500.00, 'g', NULL, 0, NULL, NULL, NULL, NULL, NULL, NULL, NULL, NULL, NULL, NULL, 0, 0, 0, 0, 0, 0, 83, 3, 804, NULL),
	(741, 1, 'Optimum Nutrition, Creatine Powder, 300 г', '741', NULL, NULL, NULL, NULL, NULL, '2018-08-09 15:51:27', '2018-08-09 16:07:34', NULL, 0, 8, '2040-01-01', NULL, 'ml', 300.00, 'g', NULL, 0, NULL, NULL, NULL, NULL, NULL, NULL, NULL, NULL, NULL, NULL, 0, 0, 0, 0, 0, 0, NULL, 3, 840, NULL),
	(742, 1, 'Optimum Nutrition, Creatine Powder, 600 г', '742', NULL, NULL, NULL, NULL, NULL, '2018-08-09 15:51:27', '2018-08-09 16:07:34', NULL, 0, 8, '2040-01-01', NULL, 'ml', 600.00, 'g', NULL, 0, NULL, NULL, NULL, NULL, NULL, NULL, NULL, NULL, NULL, NULL, 0, 0, 0, 0, 0, 0, NULL, 3, 840, NULL),
	(743, 1, 'Optimum Nutrition, Creatine 2500 Caps, 100 капсул', '743', NULL, NULL, NULL, NULL, NULL, '2018-08-09 15:51:27', '2018-08-09 16:07:34', NULL, 0, 8, '2040-01-01', NULL, 'ml', NULL, 'g', 100, 0, NULL, NULL, NULL, NULL, NULL, NULL, NULL, NULL, NULL, NULL, 0, 0, 0, 0, 0, 0, NULL, 2, 840, NULL),
	(744, 1, 'Optimum Nutrition, Creatine 2500 Caps, 300 капсул', '744', NULL, NULL, NULL, NULL, NULL, '2018-08-09 15:51:27', '2018-08-09 16:07:34', NULL, 0, 8, '2040-01-01', NULL, 'ml', NULL, 'g', 300, 0, NULL, NULL, NULL, NULL, NULL, NULL, NULL, NULL, NULL, NULL, 0, 0, 0, 0, 0, 0, NULL, 2, 840, NULL),
	(745, 1, 'Scitec Nutrition, 100%  Creatine, 300 г', '745', NULL, NULL, NULL, NULL, NULL, '2018-08-09 15:51:27', '2018-08-09 16:07:34', NULL, 0, 10, '2040-01-01', NULL, 'ml', 300.00, 'g', NULL, 0, NULL, NULL, NULL, NULL, NULL, NULL, NULL, NULL, NULL, NULL, 0, 0, 0, 0, 0, 0, NULL, 3, 840, NULL),
	(746, 1, 'Scitec Nutrition, 100%  Creatine, 500 г', '746', NULL, NULL, NULL, NULL, NULL, '2018-08-09 15:51:27', '2018-08-09 16:07:34', NULL, 0, 10, '2040-01-01', NULL, 'ml', 500.00, 'g', NULL, 0, NULL, NULL, NULL, NULL, NULL, NULL, NULL, NULL, NULL, NULL, 0, 0, 0, 0, 0, 0, NULL, 3, 840, NULL),
	(747, 1, 'Scitec Nutrition, 100%  Creatine, 500 г', '747', NULL, NULL, NULL, NULL, NULL, '2018-08-09 15:51:27', '2018-08-09 16:07:34', NULL, 0, 10, '2040-01-01', NULL, 'ml', 1000.00, 'g', NULL, 0, NULL, NULL, NULL, NULL, NULL, NULL, NULL, NULL, NULL, NULL, 0, 0, 0, 0, 0, 0, NULL, 3, 840, NULL),
	(748, 1, 'Universal Nutrition, Creatine Powder, 300 г', '748', NULL, NULL, NULL, NULL, NULL, '2018-08-09 15:51:27', '2018-08-09 16:07:34', NULL, 0, 15, '2040-01-01', NULL, 'ml', 300.00, 'g', NULL, 0, NULL, NULL, NULL, NULL, NULL, NULL, NULL, NULL, NULL, NULL, 0, 0, 0, 0, 0, 0, NULL, 3, 840, NULL),
	(749, 1, 'Universal Nutrition, Creatine Powder, 500 г', '749', NULL, NULL, NULL, NULL, NULL, '2018-08-09 15:51:27', '2018-08-09 16:07:34', NULL, 0, 15, '2040-01-01', NULL, 'ml', 500.00, 'g', NULL, 0, NULL, NULL, NULL, NULL, NULL, NULL, NULL, NULL, NULL, NULL, 0, 0, 0, 0, 0, 0, NULL, 3, 840, NULL),
	(750, 1, 'Universal Nutrition, Creatine Powder, 1000 г', '750', NULL, NULL, NULL, NULL, NULL, '2018-08-09 15:51:27', '2018-08-09 16:07:34', NULL, 0, 15, '2040-01-01', NULL, 'ml', 1000.00, 'g', NULL, 0, NULL, NULL, NULL, NULL, NULL, NULL, NULL, NULL, NULL, NULL, 0, 0, 0, 0, 0, 0, NULL, 3, 840, NULL),
	(751, 1, 'Ultimate Nutrition, Creatine Monohydrate, 300 г', '751', NULL, NULL, NULL, NULL, NULL, '2018-08-09 15:51:27', '2018-08-09 16:07:34', NULL, 0, 5, '2040-01-01', NULL, 'ml', 300.00, 'g', NULL, 0, NULL, NULL, NULL, NULL, NULL, NULL, NULL, NULL, NULL, NULL, 0, 0, 0, 0, 0, 0, NULL, 3, 840, NULL),
	(752, 1, 'MYPROTEIN, Креатин Моногидрат, 500 г', '752', NULL, NULL, NULL, NULL, NULL, '2018-08-09 15:51:27', '2018-08-09 16:07:34', NULL, 0, 7, '2040-01-01', NULL, 'ml', 500.00, 'g', NULL, 0, NULL, NULL, NULL, NULL, NULL, NULL, NULL, NULL, NULL, NULL, 0, 0, 0, 0, 0, 0, NULL, 3, 101, NULL),
	(753, 1, 'MYPROTEIN, Креатин Моногидрат, 250 г', '753', NULL, NULL, NULL, NULL, NULL, '2018-08-09 15:51:27', '2018-08-09 16:07:34', NULL, 0, 7, '2040-01-01', NULL, 'ml', 250.00, 'g', NULL, 0, NULL, NULL, NULL, NULL, NULL, NULL, NULL, NULL, NULL, NULL, 0, 0, 0, 0, 0, 0, NULL, 3, 101, NULL),
	(754, 1, 'UNS, Crea X-5, яблоко, 300 г', '754', NULL, NULL, NULL, NULL, NULL, '2018-08-09 15:51:27', '2018-08-09 16:07:34', NULL, 0, 14, '2040-01-01', NULL, 'ml', 300.00, 'g', NULL, 0, NULL, NULL, NULL, NULL, NULL, NULL, NULL, NULL, NULL, NULL, 0, 0, 0, 0, 0, 0, 25, 3, 616, NULL),
	(755, 1, 'UNS, Crea X-5, лимон, 300 г', '755', NULL, NULL, NULL, NULL, NULL, '2018-08-09 15:51:27', '2018-08-09 16:07:34', NULL, 0, 14, '2040-01-01', NULL, 'ml', 300.00, 'g', NULL, 0, NULL, NULL, NULL, NULL, NULL, NULL, NULL, NULL, NULL, NULL, 0, 0, 0, 0, 0, 0, 78, 3, 616, NULL),
	(756, 1, 'UNS, Crea X-5, апельсин, 300 г', '756', NULL, NULL, NULL, NULL, NULL, '2018-08-09 15:51:27', '2018-08-09 16:07:34', NULL, 0, 14, '2040-01-01', NULL, 'ml', 300.00, 'g', NULL, 0, NULL, NULL, NULL, NULL, NULL, NULL, NULL, NULL, NULL, NULL, 0, 0, 0, 0, 0, 0, 63, 3, 616, NULL),
	(757, 1, 'Biotech USA Nutrition, L-Carnitine Liquid 1000, яблоко, 500 мл', '757', NULL, NULL, NULL, NULL, NULL, '2018-08-09 15:51:27', '2018-08-09 16:07:34', NULL, 0, 6, '2040-01-01', NULL, 'ml', 500.00, 'g', NULL, 0, NULL, NULL, NULL, NULL, NULL, NULL, NULL, NULL, NULL, NULL, 0, 0, 0, 0, 0, 0, 25, 3, 840, NULL),
	(758, 1, 'Biotech USA Nutrition, L-Carnitine Liquid 1000, вишня, 500 мл', '758', NULL, NULL, NULL, NULL, NULL, '2018-08-09 15:51:27', '2018-08-09 16:07:34', NULL, 0, 6, '2040-01-01', NULL, 'ml', 500.00, 'g', NULL, 0, NULL, NULL, NULL, NULL, NULL, NULL, NULL, NULL, NULL, NULL, 0, 0, 0, 0, 0, 0, 23, 3, 840, NULL),
	(759, 1, 'Biotech USA Nutrition, L-Carnitine, 1000 мг, 60 таблеток', '759', NULL, NULL, NULL, NULL, NULL, '2018-08-09 15:51:27', '2018-08-09 16:07:34', NULL, 0, 6, '2040-01-01', NULL, 'ml', NULL, 'g', 60, 0, NULL, NULL, NULL, NULL, NULL, NULL, NULL, NULL, NULL, NULL, 0, 0, 0, 0, 0, 0, NULL, 3, 840, NULL),
	(760, 1, 'BSN, Isobern, шоколад, 600 г', '760', NULL, NULL, NULL, NULL, NULL, '2018-08-09 15:51:27', '2018-08-09 16:07:34', NULL, 0, 9, '2040-01-01', NULL, 'ml', 600.00, 'g', NULL, 0, NULL, NULL, NULL, NULL, NULL, NULL, NULL, NULL, NULL, NULL, 0, 0, 0, 0, 0, 0, 6, 3, 840, NULL),
	(761, 1, 'BSN, Isobern, клубника, 600 г', '761', NULL, NULL, NULL, NULL, NULL, '2018-08-09 15:51:27', '2018-08-09 16:07:34', NULL, 0, 9, '2040-01-01', NULL, 'ml', 600.00, 'g', NULL, 0, NULL, NULL, NULL, NULL, NULL, NULL, NULL, NULL, NULL, NULL, 0, 0, 0, 0, 0, 0, 8, 3, 840, NULL),
	(762, 1, 'Optimum Nutrition, L-Carnitine 500, 60 таблеток', '762', NULL, NULL, NULL, NULL, NULL, '2018-08-09 15:51:27', '2018-08-09 16:07:34', NULL, 0, 8, '2040-01-01', NULL, 'ml', NULL, 'g', NULL, 0, NULL, NULL, NULL, NULL, NULL, NULL, NULL, NULL, NULL, NULL, 0, 0, 0, 0, 0, 0, NULL, 1, 840, NULL),
	(763, 1, 'Scitec Nutrition, Carni X, 60 капсул ', '763', NULL, NULL, NULL, NULL, NULL, '2018-08-09 15:51:27', '2018-08-09 16:07:34', NULL, 0, 10, '2040-01-01', NULL, 'ml', NULL, 'g', 60, 0, NULL, NULL, NULL, NULL, NULL, NULL, NULL, NULL, NULL, NULL, 0, 0, 0, 0, 0, 0, NULL, 2, 840, NULL),
	(764, 1, 'Scitec Nutrition, Carni complex, 60 капсул ', '764', NULL, NULL, NULL, NULL, NULL, '2018-08-09 15:51:27', '2018-08-09 16:07:34', NULL, 0, 10, '2040-01-01', NULL, 'ml', NULL, 'g', 60, 0, NULL, NULL, NULL, NULL, NULL, NULL, NULL, NULL, NULL, NULL, 0, 0, 0, 0, 0, 0, NULL, 2, 840, NULL),
	(765, 1, 'MYPROTEIN, L-карнитин, 90 таблеток', '765', NULL, NULL, NULL, NULL, NULL, '2018-08-09 15:51:27', '2018-08-09 16:07:34', NULL, 0, 7, '2040-01-01', NULL, 'ml', NULL, 'g', 90, 0, NULL, NULL, NULL, NULL, NULL, NULL, NULL, NULL, NULL, NULL, 0, 0, 0, 0, 0, 0, NULL, 1, 101, NULL),
	(766, 1, 'MYPROTEIN, L-карнитин, 180 таблеток', '766', NULL, NULL, NULL, NULL, NULL, '2018-08-09 15:51:27', '2018-08-09 16:07:34', NULL, 0, 7, '2040-01-01', NULL, 'ml', NULL, 'g', 180, 0, NULL, NULL, NULL, NULL, NULL, NULL, NULL, NULL, NULL, NULL, 0, 0, 0, 0, 0, 0, NULL, 1, 101, NULL),
	(767, 1, 'Biotech USA Nutrition, Thermo Drine complex, 60 капсул', '767', NULL, NULL, NULL, NULL, NULL, '2018-08-09 15:51:27', '2018-08-09 16:07:34', NULL, 0, 6, '2040-01-01', NULL, 'ml', NULL, 'g', 60, 0, NULL, NULL, NULL, NULL, NULL, NULL, NULL, NULL, NULL, NULL, 0, 0, 0, 0, 0, 0, NULL, 2, 840, NULL),
	(768, 1, 'Biotech USA Nutrition, Thermo Drine Liquid, 500 мл', '768', NULL, NULL, NULL, NULL, NULL, '2018-08-09 15:51:27', '2018-08-09 16:07:34', NULL, 0, 6, '2040-01-01', 0.50, 'ml', NULL, 'g', NULL, 0, NULL, NULL, NULL, NULL, NULL, NULL, NULL, NULL, NULL, NULL, 0, 0, 0, 0, 0, 0, NULL, 7, 840, NULL),
	(769, 1, 'Scitec Nutrition, Restyle, 60 капсул', '769', NULL, NULL, NULL, NULL, NULL, '2018-08-09 15:51:27', '2018-08-09 16:07:34', NULL, 0, 10, '2040-01-01', NULL, 'ml', NULL, 'g', 60, 0, NULL, NULL, NULL, NULL, NULL, NULL, NULL, NULL, NULL, NULL, 0, 0, 0, 0, 0, 0, NULL, 2, 840, NULL),
	(770, 1, 'Scitec Nutrition, Restyle, 120 капсул', '770', NULL, NULL, NULL, NULL, NULL, '2018-08-09 15:51:27', '2018-08-09 16:07:34', NULL, 0, 10, '2040-01-01', NULL, 'ml', NULL, 'g', 120, 0, NULL, NULL, NULL, NULL, NULL, NULL, NULL, NULL, NULL, NULL, 0, 0, 0, 0, 0, 0, NULL, 2, 840, NULL),
	(771, 1, 'UNS, Fat Off, 90 таблеток', '771', NULL, NULL, NULL, NULL, NULL, '2018-08-09 15:51:27', '2018-08-09 16:07:34', NULL, 0, 14, '2040-01-01', NULL, 'ml', NULL, 'g', 90, 0, NULL, NULL, NULL, NULL, NULL, NULL, NULL, NULL, NULL, NULL, 0, 0, 0, 0, 0, 0, NULL, 1, 616, NULL),
	(772, 1, 'BSN, N.O.-Xplode 3.0, голубая малина, 1100 г', '772', NULL, NULL, NULL, NULL, NULL, '2018-08-09 15:51:27', '2018-08-09 16:07:34', NULL, 0, 9, '2040-01-01', NULL, 'ml', 1100.00, 'g', NULL, 0, NULL, NULL, NULL, NULL, NULL, NULL, NULL, NULL, NULL, NULL, 0, 0, 0, 0, 0, 0, 71, 3, 840, NULL),
	(773, 1, 'BSN, N.O.-Xplode 3.0, арбуз, 1100 г', '773', NULL, NULL, NULL, NULL, NULL, '2018-08-09 15:51:27', '2018-08-09 16:07:34', NULL, 0, 9, '2040-01-01', NULL, 'ml', 1100.00, 'g', NULL, 0, NULL, NULL, NULL, NULL, NULL, NULL, NULL, NULL, NULL, NULL, 0, 0, 0, 0, 0, 0, 68, 3, 840, NULL),
	(774, 1, 'BSN, N.O.-Xplode 3.0, фруктовый пунш, 1100 г', '774', NULL, NULL, NULL, NULL, NULL, '2018-08-09 15:51:27', '2018-08-09 16:07:34', NULL, 0, 9, '2040-01-01', NULL, 'ml', 1100.00, 'g', NULL, 0, NULL, NULL, NULL, NULL, NULL, NULL, NULL, NULL, NULL, NULL, 0, 0, 0, 0, 0, 0, 61, 3, 840, NULL),
	(775, 1, 'Biotech USA Nutrition, Nitrox therapy, персик, 680 г', '775', NULL, NULL, NULL, NULL, NULL, '2018-08-09 15:51:27', '2018-08-09 16:07:34', NULL, 0, 6, '2040-01-01', NULL, 'ml', 680.00, 'g', NULL, 0, NULL, NULL, NULL, NULL, NULL, NULL, NULL, NULL, NULL, NULL, 0, 0, 0, 0, 0, 0, 24, 3, 840, NULL),
	(776, 1, 'Biotech USA Nutrition, Nitrox therapy, виноград, 680 г', '776', NULL, NULL, NULL, NULL, NULL, '2018-08-09 15:51:27', '2018-08-09 16:07:34', NULL, 0, 6, '2040-01-01', NULL, 'ml', 680.00, 'g', NULL, 0, NULL, NULL, NULL, NULL, NULL, NULL, NULL, NULL, NULL, NULL, 0, 0, 0, 0, 0, 0, 69, 3, 840, NULL),
	(777, 1, 'Biotech USA Nutrition, Nitrox therapy, тропические фрукты, 680 г', '777', NULL, NULL, NULL, NULL, NULL, '2018-08-09 15:51:27', '2018-08-09 16:07:34', NULL, 0, 6, '2040-01-01', NULL, 'ml', 680.00, 'g', NULL, 0, NULL, NULL, NULL, NULL, NULL, NULL, NULL, NULL, NULL, NULL, 0, 0, 0, 0, 0, 0, 84, 3, 840, NULL),
	(778, 1, 'PowerPro, Pumping system Extra energy, мохито, 500 г', '778', NULL, NULL, NULL, NULL, NULL, '2018-08-09 15:51:27', '2018-08-09 16:07:34', NULL, 0, 11, '2040-01-01', NULL, 'ml', 500.00, 'g', NULL, 0, NULL, NULL, NULL, NULL, NULL, NULL, NULL, NULL, NULL, NULL, 0, 0, 0, 0, 0, 0, 83, 3, 804, NULL),
	(779, 1, 'PowerPro, Pumping system Extra energy, дюшес, 500 г', '779', NULL, NULL, NULL, NULL, NULL, '2018-08-09 15:51:27', '2018-08-09 16:07:34', NULL, 0, 11, '2040-01-01', NULL, 'ml', 500.00, 'g', NULL, 0, NULL, NULL, NULL, NULL, NULL, NULL, NULL, NULL, NULL, NULL, 0, 0, 0, 0, 0, 0, 85, 3, 804, NULL),
	(780, 1, 'Animal Nutrition ot Universal, Animal Nitro, 44 пак', '780', NULL, NULL, NULL, NULL, NULL, '2018-08-09 15:51:27', '2018-08-09 16:07:34', NULL, 0, 12, '2040-01-01', NULL, 'ml', NULL, 'g', 44, 0, NULL, NULL, NULL, NULL, NULL, NULL, NULL, NULL, NULL, NULL, 0, 0, 0, 0, 0, 0, NULL, 8, 840, NULL),
	(781, 1, 'Country Life, Country Life, не содержит глютена, ресвератрол плюс, 120 веганских капсул', '781', NULL, NULL, NULL, NULL, NULL, '2018-08-09 15:51:27', '2018-08-09 16:07:34', NULL, 0, 16, NULL, NULL, 'ml', NULL, 'g', 120, 2, NULL, NULL, NULL, NULL, NULL, NULL, NULL, NULL, NULL, NULL, 0, 0, 0, 0, 0, 0, NULL, 2, 840, NULL),
	(782, 1, 'Doctor\'s Best, Extra Strength Ginkgo, 120 мг, 360 растительных капсул', '782', NULL, NULL, NULL, NULL, NULL, '2018-08-09 15:51:27', '2018-08-09 16:07:34', NULL, 0, 17, NULL, NULL, 'ml', NULL, 'g', 360, 2, NULL, NULL, NULL, NULL, NULL, NULL, NULL, NULL, NULL, NULL, 0, 0, 0, 0, 0, 0, NULL, 2, 840, NULL),
	(783, 1, 'Doctor\'s Best, Серрапептаза, 270 капсул в растительной оболочке', '783', NULL, NULL, NULL, NULL, NULL, '2018-08-09 15:51:27', '2018-08-09 16:07:34', NULL, 0, 17, NULL, NULL, 'ml', NULL, 'g', 270, 2, NULL, NULL, NULL, NULL, NULL, NULL, NULL, NULL, NULL, NULL, 0, 0, 0, 0, 0, 0, NULL, 2, 840, NULL),
	(784, 1, 'Country Life, Экстракт сереноа и коры сливы африканской, 90 вегетарианских капсул', '784', NULL, NULL, NULL, NULL, NULL, '2018-08-09 15:51:28', '2018-08-09 16:07:34', NULL, 0, 16, NULL, NULL, 'ml', NULL, 'g', 90, 2, NULL, NULL, NULL, NULL, NULL, NULL, NULL, NULL, NULL, NULL, 0, 0, 0, 0, 0, 0, NULL, 2, 840, NULL),
	(785, 1, 'Doctor\'s Best, NAC регуляторы детоксикации, 60 растительных капсул', '785', NULL, NULL, NULL, NULL, NULL, '2018-08-09 15:51:28', '2018-08-09 16:07:34', NULL, 0, 17, NULL, NULL, 'ml', NULL, 'g', 60, 2, NULL, NULL, NULL, NULL, NULL, NULL, NULL, NULL, NULL, NULL, 0, 0, 0, 0, 0, 0, NULL, 2, 840, NULL),
	(786, 1, 'Doctor\'s Best, Астаксантин с AstaPure, 6 мг, 90 вегетарианских таблеток в мягкой оболочке', '786', NULL, NULL, NULL, NULL, NULL, '2018-08-09 15:51:28', '2018-08-09 16:07:34', NULL, 0, 17, NULL, NULL, 'ml', NULL, 'g', 90, 2, NULL, NULL, NULL, NULL, NULL, NULL, NULL, NULL, NULL, NULL, 0, 0, 0, 0, 0, 0, NULL, 2, 840, NULL),
	(787, 1, 'Doctor\'s Best, Альфа-липоевая кислота (Best Alpha-Lipoic Acid), 600 мг, 60 растительных капсул', '787', NULL, NULL, NULL, NULL, NULL, '2018-08-09 15:51:28', '2018-08-09 16:07:34', NULL, 0, 17, NULL, NULL, 'ml', NULL, 'g', 60, 2, NULL, NULL, NULL, NULL, NULL, NULL, NULL, NULL, NULL, NULL, 0, 0, 0, 0, 0, 0, NULL, 2, 840, NULL),
	(788, 1, 'Doctor\'s Best, Стабилизирующая R-липоевая кислота (Best Stabilized R-Lipoic Acid), 100 мг, 60 растит', '788', NULL, NULL, NULL, NULL, NULL, '2018-08-09 15:51:28', '2018-08-09 16:07:34', NULL, 0, 17, NULL, NULL, 'ml', NULL, 'g', 60, 2, NULL, NULL, NULL, NULL, NULL, NULL, NULL, NULL, NULL, NULL, 0, 0, 0, 0, 0, 0, NULL, 2, 840, NULL),
	(789, 1, 'Doctors Best, Лютеин с использованием лютеина Flora Glo, 20 мг, 60 капсул', '789', NULL, NULL, NULL, NULL, NULL, '2018-08-09 15:51:28', '2018-08-09 16:07:34', NULL, 0, 17, NULL, NULL, 'ml', NULL, 'g', 60, 2, NULL, NULL, NULL, NULL, NULL, NULL, NULL, NULL, NULL, NULL, 0, 0, 0, 0, 0, 0, NULL, 2, 840, NULL),
	(790, 1, 'Natrol, Рыбий жир Омега-3, натуральный лимонный вкус, 1000 мг, 150 мягких таблеток', '790', NULL, NULL, NULL, NULL, NULL, '2018-08-09 15:51:28', '2018-08-09 16:07:34', NULL, 0, 18, NULL, NULL, 'ml', NULL, 'g', 150, 2, NULL, NULL, NULL, NULL, NULL, NULL, NULL, NULL, NULL, NULL, 0, 0, 0, 0, 0, 0, 78, 2, 840, NULL),
	(791, 1, 'Nature\'s Way, Ресвератол, 60 капсул', '791', NULL, NULL, NULL, NULL, NULL, '2018-08-09 15:51:28', '2018-08-09 16:07:34', NULL, 0, 19, NULL, NULL, 'ml', NULL, 'g', 60, 2, NULL, NULL, NULL, NULL, NULL, NULL, NULL, NULL, NULL, NULL, 0, 0, 0, 0, 0, 0, NULL, 2, 840, NULL),
	(792, 1, 'Solgar, Рутин, 500 мг, 250 таблетки', '792', NULL, NULL, NULL, NULL, NULL, '2018-08-09 15:51:28', '2018-08-09 16:07:34', NULL, 0, 20, NULL, NULL, 'ml', NULL, 'g', 250, 2, NULL, NULL, NULL, NULL, NULL, NULL, NULL, NULL, NULL, NULL, 0, 0, 0, 0, 0, 0, NULL, 1, 840, NULL),
	(793, 1, 'Jarrow Formulas, Зеленый чай, 500 мг, 100 капсул', '793', NULL, NULL, NULL, NULL, NULL, '2018-08-09 15:51:28', '2018-08-09 16:07:34', NULL, 0, 21, NULL, NULL, 'ml', NULL, 'g', 100, 2, NULL, NULL, NULL, NULL, NULL, NULL, NULL, NULL, NULL, NULL, 0, 0, 0, 0, 0, 0, NULL, 2, 840, NULL),
	(794, 1, 'Doctor\'s Best, Наттокиназа, 2000 ед., 90 капсул', '794', NULL, NULL, NULL, NULL, NULL, '2018-08-09 15:51:28', '2018-08-09 16:07:34', NULL, 0, 17, NULL, NULL, 'ml', NULL, 'g', 90, 2, NULL, NULL, NULL, NULL, NULL, NULL, NULL, NULL, NULL, NULL, 0, 0, 0, 0, 0, 0, NULL, 2, 840, NULL),
	(795, 1, 'Country Life, Цинк, хелатный, 50 мг, 100 таблеток', '795', NULL, NULL, NULL, NULL, NULL, '2018-08-09 15:51:28', '2018-08-09 16:07:34', NULL, 0, 16, NULL, NULL, 'ml', NULL, 'g', 100, 2, NULL, NULL, NULL, NULL, NULL, NULL, NULL, NULL, NULL, NULL, 0, 0, 0, 0, 0, 0, NULL, 1, 840, NULL),
	(796, 1, 'Jarrow Formulas, Метил B-12, со вкусом вишни, 500 мкг, 100 леденцов', '796', NULL, NULL, NULL, NULL, NULL, '2018-08-09 15:51:28', '2018-08-09 16:07:34', NULL, 0, 21, NULL, NULL, 'ml', NULL, 'g', 100, 2, NULL, NULL, NULL, NULL, NULL, NULL, NULL, NULL, NULL, NULL, 0, 0, 0, 0, 0, 0, 23, 6, 840, NULL),
	(797, 1, 'Country Life, Рутин, 500 мг, 100 таблеток', '797', NULL, NULL, NULL, NULL, NULL, '2018-08-09 15:51:28', '2018-08-09 16:07:34', NULL, 0, 16, NULL, NULL, 'ml', NULL, 'g', 100, 2, NULL, NULL, NULL, NULL, NULL, NULL, NULL, NULL, NULL, NULL, 0, 0, 0, 0, 0, 0, NULL, 1, 840, NULL),
	(798, 1, 'Carlson Labs, Витамины А, С, Е + цинк, 120 капсул ', '798', NULL, NULL, NULL, NULL, NULL, '2018-08-09 15:51:28', '2018-08-09 16:07:34', NULL, 0, 22, NULL, NULL, 'ml', NULL, 'g', 120, 2, NULL, NULL, NULL, NULL, NULL, NULL, NULL, NULL, NULL, NULL, 0, 0, 0, 0, 0, 0, NULL, 2, 840, NULL),
	(799, 1, 'Doctor\'s Best, L-карнитин фумарат, 855 мг, 60 капсул в растительной оболочке', '799', NULL, NULL, NULL, NULL, NULL, '2018-08-09 15:51:28', '2018-08-09 16:07:34', NULL, 0, 17, NULL, NULL, 'ml', NULL, 'g', 60, 2, NULL, NULL, NULL, NULL, NULL, NULL, NULL, NULL, NULL, NULL, 0, 0, 0, 0, 0, 0, NULL, 2, 840, NULL),
	(800, 1, 'Country Life, Taurine Caps, 500 mg, 100 Veggie Caps', '800', NULL, NULL, NULL, NULL, NULL, '2018-08-09 15:51:28', '2018-08-09 16:07:34', NULL, 0, 16, NULL, NULL, 'ml', NULL, 'g', 100, 2, NULL, NULL, NULL, NULL, NULL, NULL, NULL, NULL, NULL, NULL, 0, 0, 0, 0, 0, 0, NULL, 2, 840, NULL),
	(801, 1, 'Country Life, NAC, N-ацетилцистеин, 750 мг, 60 вегетарианских капсул', '801', NULL, NULL, NULL, NULL, NULL, '2018-08-09 15:51:28', '2018-08-09 16:07:34', NULL, 0, 16, NULL, NULL, 'ml', NULL, 'g', 60, 2, NULL, NULL, NULL, NULL, NULL, NULL, NULL, NULL, NULL, NULL, 0, 0, 0, 0, 0, 0, NULL, 2, 840, NULL),
	(802, 1, 'Doctor\'s Best, Best, коллаген, тип 1 и 3, порошок, 7,1 унции (200 г)', '802', NULL, NULL, NULL, NULL, NULL, '2018-08-09 15:51:28', '2018-08-09 16:07:34', NULL, 0, 17, NULL, NULL, 'ml', 200.00, 'g', NULL, 2, NULL, NULL, NULL, NULL, NULL, NULL, NULL, NULL, NULL, NULL, 0, 0, 0, 0, 0, 0, NULL, 3, 840, NULL),
	(803, 1, 'Doctor\'s Best, Пальма сереноа, стандартизированный экстракт с Евромед, 320 мг, 60 капсул', '803', NULL, NULL, NULL, NULL, NULL, '2018-08-09 15:51:28', '2018-08-09 16:07:34', NULL, 0, 17, NULL, NULL, 'ml', NULL, 'g', 60, 2, NULL, NULL, NULL, NULL, NULL, NULL, NULL, NULL, NULL, NULL, 0, 0, 0, 0, 0, 0, NULL, 2, 840, NULL),
	(804, 1, 'Doctor\'s Best, Лучший фосфатидилсерин с SerinAid, 100 мг, 60 капсул', '804', NULL, NULL, NULL, NULL, NULL, '2018-08-09 15:51:28', '2018-08-09 16:07:34', NULL, 0, 17, NULL, NULL, 'ml', NULL, 'g', 60, 2, NULL, NULL, NULL, NULL, NULL, NULL, NULL, NULL, NULL, NULL, 0, 0, 0, 0, 0, 0, NULL, 2, 840, NULL),
	(805, 1, 'Doctor\'s Best, Best гиалуроновая кислота с хондроитин сульфатом, 180 вегетарианских капсул', '805', NULL, NULL, NULL, NULL, NULL, '2018-08-09 15:51:28', '2018-08-09 16:07:34', NULL, 0, 17, NULL, NULL, 'ml', NULL, 'g', 180, 2, NULL, NULL, NULL, NULL, NULL, NULL, NULL, NULL, NULL, NULL, 0, 0, 0, 0, 0, 0, NULL, 2, 840, NULL),
	(806, 1, 'Doctor\'s Best, Сантианин L-тианин, 150 мг, 90 капсул на растительной основе', '806', NULL, NULL, NULL, NULL, NULL, '2018-08-09 15:51:28', '2018-08-09 16:07:34', NULL, 0, 17, NULL, NULL, 'ml', NULL, 'g', 90, 2, NULL, NULL, NULL, NULL, NULL, NULL, NULL, NULL, NULL, NULL, 0, 0, 0, 0, 0, 0, NULL, 2, 840, NULL),
	(807, 1, 'Doctor\'s Best, CoQ10, с BioPerine, 100 мг, 120 овощных капсул', '807', NULL, NULL, NULL, NULL, NULL, '2018-08-09 15:51:28', '2018-08-09 16:07:34', NULL, 0, 17, NULL, NULL, 'ml', NULL, 'g', 120, 2, NULL, NULL, NULL, NULL, NULL, NULL, NULL, NULL, NULL, NULL, 0, 0, 0, 0, 0, 0, NULL, 2, 840, NULL),
	(808, 1, 'Doctor\'s Best, Убихинол с канека, 100 мг, 60 капсул', '808', NULL, NULL, NULL, NULL, NULL, '2018-08-09 15:51:28', '2018-08-09 16:07:34', NULL, 0, 17, NULL, NULL, 'ml', NULL, 'g', 60, 2, NULL, NULL, NULL, NULL, NULL, NULL, NULL, NULL, NULL, NULL, 0, 0, 0, 0, 0, 0, NULL, 2, 840, NULL),
	(809, 1, 'Doctor\'s Best, Лучшая альфа-липоевая кислота, 150 мг, 120 капсул', '809', NULL, NULL, NULL, NULL, NULL, '2018-08-09 15:51:28', '2018-08-09 16:07:34', NULL, 0, 17, NULL, NULL, 'ml', NULL, 'g', 120, 2, NULL, NULL, NULL, NULL, NULL, NULL, NULL, NULL, NULL, NULL, 0, 0, 0, 0, 0, 0, NULL, 2, 840, NULL),
	(810, 1, 'Country Life, не содержит глютена, диметиламиноэтанол (ДМАЭ), коферментированный, 350мг, 50 капсул', '810', NULL, NULL, NULL, NULL, NULL, '2018-08-09 15:51:28', '2018-08-09 16:07:34', NULL, 0, 16, NULL, NULL, 'ml', NULL, 'g', 50, 2, NULL, NULL, NULL, NULL, NULL, NULL, NULL, NULL, NULL, NULL, 0, 0, 0, 0, 0, 0, NULL, 2, 840, NULL),
	(811, 1, 'Jarrow Formulas, L-Лизин, 500 мг., 100 капсул', '811', NULL, NULL, NULL, NULL, NULL, '2018-08-09 15:51:28', '2018-08-09 16:07:34', NULL, 0, 21, NULL, NULL, 'ml', NULL, 'g', 100, 2, NULL, NULL, NULL, NULL, NULL, NULL, NULL, NULL, NULL, NULL, 0, 0, 0, 0, 0, 0, NULL, 2, 840, NULL),
	(812, 1, 'Natrol, Альфа-липоевая кислота, 300 мг, 50 капсул', '812', NULL, NULL, NULL, NULL, NULL, '2018-08-09 15:51:28', '2018-08-09 16:07:35', NULL, 0, 18, NULL, NULL, 'ml', NULL, 'g', 50, 2, NULL, NULL, NULL, NULL, NULL, NULL, NULL, NULL, NULL, NULL, 0, 0, 0, 0, 0, 0, NULL, 2, 840, NULL),
	(813, 1, 'Jarrow Formulas, Коэнзим Q10 200, 200 мг, 60 капсул', '813', NULL, NULL, NULL, NULL, NULL, '2018-08-09 15:51:28', '2018-08-09 16:07:35', NULL, 0, 21, NULL, NULL, 'ml', NULL, 'g', 60, 2, NULL, NULL, NULL, NULL, NULL, NULL, NULL, NULL, NULL, NULL, 0, 0, 0, 0, 0, 0, NULL, 2, 840, NULL),
	(814, 1, 'Natural Factors, Кофермент Q10, 100 мг, 120 мягких капсул', '814', NULL, NULL, NULL, NULL, NULL, '2018-08-09 15:51:28', '2018-08-09 16:07:35', NULL, 0, 23, NULL, NULL, 'ml', NULL, 'g', 120, 2, NULL, NULL, NULL, NULL, NULL, NULL, NULL, NULL, NULL, NULL, 0, 0, 0, 0, 0, 0, NULL, 2, 840, NULL),
	(815, 1, 'Jarrow Formulas, Коэнзим-Q10, 100 мг, 60 капсул', '815', NULL, NULL, NULL, NULL, NULL, '2018-08-09 15:51:28', '2018-08-09 16:07:35', NULL, 0, 21, NULL, NULL, 'ml', NULL, 'g', 60, 2, NULL, NULL, NULL, NULL, NULL, NULL, NULL, NULL, NULL, NULL, 0, 0, 0, 0, 0, 0, NULL, 2, 840, NULL),
	(816, 1, 'Carlson Labs, ДГК для кормящих мам, 500 мг, 120 желатиновых капсул', '816', NULL, NULL, NULL, NULL, NULL, '2018-08-09 15:51:28', '2018-08-09 16:07:35', NULL, 0, 22, NULL, NULL, 'ml', NULL, 'g', 120, 2, NULL, NULL, NULL, NULL, NULL, NULL, NULL, NULL, NULL, NULL, 0, 0, 0, 0, 0, 0, NULL, 2, 840, NULL),
	(817, 1, 'Country Life, Омега-3, 1000 мг, 200 желатиновых капсул', '817', NULL, NULL, NULL, NULL, NULL, '2018-08-09 15:51:28', '2018-08-09 16:07:35', NULL, 0, 16, NULL, NULL, 'ml', NULL, 'g', 200, 2, NULL, NULL, NULL, NULL, NULL, NULL, NULL, NULL, NULL, NULL, 0, 0, 0, 0, 0, 0, NULL, 2, 840, NULL),
	(818, 1, 'Carlson Labs, Выловлено в диких условиях, Супер жемчужины с Омега-3, 1 200 мг, 100 + 30 мягких табл', '818', NULL, NULL, NULL, NULL, NULL, '2018-08-09 15:51:28', '2018-08-09 16:07:35', NULL, 0, 22, NULL, NULL, 'ml', NULL, 'g', 130, 2, NULL, NULL, NULL, NULL, NULL, NULL, NULL, NULL, NULL, NULL, 0, 0, 0, 0, 0, 0, NULL, 1, 840, NULL),
	(819, 1, 'Jarrow Formulas, Таурин 1000 мг, 100 капсул', '819', NULL, NULL, NULL, NULL, NULL, '2018-08-09 15:51:28', '2018-08-09 16:07:35', NULL, 0, 21, NULL, NULL, 'ml', NULL, 'g', 100, 2, NULL, NULL, NULL, NULL, NULL, NULL, NULL, NULL, NULL, NULL, 0, 0, 0, 0, 0, 0, NULL, 2, 840, NULL),
	(820, 1, 'Jarrow Formulas, Убихинол QH-Absorb, 100 мг, 60 капсул', '820', NULL, NULL, NULL, NULL, NULL, '2018-08-09 15:51:28', '2018-08-09 16:07:35', NULL, 0, 21, NULL, NULL, 'ml', NULL, 'g', 60, 2, NULL, NULL, NULL, NULL, NULL, NULL, NULL, NULL, NULL, NULL, 0, 0, 0, 0, 0, 0, NULL, 2, 840, NULL),
	(821, 1, 'Jarrow Formulas, Куркумин 95, 500 мг, 120 вегетарианских капсул', '821', NULL, NULL, NULL, NULL, NULL, '2018-08-09 15:51:28', '2018-08-09 16:07:35', NULL, 0, 21, NULL, NULL, 'ml', NULL, 'g', 120, 2, NULL, NULL, NULL, NULL, NULL, NULL, NULL, NULL, NULL, NULL, 0, 0, 0, 0, 0, 0, NULL, 2, 840, NULL),
	(822, 1, 'Jarrow Formulas, Альфа-липоевая кислота 300 с биотином, 300 мг, 60 таблеток', '822', NULL, NULL, NULL, NULL, NULL, '2018-08-09 15:51:28', '2018-08-09 16:07:35', NULL, 0, 21, NULL, NULL, 'ml', NULL, 'g', 60, 2, NULL, NULL, NULL, NULL, NULL, NULL, NULL, NULL, NULL, NULL, 0, 0, 0, 0, 0, 0, NULL, 2, 840, NULL),
	(823, 1, 'Biotech USA Nutrition, Multivitamin for Women, 60 таблеток', '823', NULL, NULL, NULL, NULL, NULL, '2018-08-09 15:51:28', '2018-08-09 16:07:35', NULL, 0, 6, '2040-01-01', NULL, 'ml', NULL, 'g', 60, 0, NULL, NULL, NULL, NULL, NULL, NULL, NULL, NULL, NULL, NULL, 0, 0, 0, 0, 0, 0, NULL, 1, 840, NULL),
	(824, 1, 'Biotech USA Nutrition, Active Women, 60 таблеток', '824', NULL, NULL, NULL, NULL, NULL, '2018-08-09 15:51:28', '2018-08-09 16:07:35', NULL, 0, 6, '2040-01-01', NULL, 'ml', NULL, 'g', 60, 0, NULL, NULL, NULL, NULL, NULL, NULL, NULL, NULL, NULL, NULL, 0, 0, 0, 0, 0, 0, NULL, 1, 840, NULL),
	(825, 1, 'Biotech USA Nutrition, Multi mineral complex , 100 таблеток', '825', NULL, NULL, NULL, NULL, NULL, '2018-08-09 15:51:28', '2018-08-09 16:07:35', NULL, 0, 6, '2040-01-01', NULL, 'ml', NULL, 'g', 100, 0, NULL, NULL, NULL, NULL, NULL, NULL, NULL, NULL, NULL, NULL, 0, 0, 0, 0, 0, 0, NULL, 1, 840, NULL),
	(826, 1, 'Optimum Nutrition, Opti Women, 60 таблеток', '826', NULL, NULL, NULL, NULL, NULL, '2018-08-09 15:51:28', '2018-08-09 16:07:35', NULL, 0, 8, '2040-01-01', NULL, 'ml', NULL, 'g', 60, 0, NULL, NULL, NULL, NULL, NULL, NULL, NULL, NULL, NULL, NULL, 0, 0, 0, 0, 0, 0, NULL, 1, 840, NULL),
	(827, 1, 'Optimum Nutrition, Opti Women, 120 таблеток', '827', NULL, NULL, NULL, NULL, NULL, '2018-08-09 15:51:28', '2018-08-09 16:07:35', NULL, 0, 8, '2040-01-01', NULL, 'ml', NULL, 'g', 120, 0, NULL, NULL, NULL, NULL, NULL, NULL, NULL, NULL, NULL, NULL, 0, 0, 0, 0, 0, 0, NULL, 1, 840, NULL),
	(828, 1, 'GNC, Womens Mega Ultra, 90 капсул', '828', NULL, NULL, NULL, NULL, NULL, '2018-08-09 15:51:28', '2018-08-09 16:07:35', NULL, 0, 24, '2040-01-01', NULL, 'ml', NULL, 'g', 90, 0, NULL, NULL, NULL, NULL, NULL, NULL, NULL, NULL, NULL, NULL, 0, 0, 0, 0, 0, 0, NULL, 2, 840, NULL),
	(829, 1, 'GNC, Womens Mega Ultra, 180 капсул', '829', NULL, NULL, NULL, NULL, NULL, '2018-08-09 15:51:28', '2018-08-09 16:07:35', NULL, 0, 24, '2040-01-01', NULL, 'ml', NULL, 'g', 180, 0, NULL, NULL, NULL, NULL, NULL, NULL, NULL, NULL, NULL, NULL, 0, 0, 0, 0, 0, 0, NULL, 2, 840, NULL),
	(830, 1, 'MYPROTEIN, Active Woman, 120 таблеток', '830', NULL, NULL, NULL, NULL, NULL, '2018-08-09 15:51:28', '2018-08-09 16:07:35', NULL, 0, 7, '2040-01-01', NULL, 'ml', NULL, 'g', 120, 0, NULL, NULL, NULL, NULL, NULL, NULL, NULL, NULL, NULL, NULL, 0, 0, 0, 0, 0, 0, NULL, 1, 101, NULL),
	(831, 1, 'Puritans Pride, Ultra Vita Women, 90 таблеток', '831', NULL, NULL, NULL, NULL, NULL, '2018-08-09 15:51:28', '2018-08-09 16:07:35', NULL, 0, 25, '2040-01-01', NULL, 'ml', NULL, 'g', 90, 0, NULL, NULL, NULL, NULL, NULL, NULL, NULL, NULL, NULL, NULL, 0, 0, 0, 0, 0, 0, NULL, 1, 840, NULL),
	(832, 1, 'Puritans Pride, One Daily Women\'s Multivitamin, 100 капсул', '832', NULL, NULL, NULL, NULL, NULL, '2018-08-09 15:51:28', '2018-08-09 16:07:35', NULL, 0, 25, '2040-01-01', NULL, 'ml', NULL, 'g', 100, 0, NULL, NULL, NULL, NULL, NULL, NULL, NULL, NULL, NULL, NULL, 0, 0, 0, 0, 0, 0, NULL, 2, 840, NULL),
	(833, 1, 'GNC, Mega Men, 90 капсул', '833', NULL, NULL, NULL, NULL, NULL, '2018-08-09 15:51:28', '2018-08-09 16:07:35', NULL, 0, 24, '2040-01-01', NULL, 'ml', NULL, 'g', 90, 0, NULL, NULL, NULL, NULL, NULL, NULL, NULL, NULL, NULL, NULL, 0, 0, 0, 0, 0, 0, NULL, 2, 840, NULL),
	(834, 1, 'GNC, Mega Men, 180 капсул', '834', NULL, NULL, NULL, NULL, NULL, '2018-08-09 15:51:28', '2018-08-09 16:07:35', NULL, 0, 24, '2040-01-01', NULL, 'ml', NULL, 'g', 180, 0, NULL, NULL, NULL, NULL, NULL, NULL, NULL, NULL, NULL, NULL, 0, 0, 0, 0, 0, 0, NULL, 2, 840, NULL),
	(835, 1, 'GNC, Mega Men Sport, 90 капсул', '835', NULL, NULL, NULL, NULL, NULL, '2018-08-09 15:51:28', '2018-08-09 16:07:35', NULL, 0, 24, '2040-01-01', NULL, 'ml', NULL, 'g', 90, 0, NULL, NULL, NULL, NULL, NULL, NULL, NULL, NULL, NULL, NULL, 0, 0, 0, 0, 0, 0, NULL, 2, 840, NULL),
	(836, 1, 'GNC, Mega Men Sport, 180 капсул', '836', NULL, NULL, NULL, NULL, NULL, '2018-08-09 15:51:28', '2018-08-09 16:07:35', NULL, 0, 24, '2040-01-01', NULL, 'ml', NULL, 'g', 180, 0, NULL, NULL, NULL, NULL, NULL, NULL, NULL, NULL, NULL, NULL, 0, 0, 0, 0, 0, 0, NULL, 2, 840, NULL),
	(837, 1, 'Animal Nutrition ot Universal, Animal pak, 44 пакетиков', '837', NULL, NULL, NULL, NULL, NULL, '2018-08-09 15:51:28', '2018-08-09 16:07:35', NULL, 0, 12, '2040-01-01', NULL, 'ml', NULL, 'g', 44, 0, NULL, NULL, NULL, NULL, NULL, NULL, NULL, NULL, NULL, NULL, 0, 0, 0, 0, 0, 0, NULL, 3, 840, NULL),
	(838, 1, 'Animal Nutrition ot Universal, Animal pak powder, вишня-ягоды, 369 г', '838', NULL, NULL, NULL, NULL, NULL, '2018-08-09 15:51:28', '2018-08-09 16:07:35', NULL, 0, 12, '2040-01-01', NULL, 'ml', 369.00, 'g', NULL, 0, NULL, NULL, NULL, NULL, NULL, NULL, NULL, NULL, NULL, NULL, 0, 0, 0, 0, 0, 0, 86, 3, 840, NULL),
	(839, 1, 'Animal Nutrition ot Universal, Animal pak powder, апельсин, 369 г', '839', NULL, NULL, NULL, NULL, NULL, '2018-08-09 15:51:28', '2018-08-09 16:07:35', NULL, 0, 12, '2040-01-01', NULL, 'ml', 369.00, 'g', NULL, 0, NULL, NULL, NULL, NULL, NULL, NULL, NULL, NULL, NULL, NULL, 0, 0, 0, 0, 0, 0, 63, 3, 840, NULL),
	(840, 1, 'Biotech USA Nutrition, Multivitamin for men, 60 таблеток', '840', NULL, NULL, NULL, NULL, NULL, '2018-08-09 15:51:28', '2018-08-09 16:07:35', NULL, 0, 6, '2040-01-01', NULL, 'ml', NULL, 'g', 60, 0, NULL, NULL, NULL, NULL, NULL, NULL, NULL, NULL, NULL, NULL, 0, 0, 0, 0, 0, 0, NULL, 1, 840, NULL),
	(841, 1, 'Biotech USA Nutrition, Men\'s ArginMax, 90 таблеток', '841', NULL, NULL, NULL, NULL, NULL, '2018-08-09 15:51:29', '2018-08-09 16:07:35', NULL, 0, 6, '2040-01-01', NULL, 'ml', NULL, 'g', 90, 0, NULL, NULL, NULL, NULL, NULL, NULL, NULL, NULL, NULL, NULL, 0, 0, 0, 0, 0, 0, NULL, 1, 840, NULL),
	(842, 1, 'Optimum Nutrition, Opti Men, 90 таблеток', '842', NULL, NULL, NULL, NULL, NULL, '2018-08-09 15:51:29', '2018-08-09 16:07:35', NULL, 0, 8, '2040-01-01', NULL, 'ml', NULL, 'g', 90, 0, NULL, NULL, NULL, NULL, NULL, NULL, NULL, NULL, NULL, NULL, 0, 0, 0, 0, 0, 0, NULL, 1, 840, NULL),
	(843, 1, 'Optimum Nutrition, Opti Men, 150 таблеток', '843', NULL, NULL, NULL, NULL, NULL, '2018-08-09 15:51:29', '2018-08-09 16:07:35', NULL, 0, 8, '2040-01-01', NULL, 'ml', NULL, 'g', 150, 0, NULL, NULL, NULL, NULL, NULL, NULL, NULL, NULL, NULL, NULL, 0, 0, 0, 0, 0, 0, NULL, 1, 840, NULL),
	(844, 1, 'Optimum Nutrition, Opti Men, 240 таблеток', '844', NULL, NULL, NULL, NULL, NULL, '2018-08-09 15:51:29', '2018-08-09 16:07:35', NULL, 0, 8, '2040-01-01', NULL, 'ml', NULL, 'g', 240, 0, NULL, NULL, NULL, NULL, NULL, NULL, NULL, NULL, NULL, NULL, 0, 0, 0, 0, 0, 0, NULL, 1, 840, NULL),
	(845, 1, 'Scitec Nutrition,  Monster Pak, 60 пакетиков', '845', NULL, NULL, NULL, NULL, NULL, '2018-08-09 15:51:29', '2018-08-09 16:07:35', NULL, 0, 10, '2040-01-01', NULL, 'ml', NULL, 'g', 60, 0, NULL, NULL, NULL, NULL, NULL, NULL, NULL, NULL, NULL, NULL, 0, 0, 0, 0, 0, 0, NULL, 3, 840, NULL),
	(846, 1, 'Universal Nutrition, Daily Formula, 100 таблеток', '846', NULL, NULL, NULL, NULL, NULL, '2018-08-09 15:51:29', '2018-08-09 16:07:35', NULL, 0, 15, '2040-01-01', NULL, 'ml', NULL, 'g', 100, 0, NULL, NULL, NULL, NULL, NULL, NULL, NULL, NULL, NULL, NULL, 0, 0, 0, 0, 0, 0, NULL, 1, 840, NULL),
	(847, 1, 'Muscle Pharm, Armor-V, 180 капсул', '847', NULL, NULL, NULL, NULL, NULL, '2018-08-09 15:51:29', '2018-08-09 16:07:35', NULL, 0, 13, '2040-01-01', NULL, 'ml', NULL, 'g', 180, 0, NULL, NULL, NULL, NULL, NULL, NULL, NULL, NULL, NULL, NULL, 0, 0, 0, 0, 0, 0, NULL, 2, 840, NULL),
	(848, 1, 'Puritans Pride, Ultra Vita Man, 90 капсул', '848', NULL, NULL, NULL, NULL, NULL, '2018-08-09 15:51:29', '2018-08-09 16:07:35', NULL, 0, 25, '2040-01-01', NULL, 'ml', NULL, 'g', 90, 0, NULL, NULL, NULL, NULL, NULL, NULL, NULL, NULL, NULL, NULL, 0, 0, 0, 0, 0, 0, NULL, 2, 840, NULL),
	(849, 1, 'MYPROTEIN, Alpha Men Super Multi Vitamin, 120 таблеток', '849', NULL, NULL, NULL, NULL, NULL, '2018-08-09 15:51:29', '2018-08-09 16:07:35', NULL, 0, 7, '2040-01-01', NULL, 'ml', NULL, 'g', 120, 0, NULL, NULL, NULL, NULL, NULL, NULL, NULL, NULL, NULL, NULL, 0, 0, 0, 0, 0, 0, NULL, 1, 840, NULL),
	(850, 1, 'Optimum Nutrition, Daily fit caps, 120 капсул', '850', NULL, NULL, NULL, NULL, NULL, '2018-08-09 15:51:29', '2018-08-09 16:07:35', NULL, 0, 8, '2040-01-01', NULL, 'ml', NULL, 'g', 120, 0, NULL, NULL, NULL, NULL, NULL, NULL, NULL, NULL, NULL, NULL, 0, 0, 0, 0, 0, 0, NULL, 2, 840, NULL),
	(851, 1, 'Universal Nutrition, Daily caps, 75 капсул', '851', NULL, NULL, NULL, NULL, NULL, '2018-08-09 15:51:29', '2018-08-09 16:07:35', NULL, 0, 15, '2040-01-01', NULL, 'ml', NULL, 'g', 75, 0, NULL, NULL, NULL, NULL, NULL, NULL, NULL, NULL, NULL, NULL, 0, 0, 0, 0, 0, 0, NULL, 2, 840, NULL),
	(852, 1, 'Biotech USA Nutrition, Omega 3, 90 капсул', '852', NULL, NULL, NULL, NULL, NULL, '2018-08-09 15:51:29', '2018-08-09 16:07:35', NULL, 0, 6, '2040-01-01', NULL, 'ml', NULL, 'g', 90, 0, NULL, NULL, NULL, NULL, NULL, NULL, NULL, NULL, NULL, NULL, 0, 0, 0, 0, 0, 0, NULL, 2, 840, NULL),
	(853, 1, 'Optimum Nutrition, Fish Oil, 200 капсул', '853', NULL, NULL, NULL, NULL, NULL, '2018-08-09 15:51:29', '2018-08-09 16:07:35', NULL, 0, 8, '2040-01-01', NULL, 'ml', NULL, 'g', 200, 0, NULL, NULL, NULL, NULL, NULL, NULL, NULL, NULL, NULL, NULL, 0, 0, 0, 0, 0, 0, NULL, 2, 840, NULL),
	(854, 1, 'Scitec Nutrition,  Omega 3, 100 капсул', '854', NULL, NULL, NULL, NULL, NULL, '2018-08-09 15:51:29', '2018-08-09 16:07:35', NULL, 0, 10, '2040-01-01', NULL, 'ml', NULL, 'g', 100, 0, NULL, NULL, NULL, NULL, NULL, NULL, NULL, NULL, NULL, NULL, 0, 0, 0, 0, 0, 0, NULL, 2, 840, NULL),
	(855, 1, 'MYPROTEIN, Cod Liver Oil, 90 капсул', '855', NULL, NULL, NULL, NULL, NULL, '2018-08-09 15:51:29', '2018-08-09 16:07:35', NULL, 0, 7, '2040-01-01', NULL, 'ml', NULL, 'g', 90, 0, NULL, NULL, NULL, NULL, NULL, NULL, NULL, NULL, NULL, NULL, 0, 0, 0, 0, 0, 0, NULL, 2, 101, NULL),
	(856, 1, 'Puritans Pride,  Omega-3 1200 мг, 100 капсул', '856', NULL, NULL, NULL, NULL, NULL, '2018-08-09 15:51:29', '2018-08-09 16:07:35', NULL, 0, 25, '2040-01-01', NULL, 'ml', NULL, 'g', 100, 0, NULL, NULL, NULL, NULL, NULL, NULL, NULL, NULL, NULL, NULL, 0, 0, 0, 0, 0, 0, NULL, 2, 840, NULL),
	(857, 1, 'Puritans Pride, Omega-3 1200 мг, 200 капсул', '857', NULL, NULL, NULL, NULL, NULL, '2018-08-09 15:51:29', '2018-08-09 16:07:35', NULL, 0, 25, '2040-01-01', NULL, 'ml', NULL, 'g', 200, 0, NULL, NULL, NULL, NULL, NULL, NULL, NULL, NULL, NULL, NULL, 0, 0, 0, 0, 0, 0, NULL, 2, 840, NULL),
	(858, 1, 'Puritans Pride, Omega-3 Double Strength 1200 мг, 180 капсул', '858', NULL, NULL, NULL, NULL, NULL, '2018-08-09 15:51:29', '2018-08-09 16:07:35', NULL, 0, 25, '2040-01-01', NULL, 'ml', NULL, 'g', 180, 0, NULL, NULL, NULL, NULL, NULL, NULL, NULL, NULL, NULL, NULL, 0, 0, 0, 0, 0, 0, NULL, 2, 840, NULL),
	(859, 1, 'Puritans Pride, Omega-3 Double Strength 1200 мг,  90 капсул', '859', NULL, NULL, NULL, NULL, NULL, '2018-08-09 15:51:29', '2018-08-09 16:07:35', NULL, 0, 25, '2040-01-01', NULL, 'ml', NULL, 'g', 90, 0, NULL, NULL, NULL, NULL, NULL, NULL, NULL, NULL, NULL, NULL, 0, 0, 0, 0, 0, 0, NULL, 2, 840, NULL),
	(860, 1, 'Puritans Pride, Triple Omega 3-6-9 Maximum Strength, 120 капсул', '860', NULL, NULL, NULL, NULL, NULL, '2018-08-09 15:51:29', '2018-08-09 16:07:35', NULL, 0, 25, '2040-01-01', NULL, 'ml', NULL, 'g', 120, 0, NULL, NULL, NULL, NULL, NULL, NULL, NULL, NULL, NULL, NULL, 0, 0, 0, 0, 0, 0, NULL, 2, 840, NULL),
	(861, 1, 'Puritans Pride, Triple Omega 3-6-9 Maximum Strength, 60 капсул', '861', NULL, NULL, NULL, NULL, NULL, '2018-08-09 15:51:29', '2018-08-09 16:07:35', NULL, 0, 25, '2040-01-01', NULL, 'ml', NULL, 'g', 60, 0, NULL, NULL, NULL, NULL, NULL, NULL, NULL, NULL, NULL, NULL, 0, 0, 0, 0, 0, 0, NULL, 2, 840, NULL),
	(862, 1, 'UNS, Omega 3 - 120 капсул', '862', NULL, NULL, NULL, NULL, NULL, '2018-08-09 15:51:29', '2018-08-09 16:07:35', NULL, 0, 14, '2040-01-01', NULL, 'ml', NULL, 'g', 120, 0, NULL, NULL, NULL, NULL, NULL, NULL, NULL, NULL, NULL, NULL, 0, 0, 0, 0, 0, 0, NULL, 2, 616, NULL),
	(863, 1, 'MYPROTEIN, Omega 3, 250 капсул', '863', NULL, NULL, NULL, NULL, NULL, '2018-08-09 15:51:29', '2018-08-09 16:07:35', NULL, 0, 7, '2040-01-01', NULL, 'ml', NULL, 'g', 250, 0, NULL, NULL, NULL, NULL, NULL, NULL, NULL, NULL, NULL, NULL, 0, 0, 0, 0, 0, 0, NULL, 2, 616, NULL),
	(864, 1, 'MYPROTEIN, Omega 3, 90 капсул', '864', NULL, NULL, NULL, NULL, NULL, '2018-08-09 15:51:29', '2018-08-09 16:07:35', NULL, 0, 7, '2040-01-01', NULL, 'ml', NULL, 'g', 90, 0, NULL, NULL, NULL, NULL, NULL, NULL, NULL, NULL, NULL, NULL, 0, 0, 0, 0, 0, 0, NULL, 2, 840, NULL),
	(865, 1, 'Animal Nutrition ot Universal, Animal Flex Powder, апельсин', '865', NULL, NULL, NULL, NULL, NULL, '2018-08-09 15:51:29', '2018-08-09 16:07:35', NULL, 0, 12, '2040-01-01', NULL, 'ml', NULL, 'g', NULL, 0, NULL, NULL, NULL, NULL, NULL, NULL, NULL, NULL, NULL, NULL, 0, 0, 0, 0, 0, 0, NULL, 3, 840, NULL),
	(866, 1, 'Biotech USA Nutrition, Arthro Guard, 120 таблеток', '866', NULL, NULL, NULL, NULL, NULL, '2018-08-09 15:51:29', '2018-08-09 16:07:35', NULL, 0, 6, '2040-01-01', NULL, 'ml', NULL, 'g', 120, 0, NULL, NULL, NULL, NULL, NULL, NULL, NULL, NULL, NULL, NULL, 0, 0, 0, 0, 0, 0, NULL, 1, 840, NULL),
	(867, 1, 'Biotech USA Nutrition, Chondroitin Glucosamine, 60 таблеток', '867', NULL, NULL, NULL, NULL, NULL, '2018-08-09 15:51:29', '2018-08-09 16:07:35', NULL, 0, 6, '2040-01-01', NULL, 'ml', NULL, 'g', 60, 0, NULL, NULL, NULL, NULL, NULL, NULL, NULL, NULL, NULL, NULL, 0, 0, 0, 0, 0, 0, NULL, 1, 840, NULL),
	(868, 1, 'Optimum Nutrition, Glucosamine+CSA, 120 таблеток', '868', NULL, NULL, NULL, NULL, NULL, '2018-08-09 15:51:29', '2018-08-09 16:07:35', NULL, 0, 8, '2040-01-01', NULL, 'ml', NULL, 'g', 120, 0, NULL, NULL, NULL, NULL, NULL, NULL, NULL, NULL, NULL, NULL, 0, 0, 0, 0, 0, 0, NULL, 1, 840, NULL),
	(869, 1, 'Scitec Nutrition,  Mega Glucosamine, 100 капсул', '869', NULL, NULL, NULL, NULL, NULL, '2018-08-09 15:51:29', '2018-08-09 16:07:35', NULL, 0, 10, '2040-01-01', NULL, 'ml', NULL, 'g', 100, 0, NULL, NULL, NULL, NULL, NULL, NULL, NULL, NULL, NULL, NULL, 0, 0, 0, 0, 0, 0, NULL, 2, 840, NULL),
	(870, 1, 'Universal Nutrition, JOINTMENT SPORT, 120 капсул', '870', NULL, NULL, NULL, NULL, NULL, '2018-08-09 15:51:29', '2018-08-09 16:07:35', NULL, 0, 15, '2040-01-01', NULL, 'ml', NULL, 'g', 120, 0, NULL, NULL, NULL, NULL, NULL, NULL, NULL, NULL, NULL, NULL, 0, 0, 0, 0, 0, 0, NULL, 2, 840, NULL),
	(871, 1, 'Ultimate Nutrition, Glucosamine And Chondrotine And Msm, 90 таблеток', '871', NULL, NULL, NULL, NULL, NULL, '2018-08-09 15:51:29', '2018-08-09 16:07:35', NULL, 0, 5, '2040-01-01', NULL, 'ml', NULL, 'g', 90, 0, NULL, NULL, NULL, NULL, NULL, NULL, NULL, NULL, NULL, NULL, 0, 0, 0, 0, 0, 0, NULL, 1, 840, NULL),
	(872, 1, 'Puritans Pride, Glucosamine Chondroitin MSM Double Strength, 60 таблеток', '872', NULL, NULL, NULL, NULL, NULL, '2018-08-09 15:51:29', '2018-08-09 16:07:35', NULL, 0, 25, '2040-01-01', NULL, 'ml', NULL, 'g', 60, 0, NULL, NULL, NULL, NULL, NULL, NULL, NULL, NULL, NULL, NULL, 0, 0, 0, 0, 0, 0, NULL, 1, 840, NULL),
	(873, 1, 'Puritans Pride, Glucosamine Chondroitin MSM Double Strength, 120 таблеток', '873', NULL, NULL, NULL, NULL, NULL, '2018-08-09 15:51:29', '2018-08-09 16:07:35', NULL, 0, 25, '2040-01-01', NULL, 'ml', NULL, 'g', 120, 0, NULL, NULL, NULL, NULL, NULL, NULL, NULL, NULL, NULL, NULL, 0, 0, 0, 0, 0, 0, NULL, 1, 840, NULL),
	(874, 1, 'Puritans Pride, Glucosamine Chondroitin MSM Triple Strength, 60 таблеток', '874', NULL, NULL, NULL, NULL, NULL, '2018-08-09 15:51:29', '2018-08-09 16:07:35', NULL, 0, 25, '2040-01-01', NULL, 'ml', NULL, 'g', 60, 0, NULL, NULL, NULL, NULL, NULL, NULL, NULL, NULL, NULL, NULL, 0, 0, 0, 0, 0, 0, NULL, 1, 840, NULL),
	(875, 1, 'Puritans Pride, Glucosamine Chondroitin MSM Triple Strength, 180 таблеток', '875', NULL, NULL, NULL, NULL, NULL, '2018-08-09 15:51:29', '2018-08-09 16:07:35', NULL, 0, 25, '2040-01-01', NULL, 'ml', NULL, 'g', 180, 0, NULL, NULL, NULL, NULL, NULL, NULL, NULL, NULL, NULL, NULL, 0, 0, 0, 0, 0, 0, NULL, 1, 840, NULL),
	(876, 1, 'Puritans Pride, Glucosamine Chondroitin MSM Triple Strength, 90 таблеток', '876', NULL, NULL, NULL, NULL, NULL, '2018-08-09 15:51:29', '2018-08-09 16:07:35', NULL, 0, 25, '2040-01-01', NULL, 'ml', NULL, 'g', 90, 0, NULL, NULL, NULL, NULL, NULL, NULL, NULL, NULL, NULL, NULL, 0, 0, 0, 0, 0, 0, NULL, 1, 840, NULL),
	(877, 1, 'Puritans Pride, Triple Strength Glucosamine Chondroitin with Vitamin d3, 80 таблеток', '877', NULL, NULL, NULL, NULL, NULL, '2018-08-09 15:51:29', '2018-08-09 16:07:35', NULL, 0, 25, '2040-01-01', NULL, 'ml', NULL, 'g', 80, 0, NULL, NULL, NULL, NULL, NULL, NULL, NULL, NULL, NULL, NULL, 0, 0, 0, 0, 0, 0, NULL, 1, 840, NULL),
	(878, 1, 'Biotech USA Nutrition, Natural Hyaluronic&Collagen, 30 капсул', '878', NULL, NULL, NULL, NULL, NULL, '2018-08-09 15:51:29', '2018-08-09 16:07:35', NULL, 0, 6, '2040-01-01', NULL, 'ml', NULL, 'g', 30, 0, NULL, NULL, NULL, NULL, NULL, NULL, NULL, NULL, NULL, NULL, 0, 0, 0, 0, 0, 0, NULL, 2, 840, NULL),
	(879, 1, 'Scitec Nutrition,  Collagen Liquid, 1000 мл', '879', NULL, NULL, NULL, NULL, NULL, '2018-08-09 15:51:29', '2018-08-09 16:07:35', NULL, 0, 10, '2040-01-01', 1.00, 'ml', NULL, 'g', NULL, 0, NULL, NULL, NULL, NULL, NULL, NULL, NULL, NULL, NULL, NULL, 0, 0, 0, 0, 0, 0, NULL, 7, 840, NULL),
	(880, 1, 'UNS, Коллаген, 90 таблеток', '880', NULL, NULL, NULL, NULL, NULL, '2018-08-09 15:51:29', '2018-08-09 16:07:35', NULL, 0, 14, '2040-01-01', NULL, 'ml', NULL, 'g', 90, 0, NULL, NULL, NULL, NULL, NULL, NULL, NULL, NULL, NULL, NULL, 0, 0, 0, 0, 0, 0, NULL, 1, 616, NULL),
	(881, 1, 'Animal Nutrition ot Universal, Animal M-Stak, 21 пакетик', '881', NULL, NULL, NULL, NULL, NULL, '2018-08-09 15:51:29', '2018-08-09 16:07:35', NULL, 0, 12, '2040-01-01', NULL, 'ml', NULL, 'g', 21, 0, NULL, NULL, NULL, NULL, NULL, NULL, NULL, NULL, NULL, NULL, 0, 0, 0, 0, 0, 0, NULL, 3, 840, NULL),
	(882, 1, 'Biotech USA Nutrition, Brutal Anadrol, 90 капсул', '882', NULL, NULL, NULL, NULL, NULL, '2018-08-09 15:51:29', '2018-08-09 16:07:35', NULL, 0, 6, '2040-01-01', NULL, 'ml', NULL, 'g', 90, 0, NULL, NULL, NULL, NULL, NULL, NULL, NULL, NULL, NULL, NULL, 0, 0, 0, 0, 0, 0, NULL, 2, 840, NULL),
	(883, 1, 'Scitec Nutrition,  TGH, вишня-ваниль, 300 г', '883', NULL, NULL, NULL, NULL, NULL, '2018-08-09 15:51:29', '2018-08-09 16:07:35', NULL, 0, 10, '2040-01-01', NULL, 'ml', 300.00, 'g', NULL, 0, NULL, NULL, NULL, NULL, NULL, NULL, NULL, NULL, NULL, NULL, 0, 0, 0, 0, 0, 0, 87, 3, 840, NULL),
	(884, 1, 'Universal Nutrition, GH MAX, 180 таблеток', '884', NULL, NULL, NULL, NULL, NULL, '2018-08-09 15:51:29', '2018-08-09 16:07:35', NULL, 0, 15, '2040-01-01', NULL, 'ml', NULL, 'g', 180, 0, NULL, NULL, NULL, NULL, NULL, NULL, NULL, NULL, NULL, NULL, 0, 0, 0, 0, 0, 0, NULL, 1, 840, NULL),
	(885, 1, 'Biotech USA Nutrition, TRIBULUS MAXIMUS, 90 капсул', '885', NULL, NULL, NULL, NULL, NULL, '2018-08-09 15:51:29', '2018-08-09 16:07:35', NULL, 0, 6, '2040-01-01', NULL, 'ml', NULL, 'g', 90, 0, NULL, NULL, NULL, NULL, NULL, NULL, NULL, NULL, NULL, NULL, 0, 0, 0, 0, 0, 0, NULL, 2, 840, NULL),
	(886, 1, 'Optimum Nutrition, TRIBULUS 625, 100 капсул', '886', NULL, NULL, NULL, NULL, NULL, '2018-08-09 15:51:29', '2018-08-09 16:07:35', NULL, 0, 8, '2040-01-01', NULL, 'ml', NULL, 'g', 100, 0, NULL, NULL, NULL, NULL, NULL, NULL, NULL, NULL, NULL, NULL, 0, 0, 0, 0, 0, 0, NULL, 2, 840, NULL),
	(887, 1, 'Universal Nutrition, TRIBULUS PRO, 100 капсул', '887', NULL, NULL, NULL, NULL, NULL, '2018-08-09 15:51:29', '2018-08-09 16:07:35', NULL, 0, 15, '2040-01-01', NULL, 'ml', NULL, 'g', 100, 0, NULL, NULL, NULL, NULL, NULL, NULL, NULL, NULL, NULL, NULL, 0, 0, 0, 0, 0, 0, NULL, 2, 840, NULL),
	(888, 1, 'UNS,  Трибулус Экстрим, 90 таблеток', '888', NULL, NULL, NULL, NULL, NULL, '2018-08-09 15:51:29', '2018-08-09 16:07:35', NULL, 0, 14, '2040-01-01', NULL, 'ml', NULL, 'g', 90, 0, NULL, NULL, NULL, NULL, NULL, NULL, NULL, NULL, NULL, NULL, 0, 0, 0, 0, 0, 0, NULL, 1, 616, NULL),
	(889, 1, 'MYPROTEIN, Трибулус про, 90 капсул', '889', NULL, NULL, NULL, NULL, NULL, '2018-08-09 15:51:29', '2018-08-09 16:07:35', NULL, 0, 7, '2040-01-01', NULL, 'ml', NULL, 'g', 90, 0, NULL, NULL, NULL, NULL, NULL, NULL, NULL, NULL, NULL, NULL, 0, 0, 0, 0, 0, 0, NULL, 2, 101, NULL),
	(890, 1, 'MYPROTEIN, Трибулус про, 270 капсул', '890', NULL, NULL, NULL, NULL, NULL, '2018-08-09 15:51:29', '2018-08-09 16:07:35', NULL, 0, 7, '2040-01-01', NULL, 'ml', NULL, 'g', 270, 0, NULL, NULL, NULL, NULL, NULL, NULL, NULL, NULL, NULL, NULL, 0, 0, 0, 0, 0, 0, NULL, 2, 101, NULL),
	(891, 1, 'Scitec Nutrition,  SN ZMB6, 60 капсул', '891', NULL, NULL, NULL, NULL, NULL, '2018-08-09 15:51:29', '2018-08-09 16:07:35', NULL, 0, 10, '2040-01-01', NULL, 'ml', NULL, 'g', 60, 0, NULL, NULL, NULL, NULL, NULL, NULL, NULL, NULL, NULL, NULL, 0, 0, 0, 0, 0, 0, NULL, 2, 840, NULL),
	(892, 1, 'Optimum Nutrition, ZMA, 90 капсул', '892', NULL, NULL, NULL, NULL, NULL, '2018-08-09 15:51:30', '2018-08-09 16:07:35', NULL, 0, 8, '2040-01-01', NULL, 'ml', NULL, 'g', 90, 0, NULL, NULL, NULL, NULL, NULL, NULL, NULL, NULL, NULL, NULL, 0, 0, 0, 0, 0, 0, NULL, 2, 840, NULL),
	(893, 1, 'Optimum Nutrition, ZMA, 180 капсул', '893', NULL, NULL, NULL, NULL, NULL, '2018-08-09 15:51:30', '2018-08-09 16:07:35', NULL, 0, 8, '2040-01-01', NULL, 'ml', NULL, 'g', 180, 0, NULL, NULL, NULL, NULL, NULL, NULL, NULL, NULL, NULL, NULL, 0, 0, 0, 0, 0, 0, NULL, 2, 840, NULL),
	(894, 1, 'Biotech USA Nutrition, ZMAttack, 60 капсул', '894', NULL, NULL, NULL, NULL, NULL, '2018-08-09 15:51:30', '2018-08-09 16:07:35', NULL, 0, 6, '2040-01-01', NULL, 'ml', NULL, 'g', 60, 0, NULL, NULL, NULL, NULL, NULL, NULL, NULL, NULL, NULL, NULL, 0, 0, 0, 0, 0, 0, NULL, 2, 840, NULL),
	(895, 1, 'Universal Nutrition, ZMA PRO, 90 капсул', '895', NULL, NULL, NULL, NULL, NULL, '2018-08-09 15:51:30', '2018-08-09 16:07:35', NULL, 0, 15, '2040-01-01', NULL, 'ml', NULL, 'g', 90, 0, NULL, NULL, NULL, NULL, NULL, NULL, NULL, NULL, NULL, NULL, 0, 0, 0, 0, 0, 0, NULL, 2, 840, NULL),
	(896, 1, 'PowerPro, Протеиновый батончик 36%, голубая ягода, 60 г', '896', NULL, NULL, NULL, NULL, NULL, '2018-08-09 15:51:30', '2018-08-09 16:07:35', NULL, 0, 11, '2040-01-01', NULL, 'ml', 60.00, 'g', NULL, 0, NULL, NULL, NULL, NULL, NULL, NULL, NULL, NULL, NULL, NULL, 0, 0, 0, 0, 0, 0, 88, 9, 804, NULL),
	(897, 1, 'PowerPro, Протеиновый батончик 36%, орех Nutella , 60 г', '897', NULL, NULL, NULL, NULL, NULL, '2018-08-09 15:51:30', '2018-08-09 16:07:35', NULL, 0, 11, '2040-01-01', NULL, 'ml', 60.00, 'g', NULL, 0, NULL, NULL, NULL, NULL, NULL, NULL, NULL, NULL, NULL, NULL, 0, 0, 0, 0, 0, 0, 89, 9, 804, NULL),
	(898, 1, 'PowerPro, Протеиновый батончик 36%, йогурт-абрикос, 60 г', '898', NULL, NULL, NULL, NULL, NULL, '2018-08-09 15:51:30', '2018-08-09 16:07:35', NULL, 0, 11, '2040-01-01', NULL, 'ml', 60.00, 'g', NULL, 0, NULL, NULL, NULL, NULL, NULL, NULL, NULL, NULL, NULL, NULL, 0, 0, 0, 0, 0, 0, 3, 9, 804, NULL),
	(899, 1, 'PowerPro, Протеиновый батончик 36%, йогурт-вишня, 60 г', '899', NULL, NULL, NULL, NULL, NULL, '2018-08-09 15:51:30', '2018-08-09 16:07:35', NULL, 0, 11, '2040-01-01', NULL, 'ml', 60.00, 'g', NULL, 0, NULL, NULL, NULL, NULL, NULL, NULL, NULL, NULL, NULL, NULL, 0, 0, 0, 0, 0, 0, 90, 9, 804, NULL),
	(900, 1, 'PowerPro, Протеиновый батончик 36%, орех, 60 г', '900', NULL, NULL, NULL, NULL, NULL, '2018-08-09 15:51:30', '2018-08-09 16:07:35', NULL, 0, 11, '2040-01-01', NULL, 'ml', 60.00, 'g', NULL, 0, NULL, NULL, NULL, NULL, NULL, NULL, NULL, NULL, NULL, NULL, 0, 0, 0, 0, 0, 0, 91, 9, 804, NULL),
	(901, 1, 'PowerPro, Протеиновый батончик 36%, вишня в шоколаде, 60 г', '901', NULL, NULL, NULL, NULL, NULL, '2018-08-09 15:51:30', '2018-08-09 16:07:35', NULL, 0, 11, '2040-01-01', NULL, 'ml', 60.00, 'g', NULL, 0, NULL, NULL, NULL, NULL, NULL, NULL, NULL, NULL, NULL, NULL, 0, 0, 0, 0, 0, 0, 92, 9, 804, NULL),
	(902, 1, 'Biotech USA Nutrition, Go protein Bar, шоколад-марципан, 40 г', '902', NULL, NULL, NULL, NULL, NULL, '2018-08-09 15:51:30', '2018-08-09 16:07:35', NULL, 0, 6, '2040-01-01', NULL, 'ml', 40.00, 'g', NULL, 0, NULL, NULL, NULL, NULL, NULL, NULL, NULL, NULL, NULL, NULL, 0, 0, 0, 0, 0, 0, 93, 9, 840, NULL),
	(903, 1, 'Biotech USA Nutrition, Go protein Bar, ваниль-кокос, 40 г', '903', NULL, NULL, NULL, NULL, NULL, '2018-08-09 15:51:30', '2018-08-09 16:07:35', NULL, 0, 6, '2040-01-01', NULL, 'ml', 40.00, 'g', NULL, 0, NULL, NULL, NULL, NULL, NULL, NULL, NULL, NULL, NULL, NULL, 0, 0, 0, 0, 0, 0, 94, 9, 840, NULL),
	(904, 1, 'Biotech USA Nutrition, Go protein Bar, шоколад-марципан, 80 г', '904', NULL, NULL, NULL, NULL, NULL, '2018-08-09 15:51:30', '2018-08-09 16:07:35', NULL, 0, 6, '2040-01-01', NULL, 'ml', 80.00, 'g', NULL, 0, NULL, NULL, NULL, NULL, NULL, NULL, NULL, NULL, NULL, NULL, 0, 0, 0, 0, 0, 0, 93, 9, 840, NULL),
	(905, 1, 'Biotech USA Nutrition, Go protein Bar, ваниль-кокос, 80 г', '905', NULL, NULL, NULL, NULL, NULL, '2018-08-09 15:51:30', '2018-08-09 16:07:35', NULL, 0, 6, '2040-01-01', NULL, 'ml', 80.00, 'g', NULL, 0, NULL, NULL, NULL, NULL, NULL, NULL, NULL, NULL, NULL, NULL, 0, 0, 0, 0, 0, 0, 94, 9, 840, NULL),
	(906, 1, 'Biotech USA Nutrition, Go protein Bar, малина, 80 г', '906', NULL, NULL, NULL, NULL, NULL, '2018-08-09 15:51:30', '2018-08-09 16:07:35', NULL, 0, 6, '2040-01-01', NULL, 'ml', 80.00, 'g', NULL, 0, NULL, NULL, NULL, NULL, NULL, NULL, NULL, NULL, NULL, NULL, 0, 0, 0, 0, 0, 0, 27, 9, 840, NULL),
	(907, 1, 'Biotech USA Nutrition, Go protein Bar, банан, 80 г', '907', NULL, NULL, NULL, NULL, NULL, '2018-08-09 15:51:30', '2018-08-09 16:07:35', NULL, 0, 6, '2040-01-01', NULL, 'ml', 80.00, 'g', NULL, 0, NULL, NULL, NULL, NULL, NULL, NULL, NULL, NULL, NULL, NULL, 0, 0, 0, 0, 0, 0, 12, 9, 840, NULL),
	(908, 1, 'Scitec Nutrition, Proteinissimo, шоколад-кофе, 30 г', '908', NULL, NULL, NULL, NULL, NULL, '2018-08-09 15:51:30', '2018-08-09 16:07:35', NULL, 0, 10, '2040-01-01', NULL, 'ml', 30.00, 'g', NULL, 0, NULL, NULL, NULL, NULL, NULL, NULL, NULL, NULL, NULL, NULL, 0, 0, 0, 0, 0, 0, 95, 9, 840, NULL),
	(909, 1, 'Scitec Nutrition, Proteinissimo, шоколад-малина, 30 г', '909', NULL, NULL, NULL, NULL, NULL, '2018-08-09 15:51:30', '2018-08-09 16:07:35', NULL, 0, 10, '2040-01-01', NULL, 'ml', 30.00, 'g', NULL, 0, NULL, NULL, NULL, NULL, NULL, NULL, NULL, NULL, NULL, NULL, 0, 0, 0, 0, 0, 0, 96, 9, 840, NULL),
	(910, 1, 'Scitec Nutrition, Proteinissimo, макиато-карамель, 50 г', '910', NULL, NULL, NULL, NULL, NULL, '2018-08-09 15:51:30', '2018-08-09 16:07:35', NULL, 0, 10, '2040-01-01', NULL, 'ml', 50.00, 'g', NULL, 0, NULL, NULL, NULL, NULL, NULL, NULL, NULL, NULL, NULL, NULL, 0, 0, 0, 0, 0, 0, 97, 9, 840, NULL),
	(911, 1, 'Scitec Nutrition, Proteinissimo, ваниль-карамель, 50 г', '911', NULL, NULL, NULL, NULL, NULL, '2018-08-09 15:51:30', '2018-08-09 16:07:35', NULL, 0, 10, '2040-01-01', NULL, 'ml', 50.00, 'g', NULL, 0, NULL, NULL, NULL, NULL, NULL, NULL, NULL, NULL, NULL, NULL, 0, 0, 0, 0, 0, 0, 98, 9, 840, NULL),
	(912, 1, 'Scitec Nutrition, Proteinissimo, черный шоколад, 50 г', '912', NULL, NULL, NULL, NULL, NULL, '2018-08-09 15:51:30', '2018-08-09 16:07:35', NULL, 0, 10, '2040-01-01', NULL, 'ml', 50.00, 'g', NULL, 0, NULL, NULL, NULL, NULL, NULL, NULL, NULL, NULL, NULL, NULL, 0, 0, 0, 0, 0, 0, 99, 9, 840, NULL),
	(913, 1, 'Scitec Nutrition, Protein bar Jambo bar, шоколадное печенье, 100 г', '913', NULL, NULL, NULL, NULL, NULL, '2018-08-09 15:51:30', '2018-08-09 16:07:36', NULL, 0, 10, '2040-01-01', NULL, 'ml', 100.00, 'g', NULL, 0, NULL, NULL, NULL, NULL, NULL, NULL, NULL, NULL, NULL, NULL, 0, 0, 0, 0, 0, 0, 100, 9, 840, NULL),
	(914, 1, 'Scitec Nutrition, Protein bar Jambo bar, черній шоколад-карамель, 100 г', '914', NULL, NULL, NULL, NULL, NULL, '2018-08-09 15:51:30', '2018-08-09 16:07:36', NULL, 0, 10, '2040-01-01', NULL, 'ml', 100.00, 'g', NULL, 0, NULL, NULL, NULL, NULL, NULL, NULL, NULL, NULL, NULL, NULL, 0, 0, 0, 0, 0, 0, 101, 9, 840, NULL),
	(915, 1, 'Muscle Pharm, COMBAT CRUNCH BARS, шоколад-арахис, 63 г', '915', NULL, NULL, NULL, NULL, NULL, '2018-08-09 15:51:30', '2018-08-09 16:07:36', NULL, 0, 13, '2040-01-01', NULL, 'ml', 63.00, 'g', NULL, 0, NULL, NULL, NULL, NULL, NULL, NULL, NULL, NULL, NULL, NULL, 0, 0, 0, 0, 0, 0, 102, 9, 840, NULL),
	(916, 1, 'Muscle Pharm, COMBAT CRUNCH BARS, шоколадный маффин, 63 г', '916', NULL, NULL, NULL, NULL, NULL, '2018-08-09 15:51:30', '2018-08-09 16:07:36', NULL, 0, 13, '2040-01-01', NULL, 'ml', 63.00, 'g', NULL, 0, NULL, NULL, NULL, NULL, NULL, NULL, NULL, NULL, NULL, NULL, 0, 0, 0, 0, 0, 0, 103, 9, 840, NULL),
	(917, 1, 'Muscle Pharm, COMBAT CRUNCH BARS, белый шоколад-малина, 63 г', '917', NULL, NULL, NULL, NULL, NULL, '2018-08-09 15:51:30', '2018-08-09 16:07:36', NULL, 0, 13, '2040-01-01', NULL, 'ml', 63.00, 'g', NULL, 0, NULL, NULL, NULL, NULL, NULL, NULL, NULL, NULL, NULL, NULL, 0, 0, 0, 0, 0, 0, 104, 9, 840, NULL),
	(918, 1, 'Muscle Pharm, COMBAT CRUNCH BARS, шоколад-кокос, 63 г', '918', NULL, NULL, NULL, NULL, NULL, '2018-08-09 15:51:30', '2018-08-09 16:07:36', NULL, 0, 13, '2040-01-01', NULL, 'ml', 63.00, 'g', NULL, 0, NULL, NULL, NULL, NULL, NULL, NULL, NULL, NULL, NULL, NULL, 0, 0, 0, 0, 0, 0, 13, 9, 840, NULL),
	(919, 1, 'Optimum Nutrition, Батончик Whipped Bite, двойной шоколад, 76 г', '919', NULL, NULL, NULL, NULL, NULL, '2018-08-09 15:51:30', '2018-08-09 16:07:36', NULL, 0, 8, '2040-01-01', NULL, 'ml', 76.00, 'g', NULL, 0, NULL, NULL, NULL, NULL, NULL, NULL, NULL, NULL, NULL, NULL, 0, 0, 0, 0, 0, 0, 6, 9, 840, NULL),
	(920, 1, 'Optimum Nutrition, Батончик Whipped Bite, клубника-крем, 76 г', '920', NULL, NULL, NULL, NULL, NULL, '2018-08-09 15:51:30', '2018-08-09 16:07:36', NULL, 0, 8, '2040-01-01', NULL, 'ml', 76.00, 'g', NULL, 0, NULL, NULL, NULL, NULL, NULL, NULL, NULL, NULL, NULL, NULL, 0, 0, 0, 0, 0, 0, 41, 9, 840, NULL),
	(921, 1, 'Optimum Nutrition, Батончик Meal Replacement, шоколад брауни, 60 г', '921', NULL, NULL, NULL, NULL, NULL, '2018-08-09 15:51:30', '2018-08-09 16:07:36', NULL, 0, 8, '2040-01-01', NULL, 'ml', 60.00, 'g', NULL, 0, NULL, NULL, NULL, NULL, NULL, NULL, NULL, NULL, NULL, NULL, 0, 0, 0, 0, 0, 0, 105, 9, 840, NULL),
	(922, 1, 'Optimum Nutrition, Батончик Meal Replacement, соленая карамель, 60 г', '922', NULL, NULL, NULL, NULL, NULL, '2018-08-09 15:51:30', '2018-08-09 16:07:36', NULL, 0, 8, '2040-01-01', NULL, 'ml', 60.00, 'g', NULL, 0, NULL, NULL, NULL, NULL, NULL, NULL, NULL, NULL, NULL, NULL, 0, 0, 0, 0, 0, 0, 37, 9, 840, NULL),
	(923, 1, 'Optimum Nutrition, Flapjack, банановый йогурт, 80 г', '923', NULL, NULL, NULL, NULL, NULL, '2018-08-09 15:51:30', '2018-08-09 16:07:36', NULL, 0, 8, '2040-01-01', NULL, 'ml', 80.00, 'g', NULL, 0, NULL, NULL, NULL, NULL, NULL, NULL, NULL, NULL, NULL, NULL, 0, 0, 0, 0, 0, 0, 106, 9, 840, NULL),
	(924, 1, 'Optimum Nutrition, Flapjack, ежевика, 80 г', '924', NULL, NULL, NULL, NULL, NULL, '2018-08-09 15:51:30', '2018-08-09 16:07:36', NULL, 0, 8, '2040-01-01', NULL, 'ml', 80.00, 'g', NULL, 0, NULL, NULL, NULL, NULL, NULL, NULL, NULL, NULL, NULL, NULL, 0, 0, 0, 0, 0, 0, 76, 9, 840, NULL),
	(925, 1, 'Optimum Nutrition, Flapjack, шоколад, 80 г', '925', NULL, NULL, NULL, NULL, NULL, '2018-08-09 15:51:30', '2018-08-09 16:07:36', NULL, 0, 8, '2040-01-01', NULL, 'ml', 80.00, 'g', NULL, 0, NULL, NULL, NULL, NULL, NULL, NULL, NULL, NULL, NULL, NULL, 0, 0, 0, 0, 0, 0, 6, 9, 840, NULL),
	(926, 1, 'PowerPro, Ledy Fitnes, фруктовый микс, 50 г', '926', NULL, NULL, NULL, NULL, NULL, '2018-08-09 15:51:30', '2018-08-09 16:07:36', NULL, 0, 11, '2040-01-01', NULL, 'ml', 50.00, 'g', NULL, 0, NULL, NULL, NULL, NULL, NULL, NULL, NULL, NULL, NULL, NULL, 0, 0, 0, 0, 0, 0, 107, 9, 804, NULL),
	(927, 1, 'PowerPro, Ledy Fitnes, дыня, 50 г', '927', NULL, NULL, NULL, NULL, NULL, '2018-08-09 15:51:30', '2018-08-09 16:07:36', NULL, 0, 11, '2040-01-01', NULL, 'ml', 50.00, 'g', NULL, 0, NULL, NULL, NULL, NULL, NULL, NULL, NULL, NULL, NULL, NULL, 0, 0, 0, 0, 0, 0, 108, 9, 804, NULL),
	(928, 1, 'PowerPro, Ledy Fitnes, банан, 50 г', '928', NULL, NULL, NULL, NULL, NULL, '2018-08-09 15:51:30', '2018-08-09 16:07:36', NULL, 0, 11, '2040-01-01', NULL, 'ml', 50.00, 'g', NULL, 0, NULL, NULL, NULL, NULL, NULL, NULL, NULL, NULL, NULL, NULL, 0, 0, 0, 0, 0, 0, 12, 9, 804, NULL),
	(929, 1, 'Biotech USA Nutrition, Zero bar, банан-клубника, 50 г', '929', NULL, NULL, NULL, NULL, NULL, '2018-08-09 15:51:30', '2018-08-09 16:07:36', NULL, 0, 6, '2040-01-01', NULL, 'ml', 50.00, 'g', NULL, 0, NULL, NULL, NULL, NULL, NULL, NULL, NULL, NULL, NULL, NULL, 0, 0, 0, 0, 0, 0, 109, 9, 840, NULL),
	(930, 1, 'Biotech USA Nutrition, Zero bar, абрикосовый крем, 50 г', '930', NULL, NULL, NULL, NULL, NULL, '2018-08-09 15:51:30', '2018-08-09 16:07:36', NULL, 0, 6, '2040-01-01', NULL, 'ml', 50.00, 'g', NULL, 0, NULL, NULL, NULL, NULL, NULL, NULL, NULL, NULL, NULL, NULL, 0, 0, 0, 0, 0, 0, 110, 9, 840, NULL),
	(931, 1, 'Biotech USA Nutrition, Zero bar, двойной шоколад, 50 г', '931', NULL, NULL, NULL, NULL, NULL, '2018-08-09 15:51:30', '2018-08-09 16:07:36', NULL, 0, 6, '2040-01-01', NULL, 'ml', 50.00, 'g', NULL, 0, NULL, NULL, NULL, NULL, NULL, NULL, NULL, NULL, NULL, NULL, 0, 0, 0, 0, 0, 0, 6, 9, 840, NULL),
	(932, 1, 'Biotech USA Nutrition, Zero bar, малиновый чизкейк, 50 г', '932', NULL, NULL, NULL, NULL, NULL, '2018-08-09 15:51:30', '2018-08-09 16:07:36', NULL, 0, 6, '2040-01-01', NULL, 'ml', 50.00, 'g', NULL, 0, NULL, NULL, NULL, NULL, NULL, NULL, NULL, NULL, NULL, NULL, 0, 0, 0, 0, 0, 0, 111, 9, 840, NULL),
	(933, 1, 'Biotech USA Nutrition, Zero bar, лимон-базилик, 50 г', '933', NULL, NULL, NULL, NULL, NULL, '2018-08-09 15:51:30', '2018-08-09 16:07:36', NULL, 0, 6, '2040-01-01', NULL, 'ml', 50.00, 'g', NULL, 0, NULL, NULL, NULL, NULL, NULL, NULL, NULL, NULL, NULL, NULL, 0, 0, 0, 0, 0, 0, 112, 9, 840, NULL),
	(934, 1, 'Biotech USA Nutrition, Zero bar, капучино, 50 г', '934', NULL, NULL, NULL, NULL, NULL, '2018-08-09 15:51:30', '2018-08-09 16:07:36', NULL, 0, 6, '2040-01-01', NULL, 'ml', 50.00, 'g', NULL, 0, NULL, NULL, NULL, NULL, NULL, NULL, NULL, NULL, NULL, NULL, 0, 0, 0, 0, 0, 0, 113, 9, 840, NULL),
	(935, 1, 'Biotech USA Nutrition, Zero bar, шоколад-карамель, 50 г', '935', NULL, NULL, NULL, NULL, NULL, '2018-08-09 15:51:30', '2018-08-09 16:07:36', NULL, 0, 6, '2040-01-01', NULL, 'ml', 50.00, 'g', NULL, 0, NULL, NULL, NULL, NULL, NULL, NULL, NULL, NULL, NULL, NULL, 0, 0, 0, 0, 0, 0, 114, 9, 840, NULL),
	(936, 1, 'Biotech USA Nutrition, Zero bar, шоколад-орех, 50 г', '936', NULL, NULL, NULL, NULL, NULL, '2018-08-09 15:51:30', '2018-08-09 16:07:36', NULL, 0, 6, '2040-01-01', NULL, 'ml', 50.00, 'g', NULL, 0, NULL, NULL, NULL, NULL, NULL, NULL, NULL, NULL, NULL, NULL, 0, 0, 0, 0, 0, 0, 115, 9, 840, NULL),
	(937, 1, 'Biotech USA Nutrition, Zero bar, шоколад-мята, 50 г', '937', NULL, NULL, NULL, NULL, NULL, '2018-08-09 15:51:30', '2018-08-09 16:07:36', NULL, 0, 6, '2040-01-01', NULL, 'ml', 50.00, 'g', NULL, 0, NULL, NULL, NULL, NULL, NULL, NULL, NULL, NULL, NULL, NULL, 0, 0, 0, 0, 0, 0, 10, 9, 840, NULL),
	(938, 1, 'PowerPro, Femaine 36%, клубника, 60 г', '938', NULL, NULL, NULL, NULL, NULL, '2018-08-09 15:51:30', '2018-08-09 16:07:36', NULL, 0, 11, '2040-01-01', NULL, 'ml', 60.00, 'g', NULL, 0, NULL, NULL, NULL, NULL, NULL, NULL, NULL, NULL, NULL, NULL, 0, 0, 0, 0, 0, 0, 8, 9, 804, NULL),
	(939, 1, 'PowerPro, Femaine 36%, смородина, 60 г', '939', NULL, NULL, NULL, NULL, NULL, '2018-08-09 15:51:30', '2018-08-09 16:07:36', NULL, 0, 11, '2040-01-01', NULL, 'ml', 60.00, 'g', NULL, 0, NULL, NULL, NULL, NULL, NULL, NULL, NULL, NULL, NULL, NULL, 0, 0, 0, 0, 0, 0, 116, 9, 804, NULL),
	(940, 1, 'PowerPro, Femaine 36%, труфалье, 60 г', '940', NULL, NULL, NULL, NULL, NULL, '2018-08-09 15:51:30', '2018-08-09 16:07:36', NULL, 0, 11, '2040-01-01', NULL, 'ml', 60.00, 'g', NULL, 0, NULL, NULL, NULL, NULL, NULL, NULL, NULL, NULL, NULL, NULL, 0, 0, 0, 0, 0, 0, 117, 9, 804, NULL),
	(941, 1, 'Universal Nutrition, Сarbrite Bar - S\'mores, 57 г', '941', NULL, NULL, NULL, NULL, NULL, '2018-08-09 15:51:30', '2018-08-09 16:07:36', NULL, 0, 15, '2040-01-01', NULL, 'ml', 57.00, 'g', NULL, 0, NULL, NULL, NULL, NULL, NULL, NULL, NULL, NULL, NULL, NULL, 0, 0, 0, 0, 0, 0, NULL, 9, 840, NULL),
	(942, 1, 'Scitec Nutrition, 100% Whey Protein Prof, банан, 500 г', '942', NULL, NULL, NULL, NULL, NULL, '2018-08-09 15:51:30', '2018-08-09 16:07:36', NULL, 0, 10, '2040-01-01', NULL, 'ml', 500.00, 'g', NULL, 0, NULL, NULL, NULL, NULL, NULL, NULL, NULL, NULL, NULL, NULL, 0, 0, 0, 0, 0, 0, 12, 3, 840, NULL),
	(943, 1, 'Scitec Nutrition, 100% Whey Protein Prof, лимонный чизкейк, 500 г', '943', NULL, NULL, NULL, NULL, NULL, '2018-08-09 15:51:30', '2018-08-09 16:07:36', NULL, 0, 10, '2040-01-01', NULL, 'ml', 500.00, 'g', NULL, 0, NULL, NULL, NULL, NULL, NULL, NULL, NULL, NULL, NULL, NULL, 0, 0, 0, 0, 0, 0, 22, 3, 840, NULL),
	(944, 1, 'Scitec Nutrition, 100% Whey Protein Prof, шоколад-кокос, 500 г', '944', NULL, NULL, NULL, NULL, NULL, '2018-08-09 15:51:30', '2018-08-09 16:07:36', NULL, 0, 10, '2040-01-01', NULL, 'ml', 500.00, 'g', NULL, 0, NULL, NULL, NULL, NULL, NULL, NULL, NULL, NULL, NULL, NULL, 0, 0, 0, 0, 0, 0, 13, 3, 840, NULL),
	(945, 1, 'Scitec Nutrition, Egg Pro, 930 г', '945', NULL, NULL, NULL, NULL, NULL, '2018-08-09 15:51:30', '2018-08-09 16:07:36', NULL, 0, 10, '2040-01-01', NULL, 'ml', 930.00, 'g', NULL, 0, NULL, NULL, NULL, NULL, NULL, NULL, NULL, NULL, NULL, NULL, 0, 0, 0, 0, 0, 0, NULL, 3, 840, NULL),
	(946, 1, 'Universal Nutrition, Real Gains, ваниль, 1700 г', '946', NULL, NULL, NULL, NULL, NULL, '2018-08-09 15:51:30', '2018-08-09 16:07:36', NULL, 0, 15, '2040-01-01', NULL, 'ml', 1700.00, 'g', NULL, 0, NULL, NULL, NULL, NULL, NULL, NULL, NULL, NULL, NULL, NULL, 0, 0, 0, 0, 0, 0, 7, 3, 840, NULL),
	(947, 1, 'Universal Nutrition, Real Gains, клубника, 1700 г', '947', NULL, NULL, NULL, NULL, NULL, '2018-08-09 15:51:31', '2018-08-09 16:07:36', NULL, 0, 15, '2040-01-01', NULL, 'ml', 1700.00, 'g', NULL, 0, NULL, NULL, NULL, NULL, NULL, NULL, NULL, NULL, NULL, NULL, 0, 0, 0, 0, 0, 0, 8, 3, 840, NULL),
	(948, 1, 'Universal Nutrition, Real Gains, шоколад, 1700 г', '948', NULL, NULL, NULL, NULL, NULL, '2018-08-09 15:51:31', '2018-08-09 16:07:36', NULL, 0, 15, '2040-01-01', NULL, 'ml', 1700.00, 'g', NULL, 0, NULL, NULL, NULL, NULL, NULL, NULL, NULL, NULL, NULL, NULL, 0, 0, 0, 0, 0, 0, 6, 3, 840, NULL),
	(949, 1, 'BSN, True Mass 1200, клубника, 4500 г', '949', NULL, NULL, NULL, NULL, NULL, '2018-08-09 15:51:31', '2018-08-09 16:07:36', NULL, 0, 9, '2040-01-01', NULL, 'ml', 4500.00, 'g', NULL, 0, NULL, NULL, NULL, NULL, NULL, NULL, NULL, NULL, NULL, NULL, 0, 0, 0, 0, 0, 0, 8, 3, 840, NULL),
	(950, 1, 'BSN, True Mass 1200, ваниль, 4500 г', '950', NULL, NULL, NULL, NULL, NULL, '2018-08-09 15:51:31', '2018-08-09 16:07:36', NULL, 0, 9, '2040-01-01', NULL, 'ml', 4500.00, 'g', NULL, 0, NULL, NULL, NULL, NULL, NULL, NULL, NULL, NULL, NULL, NULL, 0, 0, 0, 0, 0, 0, 7, 3, 840, NULL),
	(951, 1, 'Doctor\'s Best, Ко-энзим High Absorption CoQ10 высокой абсорбции с биоперином, 200 мг, 60 капсул', '951', NULL, NULL, NULL, NULL, NULL, '2018-08-09 15:51:31', '2018-08-09 16:07:36', NULL, 0, 17, '2040-01-01', NULL, 'ml', NULL, 'g', 60, 0, NULL, NULL, NULL, NULL, NULL, NULL, NULL, NULL, NULL, NULL, 0, 0, 0, 0, 0, 0, NULL, 2, 840, NULL),
	(952, 1, 'Doctor\'s Best, Коэнзим Q10 высокого усвоения с биоперином, 200 мг, 180 вегетарианских капсул', '952', NULL, NULL, NULL, NULL, NULL, '2018-08-09 15:51:31', '2018-08-09 16:07:36', NULL, 0, 17, '2040-01-01', NULL, 'ml', NULL, 'g', 180, 0, NULL, NULL, NULL, NULL, NULL, NULL, NULL, NULL, NULL, NULL, 0, 0, 0, 0, 0, 0, NULL, 2, 840, NULL),
	(953, 1, 'Doctor\'s Best, Коэнзим Q10 с высокой степенью поглощения, с биоперином, 400 мг, 60 растит. капсул', '953', NULL, NULL, NULL, NULL, NULL, '2018-08-09 15:51:31', '2018-08-09 16:07:36', NULL, 0, 17, '2040-01-01', NULL, 'ml', NULL, 'g', 60, 0, NULL, NULL, NULL, NULL, NULL, NULL, NULL, NULL, NULL, NULL, 0, 0, 0, 0, 0, 0, NULL, 2, 840, NULL),
	(954, 1, 'Jarrow Formulas, Коэнзим Q10 быстрого действия, 100 мг, 60 капсул', '954', NULL, NULL, NULL, NULL, NULL, '2018-08-09 15:51:31', '2018-08-09 16:07:36', NULL, 0, 21, '2040-01-01', NULL, 'ml', NULL, 'g', 60, 0, NULL, NULL, NULL, NULL, NULL, NULL, NULL, NULL, NULL, NULL, 0, 0, 0, 0, 0, 0, NULL, 2, 840, NULL),
	(955, 1, 'Doctor\'s Best, Куркумин высокого усвоения, 500 мг, 120 капсул', '955', NULL, NULL, NULL, NULL, NULL, '2018-08-09 15:51:31', '2018-08-09 16:07:36', NULL, 0, 17, '2040-01-01', NULL, 'ml', NULL, 'g', 120, 0, NULL, NULL, NULL, NULL, NULL, NULL, NULL, NULL, NULL, NULL, 0, 0, 0, 0, 0, 0, NULL, 2, 840, NULL),
	(956, 1, 'Carlson Labs, Куркумин, 60 мягких таблеток', '956', NULL, NULL, NULL, NULL, NULL, '2018-08-09 15:51:31', '2018-08-09 16:07:36', NULL, 0, 22, '2040-01-01', NULL, 'ml', NULL, 'g', 60, 0, NULL, NULL, NULL, NULL, NULL, NULL, NULL, NULL, NULL, NULL, 0, 0, 0, 0, 0, 0, NULL, 1, 840, NULL),
	(957, 1, 'Jarrow Formulas, Лютеин, 20 мг, 60 капсул ', '957', NULL, NULL, NULL, NULL, NULL, '2018-08-09 15:51:31', '2018-08-09 16:07:36', NULL, 0, 21, '2040-01-01', NULL, 'ml', NULL, 'g', 60, 0, NULL, NULL, NULL, NULL, NULL, NULL, NULL, NULL, NULL, NULL, 0, 0, 0, 0, 0, 0, NULL, 2, 840, NULL),
	(958, 1, 'Doctor\'s Best, Стабилизирующая R-липоевая кислота, 100 мг, 180 капсул', '958', NULL, NULL, NULL, NULL, NULL, '2018-08-09 15:51:31', '2018-08-09 16:07:36', NULL, 0, 17, '2040-01-01', NULL, 'ml', NULL, 'g', 180, 0, NULL, NULL, NULL, NULL, NULL, NULL, NULL, NULL, NULL, NULL, 0, 0, 0, 0, 0, 0, NULL, 2, 840, NULL),
	(959, 1, 'Country Life, R-липоевая кислота, 100 мг, 60 вегетарианских капсул', '959', NULL, NULL, NULL, NULL, NULL, '2018-08-09 15:51:31', '2018-08-09 16:07:36', NULL, 0, 16, '2040-01-01', NULL, 'ml', NULL, 'g', 60, 0, NULL, NULL, NULL, NULL, NULL, NULL, NULL, NULL, NULL, NULL, 0, 0, 0, 0, 0, 0, NULL, 2, 840, NULL),
	(960, 1, 'Doctor\'s Best, Астаксантин с AstaPure, 6 мг, 90 вегетарианских таблеток в мягкой оболочке', '960', NULL, NULL, NULL, NULL, NULL, '2018-08-09 15:51:31', '2018-08-09 16:07:36', NULL, 0, 17, '2040-01-01', NULL, 'ml', NULL, 'g', 90, 0, NULL, NULL, NULL, NULL, NULL, NULL, NULL, NULL, NULL, NULL, 0, 0, 0, 0, 0, 0, NULL, 2, 840, NULL),
	(961, 1, 'Doctor\'s Best, Лучший транс-ресвератрол 100, 100 мг, 60 растительных капсул', '961', NULL, NULL, NULL, NULL, NULL, '2018-08-09 15:51:31', '2018-08-09 16:07:36', NULL, 0, 17, '2040-01-01', NULL, 'ml', NULL, 'g', 60, 0, NULL, NULL, NULL, NULL, NULL, NULL, NULL, NULL, NULL, NULL, 0, 0, 0, 0, 0, 0, NULL, 2, 840, NULL),
	(962, 1, 'Country Life, Зеленый чай экстракт , 90 таблеток', '962', NULL, NULL, NULL, NULL, NULL, '2018-08-09 15:51:31', '2018-08-09 16:07:36', NULL, 0, 16, '2040-01-01', NULL, 'ml', NULL, 'g', 90, 0, NULL, NULL, NULL, NULL, NULL, NULL, NULL, NULL, NULL, NULL, 0, 0, 0, 0, 0, 0, NULL, 1, 840, NULL),
	(963, 1, 'Jarrow Formulas, PomeGreat, гранатовый, 360 мл (12 fl oz)', '963', NULL, NULL, NULL, NULL, NULL, '2018-08-09 15:51:31', '2018-08-09 16:07:36', NULL, 0, 21, '2040-01-01', NULL, 'ml', NULL, 'g', NULL, 0, NULL, NULL, NULL, NULL, NULL, NULL, NULL, NULL, NULL, NULL, 0, 0, 0, 0, 0, 0, 21, 7, 840, NULL),
	(964, 1, 'Doctor\'s Best, Асаи, 500 мг, 120 капсул в растительной оболочке', '964', NULL, NULL, NULL, NULL, NULL, '2018-08-09 15:51:31', '2018-08-09 16:07:36', NULL, 0, 17, '2040-01-01', NULL, 'ml', NULL, 'g', 120, 0, NULL, NULL, NULL, NULL, NULL, NULL, NULL, NULL, NULL, NULL, 0, 0, 0, 0, 0, 0, NULL, 2, 840, NULL),
	(965, 1, 'Natural Factors, Экстракт виноградных косточек, 100 мг, 90 капсул', '965', NULL, NULL, NULL, NULL, NULL, '2018-08-09 15:51:31', '2018-08-09 16:07:36', NULL, 0, 23, '2040-01-01', NULL, 'ml', NULL, 'g', 90, 0, NULL, NULL, NULL, NULL, NULL, NULL, NULL, NULL, NULL, NULL, 0, 0, 0, 0, 0, 0, NULL, 2, 840, NULL),
	(966, 1, 'Natural Factors, CranRich, Клюквенный супер концентрат, 500 мг, 90 капсул', '966', NULL, NULL, NULL, NULL, NULL, '2018-08-09 15:51:31', '2018-08-09 16:07:36', NULL, 0, 23, '2040-01-01', NULL, 'ml', NULL, 'g', 90, 0, NULL, NULL, NULL, NULL, NULL, NULL, NULL, NULL, NULL, NULL, 0, 0, 0, 0, 0, 0, NULL, 2, 840, NULL),
	(967, 1, 'Jarrow Formulas, Глутатион сокращенный, 500 мг, 60 вегетарианских капсул', '967', NULL, NULL, NULL, NULL, NULL, '2018-08-09 15:51:31', '2018-08-09 16:07:36', NULL, 0, 21, '2040-01-01', NULL, 'ml', NULL, 'g', 60, 0, NULL, NULL, NULL, NULL, NULL, NULL, NULL, NULL, NULL, NULL, 0, 0, 0, 0, 0, 0, NULL, 2, 840, NULL),
	(968, 1, 'Solgar, Комплекс биофлавоноидов цитрусовых, 1000 мг, 100 таблеток', '968', NULL, NULL, NULL, NULL, NULL, '2018-08-09 15:51:31', '2018-08-09 16:07:36', NULL, 0, 20, '2040-01-01', NULL, 'ml', NULL, 'g', 100, 0, NULL, NULL, NULL, NULL, NULL, NULL, NULL, NULL, NULL, NULL, 0, 0, 0, 0, 0, 0, NULL, 1, 840, NULL),
	(969, 1, 'Jarrow Formulas, BCAA, комплекс аминокислот с разветвлённой цепью, 120 капсул', '969', NULL, NULL, NULL, NULL, NULL, '2018-08-09 15:51:31', '2018-08-09 16:07:36', NULL, 0, 21, '2040-01-01', NULL, 'ml', NULL, 'g', 120, 0, NULL, NULL, NULL, NULL, NULL, NULL, NULL, NULL, NULL, NULL, 0, 0, 0, 0, 0, 0, NULL, 2, 840, NULL),
	(970, 1, 'Doctor\'s Best, Ацетил-L-карнитин с Biosint Carnitines, 500 мг, 60 вегетарианских капсул', '970', NULL, NULL, NULL, NULL, NULL, '2018-08-09 15:51:31', '2018-08-09 16:07:36', NULL, 0, 17, '2040-01-01', NULL, 'ml', NULL, 'g', 60, 0, NULL, NULL, NULL, NULL, NULL, NULL, NULL, NULL, NULL, NULL, 0, 0, 0, 0, 0, 0, NULL, 2, 840, NULL),
	(971, 1, 'Doctor\'s Best, Ацетил-L-карнитин, 500 мг, 120 вегетарианских капсул', '971', NULL, NULL, NULL, NULL, NULL, '2018-08-09 15:51:31', '2018-08-09 16:07:36', NULL, 0, 17, '2040-01-01', NULL, 'ml', NULL, 'g', 120, 0, NULL, NULL, NULL, NULL, NULL, NULL, NULL, NULL, NULL, NULL, 0, 0, 0, 0, 0, 0, NULL, 2, 840, NULL),
	(972, 1, 'Jarrow Formulas, Ацетил L-карнитин 500, 500 мг, 120 капсул', '972', NULL, NULL, NULL, NULL, NULL, '2018-08-09 15:51:31', '2018-08-09 16:07:36', NULL, 0, 21, '2040-01-01', NULL, 'ml', NULL, 'g', 120, 0, NULL, NULL, NULL, NULL, NULL, NULL, NULL, NULL, NULL, NULL, 0, 0, 0, 0, 0, 0, NULL, 2, 840, NULL),
	(973, 1, 'Natrol , L-карнитин, 500 мг, 30 капсул', '973', NULL, NULL, NULL, NULL, NULL, '2018-08-09 15:51:31', '2018-08-09 16:07:36', NULL, 0, 18, '2040-01-01', NULL, 'ml', NULL, 'g', 30, 0, NULL, NULL, NULL, NULL, NULL, NULL, NULL, NULL, NULL, NULL, 0, 0, 0, 0, 0, 0, NULL, 2, 840, NULL),
	(974, 1, 'Doctor\'s Best, Лучший L-карнитина фумарат, 855 мг, 180 вегетарианских капсул', '974', NULL, NULL, NULL, NULL, NULL, '2018-08-09 15:51:31', '2018-08-09 16:07:36', NULL, 0, 17, '2040-01-01', NULL, 'ml', NULL, 'g', 180, 0, NULL, NULL, NULL, NULL, NULL, NULL, NULL, NULL, NULL, NULL, 0, 0, 0, 0, 0, 0, NULL, 2, 840, NULL),
	(975, 1, 'Jarrow Formulas, Аргинин, 1000 мг, 100 таблетки', '975', NULL, NULL, NULL, NULL, NULL, '2018-08-09 15:51:31', '2018-08-09 16:07:36', NULL, 0, 21, '2040-01-01', NULL, 'ml', NULL, 'g', 100, 0, NULL, NULL, NULL, NULL, NULL, NULL, NULL, NULL, NULL, NULL, 0, 0, 0, 0, 0, 0, NULL, 1, 840, NULL),
	(976, 1, 'Natrol, L-аргинин, 3000 мг, 90 таблеток', '976', NULL, NULL, NULL, NULL, NULL, '2018-08-09 15:51:31', '2018-08-09 16:07:36', NULL, 0, 18, '2040-01-01', NULL, 'ml', NULL, 'g', 90, 0, NULL, NULL, NULL, NULL, NULL, NULL, NULL, NULL, NULL, NULL, 0, 0, 0, 0, 0, 0, NULL, 1, 840, NULL),
	(977, 1, 'Jarrow Formulas, Аргинин + орнитин, 750 мг, 100 быстрорастворимых таблеток', '977', NULL, NULL, NULL, NULL, NULL, '2018-08-09 15:51:31', '2018-08-09 16:07:36', NULL, 0, 21, '2040-01-01', NULL, 'ml', NULL, 'g', 100, 0, NULL, NULL, NULL, NULL, NULL, NULL, NULL, NULL, NULL, NULL, 0, 0, 0, 0, 0, 0, NULL, 1, 840, NULL),
	(978, 1, 'Jarrow Formulas, L-глютамин, 4 унции (113 г), порошок', '978', NULL, NULL, NULL, NULL, NULL, '2018-08-09 15:51:31', '2018-08-09 16:07:36', NULL, 0, 21, '2040-01-01', NULL, 'ml', NULL, 'g', NULL, 0, NULL, NULL, NULL, NULL, NULL, NULL, NULL, NULL, NULL, NULL, 0, 0, 0, 0, 0, 0, NULL, 3, 840, NULL),
	(979, 1, 'Jarrow Formulas, L-глутамин, 1000 мг, 100 таблеток', '979', NULL, NULL, NULL, NULL, NULL, '2018-08-09 15:51:31', '2018-08-09 16:07:36', NULL, 0, 21, '2040-01-01', NULL, 'ml', NULL, 'g', 100, 0, NULL, NULL, NULL, NULL, NULL, NULL, NULL, NULL, NULL, NULL, 0, 0, 0, 0, 0, 0, NULL, 1, 840, NULL),
	(980, 1, 'Solgar, L-глютамин 60 таблеток', '980', NULL, NULL, NULL, NULL, NULL, '2018-08-09 15:51:31', '2018-08-09 16:07:36', NULL, 0, 20, '2040-01-01', NULL, 'ml', NULL, 'g', 60, 0, NULL, NULL, NULL, NULL, NULL, NULL, NULL, NULL, NULL, NULL, 0, 0, 0, 0, 0, 0, NULL, 1, 840, NULL),
	(981, 1, 'Nature\'s Plus, L-лизин, 500 мг, 90 капсул', '981', NULL, NULL, NULL, NULL, NULL, '2018-08-09 15:51:31', '2018-08-09 16:07:36', NULL, 0, 26, '2040-01-01', NULL, 'ml', NULL, 'g', 90, 0, NULL, NULL, NULL, NULL, NULL, NULL, NULL, NULL, NULL, NULL, 0, 0, 0, 0, 0, 0, NULL, 2, 840, NULL),
	(982, 1, 'Country Life, L-лизин, 1000 мг, 250 таблеток', '982', NULL, NULL, NULL, NULL, NULL, '2018-08-09 15:51:31', '2018-08-09 16:07:36', NULL, 0, 16, '2040-01-01', NULL, 'ml', NULL, 'g', 250, 0, NULL, NULL, NULL, NULL, NULL, NULL, NULL, NULL, NULL, NULL, 0, 0, 0, 0, 0, 0, NULL, 1, 840, NULL),
	(983, 1, 'Solgar, L-цистеин, 500 мг, 90 вегетарианских капсул', '983', NULL, NULL, NULL, NULL, NULL, '2018-08-09 15:51:31', '2018-08-09 16:07:36', NULL, 0, 20, '2040-01-01', NULL, 'ml', NULL, 'g', 90, 0, NULL, NULL, NULL, NULL, NULL, NULL, NULL, NULL, NULL, NULL, 0, 0, 0, 0, 0, 0, NULL, 2, 840, NULL),
	(984, 1, 'Doctor\'s Best, Лучший L-триптофан, 500 мг, 90 растительных капсул', '984', NULL, NULL, NULL, NULL, NULL, '2018-08-09 15:51:31', '2018-08-09 16:07:36', NULL, 0, 17, '2040-01-01', NULL, 'ml', NULL, 'g', 90, 0, NULL, NULL, NULL, NULL, NULL, NULL, NULL, NULL, NULL, NULL, 0, 0, 0, 0, 0, 0, NULL, 2, 840, NULL),
	(985, 1, 'Country Life, 5-HTP (5-гидрокситриптофан), 50 мг, 50 веганских капсул', '985', NULL, NULL, NULL, NULL, NULL, '2018-08-09 15:51:31', '2018-08-09 16:07:36', NULL, 0, 16, '2040-01-01', NULL, 'ml', NULL, 'g', 50, 0, NULL, NULL, NULL, NULL, NULL, NULL, NULL, NULL, NULL, NULL, 0, 0, 0, 0, 0, 0, NULL, 2, 840, NULL),
	(986, 1, 'Solgar, Лецитин в гранулах, 16 унций (454 г)', '986', NULL, NULL, NULL, NULL, NULL, '2018-08-09 15:51:31', '2018-08-09 16:07:36', NULL, 0, 20, '2040-01-01', NULL, 'ml', 454.00, 'g', NULL, 0, NULL, NULL, NULL, NULL, NULL, NULL, NULL, NULL, NULL, NULL, 0, 0, 0, 0, 0, 0, NULL, 5, 840, NULL),
	(987, 1, 'Nature\'s Plus, Лецитин из яичного желтка, 600 мг, 90 вегетарианских капсул', '987', NULL, NULL, NULL, NULL, NULL, '2018-08-09 15:51:31', '2018-08-09 16:07:36', NULL, 0, 26, '2040-01-01', NULL, 'ml', NULL, 'g', 90, 0, NULL, NULL, NULL, NULL, NULL, NULL, NULL, NULL, NULL, NULL, 0, 0, 0, 0, 0, 0, NULL, 2, 840, NULL),
	(988, 1, 'Nature\'s Way, Супер рыбий жир, 90 капсул', '988', NULL, NULL, NULL, NULL, NULL, '2018-08-09 15:51:31', '2018-08-09 16:07:36', NULL, 0, 19, '2040-01-01', NULL, 'ml', NULL, 'g', 90, 0, NULL, NULL, NULL, NULL, NULL, NULL, NULL, NULL, NULL, NULL, 0, 0, 0, 0, 0, 0, NULL, 2, 840, NULL),
	(989, 1, 'Solgar, Омега-3 рыбий жир концентрат, 240 капсул', '989', NULL, NULL, NULL, NULL, NULL, '2018-08-09 15:51:31', '2018-08-09 16:07:36', NULL, 0, 20, '2040-01-01', NULL, 'ml', NULL, 'g', 240, 0, NULL, NULL, NULL, NULL, NULL, NULL, NULL, NULL, NULL, NULL, 0, 0, 0, 0, 0, 0, NULL, 2, 840, NULL),
	(990, 1, 'Solgar, Омега-3 тройной силы, 950 мг, ЭПК и ДГК, 50 мягких желатиновых капсул', '990', NULL, NULL, NULL, NULL, NULL, '2018-08-09 15:51:31', '2018-08-09 16:07:36', NULL, 0, 20, '2040-01-01', NULL, 'ml', NULL, 'g', 50, 0, NULL, NULL, NULL, NULL, NULL, NULL, NULL, NULL, NULL, NULL, 0, 0, 0, 0, 0, 0, NULL, 2, 840, NULL),
	(991, 1, 'Solgar, Омега-3 ЭПК и докозагексановая кислота, Тройная сила, 950 мг, 100 капсул', '991', NULL, NULL, NULL, NULL, NULL, '2018-08-09 15:51:31', '2018-08-09 16:07:36', NULL, 0, 20, '2040-01-01', NULL, 'ml', NULL, 'g', 100, 0, NULL, NULL, NULL, NULL, NULL, NULL, NULL, NULL, NULL, NULL, 0, 0, 0, 0, 0, 0, NULL, 2, 840, NULL),
	(992, 1, 'Carlson Labs, Поймано в диких условиях, Elite Omega-3 Gems, лимон, 1600мг, 90+30 (беспл.) мягк.табл.', '992', NULL, NULL, NULL, NULL, NULL, '2018-08-09 15:51:31', '2018-08-09 16:07:36', NULL, 0, 22, '2040-01-01', NULL, 'ml', NULL, 'g', 120, 0, NULL, NULL, NULL, NULL, NULL, NULL, NULL, NULL, NULL, NULL, 0, 0, 0, 0, 0, 0, 78, 1, 840, NULL),
	(993, 1, 'Nature\'s Way, Fisol, рыбий жир, 180 мягких желатиновых капсул', '993', NULL, NULL, NULL, NULL, NULL, '2018-08-09 15:51:31', '2018-08-09 16:07:36', NULL, 0, 19, '2040-01-01', NULL, 'ml', NULL, 'g', 180, 0, NULL, NULL, NULL, NULL, NULL, NULL, NULL, NULL, NULL, NULL, 0, 0, 0, 0, 0, 0, NULL, 2, 840, NULL),
	(994, 1, 'Carlson Labs, Рыбий жир для детей, апельсиновый вкус, высшего качества 200 мл ', '994', NULL, NULL, NULL, NULL, NULL, '2018-08-09 15:51:31', '2018-08-09 16:07:36', NULL, 0, 22, '2040-01-01', NULL, 'ml', NULL, 'g', NULL, 0, NULL, NULL, NULL, NULL, NULL, NULL, NULL, NULL, NULL, NULL, 0, 0, 0, 0, 0, 0, NULL, 7, 840, NULL),
	(995, 1, 'Carlson Labs, ДГК для детей жевательная, вкус апельсина, Chewable DHA, 120 капсул', '995', NULL, NULL, NULL, NULL, NULL, '2018-08-09 15:51:31', '2018-08-09 16:07:36', NULL, 0, 22, '2040-01-01', NULL, 'ml', NULL, 'g', 120, 0, NULL, NULL, NULL, NULL, NULL, NULL, NULL, NULL, NULL, NULL, 0, 0, 0, 0, 0, 0, NULL, 2, 840, NULL),
	(996, 1, 'Natrol, Комплекс омега 3-6-9, со вкусом лимона, 90 жевательных капсул', '996', NULL, NULL, NULL, NULL, NULL, '2018-08-09 15:51:31', '2018-08-09 16:07:36', NULL, 0, 18, '2040-01-01', NULL, 'ml', NULL, 'g', 90, 0, NULL, NULL, NULL, NULL, NULL, NULL, NULL, NULL, NULL, NULL, 0, 0, 0, 0, 0, 0, NULL, 2, 840, NULL),
	(997, 1, 'Solgar, Незаменимая жирная кислота, Омега 3-6-9, 1300 мг, 120 капсул в желатиновой оболочке', '997', NULL, NULL, NULL, NULL, NULL, '2018-08-09 15:51:31', '2018-08-09 16:07:36', NULL, 0, 20, '2040-01-01', NULL, 'ml', NULL, 'g', 120, 0, NULL, NULL, NULL, NULL, NULL, NULL, NULL, NULL, NULL, NULL, 0, 0, 0, 0, 0, 0, NULL, 2, 840, NULL),
	(998, 1, 'Natural Factors, Omega Factors, рыбий жир из дикого аляскинского лосося, 1000 мг, 180 желат. капсул', '998', NULL, NULL, NULL, NULL, NULL, '2018-08-09 15:51:31', '2018-08-09 16:07:36', NULL, 0, 23, '2040-01-01', NULL, 'ml', NULL, 'g', 180, 0, NULL, NULL, NULL, NULL, NULL, NULL, NULL, NULL, NULL, NULL, 0, 0, 0, 0, 0, 0, NULL, 2, 840, NULL),
	(999, 1, 'Doctor\'s Best, Real Krill, 350 мг, 60 гелевых капсул', '999', NULL, NULL, NULL, NULL, NULL, '2018-08-09 15:51:31', '2018-08-09 16:07:36', NULL, 0, 17, '2040-01-01', NULL, 'ml', NULL, 'g', 60, 0, NULL, NULL, NULL, NULL, NULL, NULL, NULL, NULL, NULL, NULL, 0, 0, 0, 0, 0, 0, NULL, 2, 840, NULL),
	(1000, 1, 'Jarrow Formulas, Крилевое масло, 60 жидких гелевых капсул', '1000', NULL, NULL, NULL, NULL, NULL, '2018-08-09 15:51:31', '2018-08-09 16:07:36', NULL, 0, 21, '2040-01-01', NULL, 'ml', NULL, 'g', 60, 0, NULL, NULL, NULL, NULL, NULL, NULL, NULL, NULL, NULL, NULL, 0, 0, 0, 0, 0, 0, NULL, 2, 840, NULL),
	(1001, 1, 'Nature\'s Way, EfaGold, масло криля, 500 мг, 60 мягких капсул', '1001', NULL, NULL, NULL, NULL, NULL, '2018-08-09 15:51:31', '2018-08-09 16:07:36', NULL, 0, 19, '2040-01-01', NULL, 'ml', NULL, 'g', 60, 0, NULL, NULL, NULL, NULL, NULL, NULL, NULL, NULL, NULL, NULL, 0, 0, 0, 0, 0, 0, NULL, 2, 840, NULL),
	(1002, 1, 'Natural Factors, Супер масло печени трески, 90 капсулт', '1002', NULL, NULL, NULL, NULL, NULL, '2018-08-09 15:51:31', '2018-08-09 16:07:36', NULL, 0, 23, '2040-01-01', NULL, 'ml', NULL, 'g', 90, 0, NULL, NULL, NULL, NULL, NULL, NULL, NULL, NULL, NULL, NULL, 0, 0, 0, 0, 0, 0, NULL, 2, 840, NULL),
	(1003, 1, 'Solgar, Рыбий жир, витамин А и D, 250 капсул', '1003', NULL, NULL, NULL, NULL, NULL, '2018-08-09 15:51:31', '2018-08-09 16:07:36', NULL, 0, 20, '2040-01-01', NULL, 'ml', NULL, 'g', 250, 0, NULL, NULL, NULL, NULL, NULL, NULL, NULL, NULL, NULL, NULL, 0, 0, 0, 0, 0, 0, NULL, 2, 840, NULL),
	(1004, 1, 'Carlson Labs, Масло из печени трески, супер 1000 мг, 250 жидких гелевых капсул', '1004', NULL, NULL, NULL, NULL, NULL, '2018-08-09 15:51:31', '2018-08-09 16:07:36', NULL, 0, 22, '2040-01-01', NULL, 'ml', NULL, 'g', 250, 0, NULL, NULL, NULL, NULL, NULL, NULL, NULL, NULL, NULL, NULL, 0, 0, 0, 0, 0, 0, NULL, 2, 840, NULL),
	(1005, 1, 'Jarrow Formulas, Натуральное масло семян льна, 1000 мг, 200 мягких капсул', '1005', NULL, NULL, NULL, NULL, NULL, '2018-08-09 15:51:32', '2018-08-09 16:07:36', NULL, 0, 21, '2040-01-01', NULL, 'ml', NULL, 'g', 200, 0, NULL, NULL, NULL, NULL, NULL, NULL, NULL, NULL, NULL, NULL, 0, 0, 0, 0, 0, 0, NULL, 2, 840, NULL),
	(1006, 1, 'Natrol, Масло льняных семечек, 1000 мг, 90 мягких капсул', '1006', NULL, NULL, NULL, NULL, NULL, '2018-08-09 15:51:32', '2018-08-09 16:07:36', NULL, 0, 18, '2040-01-01', NULL, 'ml', NULL, 'g', 90, 0, NULL, NULL, NULL, NULL, NULL, NULL, NULL, NULL, NULL, NULL, 0, 0, 0, 0, 0, 0, NULL, 2, 840, NULL),
	(1007, 1, 'Jarrow Formulas, Сертифицированное натуральное льняное масло, 32 жидких унции (946 мл)', '1007', NULL, NULL, NULL, NULL, NULL, '2018-08-09 15:51:32', '2018-08-09 16:07:36', NULL, 0, 21, '2040-01-01', NULL, 'ml', 946.00, 'g', NULL, 0, NULL, NULL, NULL, NULL, NULL, NULL, NULL, NULL, NULL, NULL, 0, 0, 0, 0, 0, 0, NULL, 7, 840, NULL),
	(1008, 1, 'Solgar, Источник земли, органическое льняное масло, 16 жидких унций (473 мл)', '1008', NULL, NULL, NULL, NULL, NULL, '2018-08-09 15:51:32', '2018-08-09 16:07:36', NULL, 0, 20, '2040-01-01', NULL, 'ml', 473.00, 'g', NULL, 0, NULL, NULL, NULL, NULL, NULL, NULL, NULL, NULL, NULL, NULL, 0, 0, 0, 0, 0, 0, NULL, 7, 840, NULL),
	(1009, 1, 'Country Life, Масло примулы вечерней, 500 мг, 60 желатиновых капсул', '1009', NULL, NULL, NULL, NULL, NULL, '2018-08-09 15:51:32', '2018-08-09 16:07:36', NULL, 0, 16, '2040-01-01', NULL, 'ml', NULL, 'g', 60, 0, NULL, NULL, NULL, NULL, NULL, NULL, NULL, NULL, NULL, NULL, 0, 0, 0, 0, 0, 0, NULL, 2, 840, NULL),
	(1010, 1, 'Jarrow Formulas, Вечерняя примула 1300, 1300 мг, 60 мягких капсул', '1010', NULL, NULL, NULL, NULL, NULL, '2018-08-09 15:51:32', '2018-08-09 16:07:36', NULL, 0, 21, '2040-01-01', NULL, 'ml', NULL, 'g', 60, 0, NULL, NULL, NULL, NULL, NULL, NULL, NULL, NULL, NULL, NULL, 0, 0, 0, 0, 0, 0, NULL, 2, 840, NULL),
	(1011, 1, 'Solgar, Масло вечерней примулы, 1300 мг, 60 мягких капсул', '1011', NULL, NULL, NULL, NULL, NULL, '2018-08-09 15:51:32', '2018-08-09 16:07:36', NULL, 0, 20, '2040-01-01', NULL, 'ml', NULL, 'g', 60, 0, NULL, NULL, NULL, NULL, NULL, NULL, NULL, NULL, NULL, NULL, 0, 0, 0, 0, 0, 0, NULL, 2, 840, NULL),
	(1012, 1, 'Jarrow Formulas, Max ДГК, 180 капсул', '1012', NULL, NULL, NULL, NULL, NULL, '2018-08-09 15:51:32', '2018-08-09 16:07:36', NULL, 0, 21, '2040-01-01', NULL, 'ml', NULL, 'g', 180, 0, NULL, NULL, NULL, NULL, NULL, NULL, NULL, NULL, NULL, NULL, 0, 0, 0, 0, 0, 0, NULL, 2, 840, NULL),
	(1013, 1, 'Jarrow Formulas, Черная смородина для глаз, 60 капсул', '1013', NULL, NULL, NULL, NULL, NULL, '2018-08-09 15:51:32', '2018-08-09 16:07:36', NULL, 0, 21, NULL, NULL, 'ml', NULL, 'g', 60, 0, NULL, NULL, NULL, NULL, NULL, NULL, NULL, NULL, NULL, NULL, 0, 0, 0, 0, 0, 0, NULL, 2, 840, NULL),
	(1014, 1, 'Doctor\'s Best, Лучшая гиалуроновая кислота с хондроитин сульфатом, 60 таблеток', '1014', NULL, NULL, NULL, NULL, NULL, '2018-08-09 15:51:32', '2018-08-09 16:07:37', NULL, 0, 17, NULL, NULL, 'ml', NULL, 'g', 60, 0, NULL, NULL, NULL, NULL, NULL, NULL, NULL, NULL, NULL, NULL, 0, 0, 0, 0, 0, 0, NULL, 1, 840, NULL);
/*!40000 ALTER TABLE `products` ENABLE KEYS */;

-- Дамп структуры для таблица ecoproj.products_copy
CREATE TABLE IF NOT EXISTS `products_copy` (
  `id` int(10) unsigned NOT NULL AUTO_INCREMENT,
  `order` int(11) NOT NULL DEFAULT '1',
  `name` varchar(255) COLLATE utf8mb4_unicode_ci NOT NULL,
  `article` varchar(255) COLLATE utf8mb4_unicode_ci NOT NULL,
  `image` varchar(255) COLLATE utf8mb4_unicode_ci DEFAULT NULL,
  `description` text COLLATE utf8mb4_unicode_ci,
  `meta_title` varchar(255) COLLATE utf8mb4_unicode_ci DEFAULT NULL,
  `meta_description` text COLLATE utf8mb4_unicode_ci,
  `meta_keywords` text COLLATE utf8mb4_unicode_ci,
  `created_at` timestamp NULL DEFAULT NULL,
  `updated_at` timestamp NULL DEFAULT NULL,
  `price` decimal(8,2) DEFAULT NULL,
  `discount` int(11) DEFAULT NULL,
  `price2` decimal(8,2) DEFAULT NULL,
  `price3` decimal(8,2) DEFAULT NULL,
  `price4` decimal(8,2) DEFAULT NULL,
  `price5` decimal(8,2) DEFAULT NULL,
  `price6` decimal(8,2) DEFAULT NULL,
  `price7` decimal(8,2) DEFAULT NULL,
  `price8` decimal(8,2) DEFAULT NULL,
  `price9` decimal(8,2) DEFAULT NULL,
  `price10` decimal(8,2) DEFAULT NULL,
  `brand_id` int(10) unsigned NOT NULL,
  PRIMARY KEY (`id`),
  UNIQUE KEY `products_article_unique` (`article`),
  KEY `products_brand_id_foreign` (`brand_id`),
  CONSTRAINT `products_brand_id_foreign` FOREIGN KEY (`brand_id`) REFERENCES `brands` (`id`)
) ENGINE=InnoDB DEFAULT CHARSET=utf8mb4 COLLATE=utf8mb4_unicode_ci ROW_FORMAT=DYNAMIC;

-- Дамп данных таблицы ecoproj.products_copy: ~0 rows (приблизительно)
DELETE FROM `products_copy`;
/*!40000 ALTER TABLE `products_copy` DISABLE KEYS */;
/*!40000 ALTER TABLE `products_copy` ENABLE KEYS */;

-- Дамп структуры для таблица ecoproj.products_tags
CREATE TABLE IF NOT EXISTS `products_tags` (
  `tag_id` int(10) unsigned NOT NULL,
  `product_id` int(10) unsigned NOT NULL,
  PRIMARY KEY (`tag_id`,`product_id`),
  KEY `products_tags_product_id_foreign` (`product_id`),
  CONSTRAINT `products_tags_product_id_foreign` FOREIGN KEY (`product_id`) REFERENCES `products` (`id`) ON DELETE CASCADE ON UPDATE CASCADE,
  CONSTRAINT `products_tags_tag_id_foreign` FOREIGN KEY (`tag_id`) REFERENCES `tags` (`id`) ON DELETE CASCADE ON UPDATE CASCADE
) ENGINE=InnoDB DEFAULT CHARSET=utf8mb4 COLLATE=utf8mb4_unicode_ci;

-- Дамп данных таблицы ecoproj.products_tags: ~13 rows (приблизительно)
DELETE FROM `products_tags`;
/*!40000 ALTER TABLE `products_tags` DISABLE KEYS */;
INSERT INTO `products_tags` (`tag_id`, `product_id`) VALUES
	(1, 6),
	(2, 6),
	(1, 7),
	(2, 8),
	(1, 9),
	(1, 10),
	(2, 11),
	(3, 11),
	(1, 12),
	(2, 12),
	(1, 16),
	(2, 16),
	(1, 20),
	(3, 20);
/*!40000 ALTER TABLE `products_tags` ENABLE KEYS */;

-- Дамп структуры для таблица ecoproj.promocodes
CREATE TABLE IF NOT EXISTS `promocodes` (
  `id` int(10) unsigned NOT NULL AUTO_INCREMENT,
  `code` varchar(32) COLLATE utf8mb4_unicode_ci NOT NULL,
  `discount` int(11) DEFAULT NULL,
  `data` text COLLATE utf8mb4_unicode_ci,
  `is_disposable` tinyint(1) NOT NULL DEFAULT '1',
  `is_oneuser_disposable` tinyint(1) NOT NULL DEFAULT '1',
  `exp_date` date DEFAULT NULL,
  `created_at` timestamp NULL DEFAULT NULL,
  `updated_at` timestamp NULL DEFAULT NULL,
  PRIMARY KEY (`id`),
  UNIQUE KEY `promocodes_code_unique` (`code`)
) ENGINE=InnoDB AUTO_INCREMENT=3 DEFAULT CHARSET=utf8mb4 COLLATE=utf8mb4_unicode_ci;

-- Дамп данных таблицы ecoproj.promocodes: ~0 rows (приблизительно)
DELETE FROM `promocodes`;
/*!40000 ALTER TABLE `promocodes` DISABLE KEYS */;
INSERT INTO `promocodes` (`id`, `code`, `discount`, `data`, `is_disposable`, `is_oneuser_disposable`, `exp_date`, `created_at`, `updated_at`) VALUES
	(1, 'OpenOTF2018', 20, NULL, 1, 0, '2018-09-30', '2018-07-16 12:12:00', '2018-07-16 12:12:00'),
	(2, 'test1234', 10, NULL, 1, 1, '2018-10-25', '2018-08-08 15:18:00', '2018-08-08 15:18:29');
/*!40000 ALTER TABLE `promocodes` ENABLE KEYS */;

-- Дамп структуры для таблица ecoproj.promocode_used
CREATE TABLE IF NOT EXISTS `promocode_used` (
  `id` int(10) unsigned NOT NULL AUTO_INCREMENT,
  `user_id` int(10) unsigned NOT NULL,
  `order_id` int(10) unsigned NOT NULL,
  `promocode_id` int(10) unsigned NOT NULL,
  `used_at` timestamp NOT NULL,
  `created_at` timestamp NULL DEFAULT NULL,
  `updated_at` timestamp NULL DEFAULT NULL,
  PRIMARY KEY (`id`),
  KEY `promocode_used_order_id_foreign` (`order_id`),
  KEY `promocode_used_user_id_foreign` (`user_id`),
  KEY `promocode_used_promocode_id_foreign` (`promocode_id`),
  CONSTRAINT `promocode_used_order_id_foreign` FOREIGN KEY (`order_id`) REFERENCES `orders` (`id`) ON DELETE CASCADE ON UPDATE CASCADE,
  CONSTRAINT `promocode_used_promocode_id_foreign` FOREIGN KEY (`promocode_id`) REFERENCES `promocodes` (`id`) ON DELETE CASCADE ON UPDATE CASCADE,
  CONSTRAINT `promocode_used_user_id_foreign` FOREIGN KEY (`user_id`) REFERENCES `users` (`id`) ON DELETE CASCADE ON UPDATE CASCADE
) ENGINE=InnoDB AUTO_INCREMENT=3 DEFAULT CHARSET=utf8mb4 COLLATE=utf8mb4_unicode_ci;

-- Дамп данных таблицы ecoproj.promocode_used: ~0 rows (приблизительно)
DELETE FROM `promocode_used`;
/*!40000 ALTER TABLE `promocode_used` DISABLE KEYS */;
INSERT INTO `promocode_used` (`id`, `user_id`, `order_id`, `promocode_id`, `used_at`, `created_at`, `updated_at`) VALUES
	(1, 18, 200, 1, '2018-08-07 17:25:00', NULL, NULL),
	(2, 18, 199, 1, '2018-08-08 14:48:07', NULL, NULL);
/*!40000 ALTER TABLE `promocode_used` ENABLE KEYS */;

-- Дамп структуры для таблица ecoproj.reviews
CREATE TABLE IF NOT EXISTS `reviews` (
  `id` int(10) unsigned NOT NULL AUTO_INCREMENT,
  `user_id` int(10) unsigned NOT NULL,
  `product_id` int(10) unsigned NOT NULL,
  `name` varchar(50) COLLATE utf8mb4_unicode_ci NOT NULL,
  `comment` text COLLATE utf8mb4_unicode_ci NOT NULL,
  `rating` tinyint(3) unsigned NOT NULL DEFAULT '5',
  `is_approved` tinyint(1) NOT NULL DEFAULT '0',
  `is_spam` tinyint(1) NOT NULL DEFAULT '0',
  `created_at` timestamp NULL DEFAULT NULL,
  `updated_at` timestamp NULL DEFAULT NULL,
  PRIMARY KEY (`id`),
  KEY `reviews_user_id_index` (`user_id`),
  KEY `reviews_product_id_index` (`product_id`),
  KEY `reviews_rating_index` (`rating`)
) ENGINE=InnoDB DEFAULT CHARSET=utf8mb4 COLLATE=utf8mb4_unicode_ci;

-- Дамп данных таблицы ecoproj.reviews: ~0 rows (приблизительно)
DELETE FROM `reviews`;
/*!40000 ALTER TABLE `reviews` DISABLE KEYS */;
/*!40000 ALTER TABLE `reviews` ENABLE KEYS */;

-- Дамп структуры для таблица ecoproj.roles
CREATE TABLE IF NOT EXISTS `roles` (
  `id` int(10) unsigned NOT NULL AUTO_INCREMENT,
  `name` varchar(255) COLLATE utf8mb4_unicode_ci NOT NULL,
  `display_name` varchar(255) COLLATE utf8mb4_unicode_ci NOT NULL,
  `created_at` timestamp NULL DEFAULT NULL,
  `updated_at` timestamp NULL DEFAULT NULL,
  PRIMARY KEY (`id`),
  UNIQUE KEY `roles_name_unique` (`name`)
) ENGINE=InnoDB AUTO_INCREMENT=4 DEFAULT CHARSET=utf8mb4 COLLATE=utf8mb4_unicode_ci;

-- Дамп данных таблицы ecoproj.roles: ~2 rows (приблизительно)
DELETE FROM `roles`;
/*!40000 ALTER TABLE `roles` DISABLE KEYS */;
INSERT INTO `roles` (`id`, `name`, `display_name`, `created_at`, `updated_at`) VALUES
	(1, 'admin', 'Administrator', '2018-06-01 06:36:37', '2018-06-01 06:36:37'),
	(2, 'user', 'Normal User', '2018-06-01 06:36:37', '2018-06-01 06:36:37'),
	(3, 'manager', 'Manager', '2018-07-30 12:32:00', '2018-07-30 12:32:00');
/*!40000 ALTER TABLE `roles` ENABLE KEYS */;

-- Дамп структуры для таблица ecoproj.settings
CREATE TABLE IF NOT EXISTS `settings` (
  `id` int(10) unsigned NOT NULL AUTO_INCREMENT,
  `key` varchar(255) COLLATE utf8mb4_unicode_ci NOT NULL,
  `display_name` varchar(255) COLLATE utf8mb4_unicode_ci NOT NULL,
  `value` text COLLATE utf8mb4_unicode_ci,
  `details` text COLLATE utf8mb4_unicode_ci,
  `type` varchar(255) COLLATE utf8mb4_unicode_ci NOT NULL,
  `order` int(11) NOT NULL DEFAULT '1',
  `group` varchar(255) COLLATE utf8mb4_unicode_ci DEFAULT NULL,
  PRIMARY KEY (`id`),
  UNIQUE KEY `settings_key_unique` (`key`)
) ENGINE=InnoDB AUTO_INCREMENT=38 DEFAULT CHARSET=utf8mb4 COLLATE=utf8mb4_unicode_ci;

-- Дамп данных таблицы ecoproj.settings: ~21 rows (приблизительно)
DELETE FROM `settings`;
/*!40000 ALTER TABLE `settings` DISABLE KEYS */;
INSERT INTO `settings` (`id`, `key`, `display_name`, `value`, `details`, `type`, `order`, `group`) VALUES
	(1, 'site.title', 'Site Title', 'Site Title', '', 'text', 1, 'Site'),
	(2, 'site.description', 'Site Description', 'Site Description', '', 'text', 2, 'Site'),
	(3, 'site.logo', 'Site Logo', '', '', 'image', 3, 'Site'),
	(4, 'site.google_analytics_tracking_id', 'Google Analytics Tracking ID', NULL, '', 'text', 4, 'Site'),
	(5, 'admin.bg_image', 'Admin Background Image', '', '', 'image', 5, 'Admin'),
	(6, 'admin.title', 'Admin Title', 'Voyager', '', 'text', 1, 'Admin'),
	(7, 'admin.description', 'Admin Description', 'Welcome to Voyager. The Missing Admin for Laravel', '', 'text', 2, 'Admin'),
	(8, 'admin.loader', 'Admin Loader', '', '', 'image', 3, 'Admin'),
	(9, 'admin.icon_image', 'Admin Icon Image', '', '', 'image', 4, 'Admin'),
	(10, 'admin.google_analytics_client_id', 'Google Analytics Client ID (used for admin dashboard)', NULL, '', 'text', 1, 'Admin'),
	(11, 'site.FACEBOOK_ID', 'FACEBOOK_ID', '2135342523172497', NULL, 'text', 6, 'Site'),
	(12, 'site.FACEBOOK_SECRET', 'FACEBOOK_SECRET', '81dbc900d194eab8d74c83343fbf5885', NULL, 'text', 7, 'Site'),
	(13, 'site.FACEBOOK_URL', 'FACEBOOK_URL', 'http://localhost:8000/auth/facebook/callback', NULL, 'text', 8, 'Site'),
	(14, 'site.GOOGLE_APP_ID', 'GOOGLE_APP_ID', '82842844842-q799lq5feqpq37m5o7kmh0o909a2i4nr.apps.googleusercontent.com', NULL, 'text', 9, 'Site'),
	(15, 'site.GOOGLE_APP_SECRET', 'GOOGLE_APP_SECRET', 'yEiKnkJDDEORiYhIDeLzllSk', NULL, 'text', 10, 'Site'),
	(16, 'site.GOOGLE_REDIRECT', 'GOOGLE_REDIRECT', 'http://localhost:8000/auth/google/callback', NULL, 'text', 11, 'Site'),
	(20, 'site.freeShipping_UAH', 'Бесплатная доставка от (в грн.)', '1000', NULL, 'text', 15, 'Site'),
	(22, 'site.freeShipping_RUB', 'Бесплатная доставка от (в руб.)', '2000', NULL, 'text', 16, 'Site'),
	(23, 'site.analogProductsCount', 'Количество продуктов в блоке Похожие товары (или Вам могут понравиться))', '10', NULL, 'text', 17, 'Site'),
	(24, 'site.viewedProductsCount', 'Количество продуктов в блоке Недавно просмотренные', '10', NULL, 'text', 18, 'Site'),
	(27, 'site.maxCompareProducts', 'Макс.количество товаров для сравнения', '5', NULL, 'text', 19, 'Site'),
	(30, 'site.VKONTAKTE_ID', 'VKONTAKTE_ID', NULL, NULL, 'text', 12, 'Site'),
	(31, 'site.VKONTAKTE_SECRET', 'VKONTAKTE_SECRET', NULL, NULL, 'text', 13, 'Site'),
	(32, 'site.VKONTAKTE_URL', 'VKONTAKTE_URL', NULL, NULL, 'text', 14, 'Site'),
	(33, 'site.googleAnaliticsCode', 'Гугл аналитика', NULL, NULL, 'text_area', 20, 'Site'),
	(34, 'site.mainEmail', 'Главный e-mail (от имени которого буду отправляться письма)', 'tatamanilo@gmail.com', NULL, 'text', 21, 'Site'),
	(36, 'site.paginationCount', 'Количество товаров на странице', '12', NULL, 'text', 22, 'Site'),
	(37, 'site.hitsProductsCount', 'Количество продуктов в блоке Новинки, Хиты, Бестселлеры', '15', NULL, 'text', 23, 'Site');
/*!40000 ALTER TABLE `settings` ENABLE KEYS */;

-- Дамп структуры для таблица ecoproj.shipping_methods
CREATE TABLE IF NOT EXISTS `shipping_methods` (
  `id` int(10) unsigned NOT NULL AUTO_INCREMENT,
  `name` varchar(100) COLLATE utf8mb4_unicode_ci NOT NULL,
  `created_at` timestamp NULL DEFAULT NULL,
  `updated_at` timestamp NULL DEFAULT NULL,
  `method` varchar(20) COLLATE utf8mb4_unicode_ci NOT NULL DEFAULT '',
  `shipping_type_id` int(10) unsigned DEFAULT NULL,
  PRIMARY KEY (`id`),
  KEY `shipping_methods_shipping_type_id_foreign` (`shipping_type_id`),
  CONSTRAINT `shipping_methods_shipping_type_id_foreign` FOREIGN KEY (`shipping_type_id`) REFERENCES `shipping_types` (`id`) ON DELETE CASCADE ON UPDATE CASCADE
) ENGINE=InnoDB AUTO_INCREMENT=3 DEFAULT CHARSET=utf8mb4 COLLATE=utf8mb4_unicode_ci;

-- Дамп данных таблицы ecoproj.shipping_methods: ~2 rows (приблизительно)
DELETE FROM `shipping_methods`;
/*!40000 ALTER TABLE `shipping_methods` DISABLE KEYS */;
INSERT INTO `shipping_methods` (`id`, `name`, `created_at`, `updated_at`, `method`, `shipping_type_id`) VALUES
	(1, 'Отделение Новая Почта', '2018-07-23 12:41:00', '2018-08-01 07:23:29', 'warehouse', 1),
	(2, 'Курьер Новая Почта', '2018-07-23 12:41:00', '2018-08-01 07:23:14', 'postman', 1);
/*!40000 ALTER TABLE `shipping_methods` ENABLE KEYS */;

-- Дамп структуры для таблица ecoproj.shipping_types
CREATE TABLE IF NOT EXISTS `shipping_types` (
  `id` int(10) unsigned NOT NULL AUTO_INCREMENT,
  `created_at` timestamp NULL DEFAULT NULL,
  `updated_at` timestamp NULL DEFAULT NULL,
  `name` varchar(191) COLLATE utf8mb4_unicode_ci NOT NULL,
  `description` varchar(191) COLLATE utf8mb4_unicode_ci DEFAULT NULL,
  `api` varchar(191) COLLATE utf8mb4_unicode_ci DEFAULT NULL,
  `api_key` varchar(191) COLLATE utf8mb4_unicode_ci DEFAULT NULL,
  `price` double(10,2) DEFAULT NULL,
  `active` tinyint(1) NOT NULL DEFAULT '1',
  PRIMARY KEY (`id`),
  KEY `shipping_types_api_index` (`api`)
) ENGINE=InnoDB AUTO_INCREMENT=2 DEFAULT CHARSET=utf8mb4 COLLATE=utf8mb4_unicode_ci;

-- Дамп данных таблицы ecoproj.shipping_types: ~1 rows (приблизительно)
DELETE FROM `shipping_types`;
/*!40000 ALTER TABLE `shipping_types` DISABLE KEYS */;
INSERT INTO `shipping_types` (`id`, `created_at`, `updated_at`, `name`, `description`, `api`, `api_key`, `price`, `active`) VALUES
	(1, '2018-07-19 11:03:31', '2018-07-19 11:03:31', 'Новая почта', NULL, 'nova_poshta', '90f19a4d6b5888825d7189f507d05392', NULL, 1);
/*!40000 ALTER TABLE `shipping_types` ENABLE KEYS */;

-- Дамп структуры для таблица ecoproj.shipping_type_payment_type
CREATE TABLE IF NOT EXISTS `shipping_type_payment_type` (
  `shipping_type_id` int(10) unsigned NOT NULL,
  `payment_type_id` int(10) unsigned NOT NULL,
  PRIMARY KEY (`shipping_type_id`,`payment_type_id`),
  KEY `shipping_type_payment_type_payment_type_id_foreign` (`payment_type_id`),
  CONSTRAINT `shipping_type_payment_type_payment_type_id_foreign` FOREIGN KEY (`payment_type_id`) REFERENCES `payment_types` (`id`) ON DELETE CASCADE ON UPDATE CASCADE,
  CONSTRAINT `shipping_type_payment_type_shipping_type_id_foreign` FOREIGN KEY (`shipping_type_id`) REFERENCES `shipping_types` (`id`) ON DELETE CASCADE ON UPDATE CASCADE
) ENGINE=InnoDB DEFAULT CHARSET=utf8mb4 COLLATE=utf8mb4_unicode_ci;

-- Дамп данных таблицы ecoproj.shipping_type_payment_type: ~2 rows (приблизительно)
DELETE FROM `shipping_type_payment_type`;
/*!40000 ALTER TABLE `shipping_type_payment_type` DISABLE KEYS */;
INSERT INTO `shipping_type_payment_type` (`shipping_type_id`, `payment_type_id`) VALUES
	(1, 1),
	(1, 2);
/*!40000 ALTER TABLE `shipping_type_payment_type` ENABLE KEYS */;

-- Дамп структуры для таблица ecoproj.tags
CREATE TABLE IF NOT EXISTS `tags` (
  `id` int(10) unsigned NOT NULL AUTO_INCREMENT,
  `name` varchar(191) COLLATE utf8mb4_unicode_ci NOT NULL,
  `slug` varchar(191) COLLATE utf8mb4_unicode_ci NOT NULL,
  PRIMARY KEY (`id`),
  UNIQUE KEY `tags_slug_unique` (`slug`)
) ENGINE=InnoDB AUTO_INCREMENT=4 DEFAULT CHARSET=utf8mb4 COLLATE=utf8mb4_unicode_ci;

-- Дамп данных таблицы ecoproj.tags: ~3 rows (приблизительно)
DELETE FROM `tags`;
/*!40000 ALTER TABLE `tags` DISABLE KEYS */;
INSERT INTO `tags` (`id`, `name`, `slug`) VALUES
	(1, 'Органические', 'organicheskie'),
	(2, 'Для диабетиков', 'dlya-diabetikov'),
	(3, 'Для людей', 'dlya-lyudej');
/*!40000 ALTER TABLE `tags` ENABLE KEYS */;

-- Дамп структуры для таблица ecoproj.translations
CREATE TABLE IF NOT EXISTS `translations` (
  `id` int(10) unsigned NOT NULL AUTO_INCREMENT,
  `table_name` varchar(255) COLLATE utf8mb4_unicode_ci NOT NULL,
  `column_name` varchar(255) COLLATE utf8mb4_unicode_ci NOT NULL,
  `foreign_key` int(10) unsigned NOT NULL,
  `locale` varchar(255) COLLATE utf8mb4_unicode_ci NOT NULL,
  `value` text COLLATE utf8mb4_unicode_ci NOT NULL,
  `created_at` timestamp NULL DEFAULT NULL,
  `updated_at` timestamp NULL DEFAULT NULL,
  PRIMARY KEY (`id`),
  UNIQUE KEY `translations_table_name_column_name_foreign_key_locale_unique` (`table_name`,`column_name`,`foreign_key`,`locale`),
  KEY `translations_table_name_locale_foreign_key_index` (`table_name`,`locale`,`foreign_key`)
) ENGINE=InnoDB AUTO_INCREMENT=1314 DEFAULT CHARSET=utf8mb4 COLLATE=utf8mb4_unicode_ci;

-- Дамп данных таблицы ecoproj.translations: ~1 272 rows (приблизительно)
DELETE FROM `translations`;
/*!40000 ALTER TABLE `translations` DISABLE KEYS */;
INSERT INTO `translations` (`id`, `table_name`, `column_name`, `foreign_key`, `locale`, `value`, `created_at`, `updated_at`) VALUES
	(1, 'data_types', 'display_name_singular', 5, 'pt', 'Post', '2018-06-01 06:36:37', '2018-06-01 06:36:37'),
	(2, 'data_types', 'display_name_singular', 6, 'pt', 'Página', '2018-06-01 06:36:37', '2018-06-01 06:36:37'),
	(3, 'data_types', 'display_name_singular', 1, 'pt', 'Utilizador', '2018-06-01 06:36:37', '2018-06-01 06:36:37'),
	(4, 'data_types', 'display_name_singular', 4, 'pt', 'Categoria', '2018-06-01 06:36:37', '2018-06-01 06:36:37'),
	(5, 'data_types', 'display_name_singular', 2, 'pt', 'Menu', '2018-06-01 06:36:37', '2018-06-01 06:36:37'),
	(6, 'data_types', 'display_name_singular', 3, 'pt', 'Função', '2018-06-01 06:36:37', '2018-06-01 06:36:37'),
	(7, 'data_types', 'display_name_plural', 5, 'pt', 'Posts', '2018-06-01 06:36:37', '2018-06-01 06:36:37'),
	(8, 'data_types', 'display_name_plural', 6, 'pt', 'Páginas', '2018-06-01 06:36:37', '2018-06-01 06:36:37'),
	(9, 'data_types', 'display_name_plural', 1, 'pt', 'Utilizadores', '2018-06-01 06:36:37', '2018-06-01 06:36:37'),
	(10, 'data_types', 'display_name_plural', 4, 'pt', 'Categorias', '2018-06-01 06:36:37', '2018-06-01 06:36:37'),
	(11, 'data_types', 'display_name_plural', 2, 'pt', 'Menus', '2018-06-01 06:36:37', '2018-06-01 06:36:37'),
	(12, 'data_types', 'display_name_plural', 3, 'pt', 'Funções', '2018-06-01 06:36:37', '2018-06-01 06:36:37'),
	(13, 'categories', 'slug', 1, 'pt', 'categoria-1', '2018-06-01 06:36:37', '2018-06-01 06:36:37'),
	(14, 'categories', 'name', 1, 'pt', 'Categoria 1', '2018-06-01 06:36:37', '2018-06-01 06:36:37'),
	(15, 'categories', 'slug', 2, 'pt', 'categoria-2', '2018-06-01 06:36:37', '2018-06-01 06:36:37'),
	(16, 'categories', 'name', 2, 'pt', 'Categoria 2', '2018-06-01 06:36:37', '2018-06-01 06:36:37'),
	(17, 'pages', 'title', 1, 'pt', 'Olá Mundo', '2018-06-01 06:36:37', '2018-06-01 06:36:37'),
	(18, 'pages', 'slug', 1, 'pt', 'ola-mundo', '2018-06-01 06:36:37', '2018-06-01 06:36:37'),
	(19, 'pages', 'body', 1, 'pt', '<p>Olá Mundo. Scallywag grog swab Cat o\'nine tails scuttle rigging hardtack cable nipper Yellow Jack. Handsomely spirits knave lad killick landlubber or just lubber deadlights chantey pinnace crack Jennys tea cup. Provost long clothes black spot Yellow Jack bilged on her anchor league lateen sail case shot lee tackle.</p>\r\n<p>Ballast spirits fluke topmast me quarterdeck schooner landlubber or just lubber gabion belaying pin. Pinnace stern galleon starboard warp carouser to go on account dance the hempen jig jolly boat measured fer yer chains. Man-of-war fire in the hole nipperkin handsomely doubloon barkadeer Brethren of the Coast gibbet driver squiffy.</p>', '2018-06-01 06:36:37', '2018-06-01 06:36:37'),
	(20, 'menu_items', 'title', 1, 'pt', 'Painel de Controle', '2018-06-01 06:36:37', '2018-06-01 06:36:37'),
	(21, 'menu_items', 'title', 2, 'pt', 'Media', '2018-06-01 06:36:37', '2018-06-01 06:36:37'),
	(22, 'menu_items', 'title', 12, 'pt', 'Publicações', '2018-06-01 06:36:37', '2018-06-01 06:36:37'),
	(23, 'menu_items', 'title', 3, 'pt', 'Utilizadores', '2018-06-01 06:36:37', '2018-06-01 06:36:37'),
	(24, 'menu_items', 'title', 11, 'pt', 'Categorias', '2018-06-01 06:36:37', '2018-06-01 06:36:37'),
	(25, 'menu_items', 'title', 13, 'pt', 'Páginas', '2018-06-01 06:36:37', '2018-06-01 06:36:37'),
	(26, 'menu_items', 'title', 4, 'pt', 'Funções', '2018-06-01 06:36:37', '2018-06-01 06:36:37'),
	(27, 'menu_items', 'title', 5, 'pt', 'Ferramentas', '2018-06-01 06:36:37', '2018-06-01 06:36:37'),
	(28, 'menu_items', 'title', 6, 'pt', 'Menus', '2018-06-01 06:36:37', '2018-06-01 06:36:37'),
	(29, 'menu_items', 'title', 7, 'pt', 'Base de dados', '2018-06-01 06:36:37', '2018-06-01 06:36:37'),
	(30, 'menu_items', 'title', 10, 'pt', 'Configurações', '2018-06-01 06:36:37', '2018-06-01 06:36:37'),
	(31, 'categories', 'slug', 1, 'ua', 'beauty', '2018-06-13 08:59:33', '2018-06-22 06:46:18'),
	(32, 'categories', 'name', 1, 'ua', 'Красота укр', '2018-06-13 08:59:33', '2018-06-22 06:46:18'),
	(35, 'data_types', 'display_name_singular', 12, 'ua', '', '2018-06-13 10:58:47', '2018-06-13 10:58:47'),
	(36, 'data_types', 'display_name_plural', 12, 'ua', '', '2018-06-13 10:58:47', '2018-06-13 10:58:47'),
	(42, 'data_types', 'display_name_singular', 17, 'en', 'Combo Product', '2018-06-21 08:01:38', '2018-06-21 08:01:38'),
	(44, 'data_types', 'display_name_plural', 17, 'en', 'Combo Products', '2018-06-21 08:01:38', '2018-06-21 08:01:38'),
	(45, 'data_types', 'display_name_singular', 16, 'ua', 'Currency', '2018-06-21 08:24:36', '2018-06-21 08:24:36'),
	(46, 'data_types', 'display_name_singular', 16, 'en', 'Currency', '2018-06-21 08:24:36', '2018-06-21 08:24:36'),
	(47, 'data_types', 'display_name_plural', 16, 'ua', 'Currencies', '2018-06-21 08:24:36', '2018-06-21 08:24:36'),
	(48, 'data_types', 'display_name_plural', 16, 'en', 'Currencies', '2018-06-21 08:24:36', '2018-06-21 08:24:36'),
	(49, 'menu_items', 'title', 25, 'ua', 'Currencies', '2018-06-21 08:29:28', '2018-06-21 08:29:28'),
	(50, 'menu_items', 'title', 25, 'en', 'Currencies', '2018-06-21 08:29:28', '2018-06-21 08:29:28'),
	(51, 'menu_items', 'title', 26, 'ua', 'Combo Products', '2018-06-21 08:29:48', '2018-06-21 08:29:48'),
	(52, 'menu_items', 'title', 26, 'en', 'Combo Products', '2018-06-21 08:29:49', '2018-06-21 08:29:49'),
	(53, 'categories', 'slug', 2, 'ua', 'sport', '2018-06-22 06:45:20', '2018-06-22 06:45:20'),
	(54, 'categories', 'name', 2, 'ua', 'Спорт', '2018-06-22 06:45:20', '2018-06-22 06:45:20'),
	(55, 'products', 'description', 6, 'ua', 'укр  Описание\n\n    24 г белка\n    5,5 г аминокислот с разветвленной цепью\n    4 г глютамина и глютаминовой кислоты\n    Натуральные и искусственные ароматизаторы\n    Изолят сывороточного белка\n    Основной источник\n    100% белка из сыворотки\n    72 порции\n    Протеиновый коктейль\n\nПодлинная сила сыворотки\n\nБелковые сывороточные изоляты - это самая чистая из существующих форм сывороточного белка. Они стоят дорого, но это одни из лучших протеинов, имеющихся в продаже. Именно поэтому это первый ингредиент, который вы можете увидеть на этикетке Gold Standard 100% Whey. Используя в качестве основного ингредиента белковые сывороточные изоляты и тщательно отфильтрованный белковый сывороточный концентрат, мы смогли обеспечить 24 грамма формирующего мышцы белка в каждой порции. Повышенное внимание ON к деталям распространяется и на обеспечение легкости смешивания. Этот высококачественный порошок легко размешать в чашке шейкера или даже просто ложкой в стакане. Не возникает сомнения в том, что это стандарт, на который равняются все остальные сывороточные белки.', '2018-06-22 06:52:04', '2018-06-22 06:53:14'),
	(56, 'products', 'name', 6, 'ua', 'Укр Optimum Nutrition, Gold Standard, 100% сыворотка, Rocky Road, 2,27 кг (5 фунтов)', '2018-06-22 06:52:04', '2018-06-22 06:53:14'),
	(57, 'products', 'description', 7, 'ua', 'Молочная белковая смесь (концентрат сывороточного белка, изолят сывороточного белка, концентрат молочного белка), изолят соевого белка, изомальто-олигосахарид, растительное масло (пальмоядровое масло, пальмовое масло, масло ши), полидекстроза, глицерин, крахмал тапиоки, сироп мальтита, сахар , вода, масло, кукурузный крахмал, соевая мука, натуральный и искусственный аромат, семена кунжута, порошок йогурта (культурные обезжиренные молочные твердые вещества), инулин, соль, сушеный яичный белок, карбонат кальция, миндаль (обжаренный в какао-масло и / или подсолнечное масло), гороховое волокно, обезжиренное молоко, агар, экстракт ванили (вода, спирт, сахар, экстракт ванильной фасоли), рисовый сироп, масло какао, соевый лецитин, сукралоза, молоко, молочный жир, ксантановая смола, подсолнечное масло, выпечка порошок (монокальцийфосфат, бикарбонат натрия, кукурузный крахмал), токоферолы, дрожжи, несладкий шоколад, лактоза, гидроксид натрия, лецитин подсолнечника ', '2018-06-22 06:54:46', '2018-06-22 06:54:46'),
	(58, 'products', 'name', 7, 'ua', 'Товар № 1', '2018-06-22 06:54:46', '2018-07-27 12:50:42'),
	(59, 'products', 'description', 8, 'ua', '<p><strong>L-глутамин</strong> &mdash; условно незаменимая аминокислота, которая наиболее часто встречается в мышечных тканях человека. Добавки с L-глутамином могут помочь поддержать выносливость мышц, здоровье желудочно-кишечного тракта и иммунной системы* L-глутамин от California Gold Nutrition вырабатывается из AJINOMOTO&reg; и проходит многоступенчатый контроль качества. Аминокислоты AjiPure&reg; производятся по патентованной технологии Ferment-A-Pure. Не содержит животных продуктов (например, шерсти и пера) &ndash; фармацевтическая степень чистоты &ndash; вегетарианский продукт</p>', '2018-06-22 06:56:55', '2018-06-25 12:53:47'),
	(60, 'products', 'name', 8, 'ua', 'Товар № 2', '2018-06-22 06:56:55', '2018-07-27 12:50:42'),
	(61, 'products', 'description', 9, 'ua', '<p>Витаминно-минеральный комплекс для женщин 50+ для ежедневного применения. Комплекс витаминов Alive!Once Daily Women\'s 50+ Ultra Potency содержит высокую концентрацию витаминов группы B, что улучшает преобразование пищи в энергию.</p>\n<p>Он также содержит:</p>\n<ul>\n<li>\n<p>21 витамина и минерала</p>\n</li>\n<li>\n<p>12 пищеварительных ферментов</p>\n</li>\n<li>\n<p>14 компонентов зелени</p>\n</li>\n<li>\n<p>12 органически выращенных грибов</p>\n</li>\n</ul>\n<p>&nbsp;</p>\n<p>Подойдет для тех, кому нужно вернуть энергию, а также поддержать здоровье костей и глаз.</p>\n<p>Витаминно-минеральный комплекс для женщин 50+ для ежедневного применения. Комплекс витаминов Alive!Once Daily Women\'s 50+ Ultra Potency содержит высокую концентрацию витаминов группы B, что улучшает преобразование пищи в энергию.</p>\n<div class="description-product__additional">Дополнительные ингридиенты</div>\n<p>Стеариновая кислота, целлюлоза, кроскармеллоза натрия, кремнезем, гипромеллоза, стеарат магния, глицерин.</p>\n<div class="description-product__additional">Предосторожности</div>\n<p>Содержит аминокислотный фенилаланин. Комплекс не предназначен для мужчин или детей. Если вы беременны, кормите грудью, имеете высокое кровяное давление, имеете заболевание почек, принимаете лекарства от диабета или любые другие лекарства, проконсультируйтесь с врачом перед использованием. Не превышайте рекомендуемое использование.</p>\n<div class="description-product__additional">Дополнительная информация</div>\n<p>Запечатано с помощью внешней термоусадочной пленки с напечатанным текстом и внутренней мембраной свежести. Не использовать, если защитная пленка или мембрана повреждена или отсутствует. Хранить при комнатной температуре. Держите упаковку плотно закрытой. Хранить в недоступном для детей месте. Размер таблетки: 2&times;0,5 см</p>\n<p>&nbsp;</p>\n<p>Сайт производителя: <a class="description-product__link" href="www.naturesway.com">www.naturesway.com</a></p>', '2018-06-22 06:59:18', '2018-06-25 13:27:46'),
	(62, 'products', 'name', 9, 'ua', 'Укр MRM, Гейнер с пробиотиком, насыщенный ванильный аромат, 3,3 фунта (1512 г)', '2018-06-22 06:59:18', '2018-06-22 06:59:56'),
	(63, 'products', 'description', 10, 'ua', 'Вода, глицерин, хлорид кальция, бутиленгликоль, цератонийсиликовая камедь, ксантановая смола, порошок хрустального хрустящего порошка, экстракт семян гександиола, экстракт семян цитрусовых grandis (грейпфрут), экстракт стебля bambusa textilis, экстракт листьев Pinus palustris, гидрогенизированное касторовое масло ceg-60, scutellaria экстракт корня baicalensis, экстракт листьев камелии sinensis, экстракт экстракт верхушки, экстракт экстракт артемии, экстракт плодов цитрусовых junos, 1,2-гександиол, каприлилгликоль, феноксиэтанол, метилпарабен, хлорфенозин, ароматизатор, синтетический флюорфопопит, диоксид титана (CI 77891), CI 77491, торфяная вода, алкоголь, гиалуронат натрия, экстракт фруктов cucumis sativus (огурец), роза centifolia, вода из капусты, алоэ барбаденсис, экстракт листьев, золото (0,0001%), экстракт жемчуга (0,01%) бетаин, аллантоин, динатрий , ЭДТА, минеральное масло. ', '2018-06-22 07:01:53', '2018-06-22 07:01:53'),
	(64, 'products', 'name', 10, 'ua', 'Добавка для жінок Omega - 3', '2018-06-22 07:01:53', '2018-07-27 12:50:42'),
	(65, 'products', 'description', 11, 'ua', ' Описание\n\n    5 инструментов для безупречной внешности\n    Подлинные товары Sam & Nic\n    Ограниченная серия\n    Онлайн обучение для безупречного нанесения\n    Основа | Глаза | Покрытие\n    Ультра-мягкий ворс\n    Синтетический ворс\n    Безупречные результаты\n    Простота очистки\n    Длительный эффект\n    Без подтеков\n    Косметика не скапливается на кистях', '2018-06-22 07:03:33', '2018-06-22 07:03:33'),
	(66, 'products', 'name', 11, 'ua', 'Real Techniques by Sam and Nic, Подготовительный и Базовый Набор для Макияжа, 5 Штук', '2018-06-22 07:03:33', '2018-06-22 07:03:33'),
	(67, 'menu_items', 'title', 27, 'ua', 'Brands', '2018-06-22 07:08:51', '2018-06-22 07:08:51'),
	(68, 'products', 'description', 12, 'ua', '', '2018-06-22 08:06:25', '2018-06-22 08:06:25'),
	(69, 'products', 'name', 12, 'ua', '', '2018-06-22 08:06:25', '2018-06-22 08:06:25'),
	(70, 'data_types', 'display_name_singular', 11, 'ua', 'Категория', '2018-06-22 08:51:34', '2018-06-22 08:51:34'),
	(71, 'data_types', 'display_name_plural', 11, 'ua', 'Категории', '2018-06-22 08:51:34', '2018-06-22 08:51:34'),
	(72, 'menu_items', 'title', 28, 'ua', 'Countries', '2018-06-25 08:13:56', '2018-06-25 08:13:56'),
	(73, 'countries', 'name', 0, 'ua', 'Росія', '2018-06-25 08:17:20', '2018-06-25 08:22:09'),
	(74, 'countries', 'name', 1, 'ua', 'США', '2018-06-25 08:36:13', '2018-06-25 08:36:13'),
	(75, 'countries', 'name', 2, 'ua', 'Росія', '2018-06-25 08:36:45', '2018-06-25 08:36:45'),
	(76, 'countries', 'name', 3, 'ua', 'Україна', '2018-06-25 08:38:48', '2018-06-25 08:38:48'),
	(77, 'products', 'consist', 9, 'ua', '<table class="table table-striped">\n<thead>\n<tr>\n<td>Основные ингредиенты</td>\n</tr>\n</thead>\n<tbody>\n<tr>\n<td>Размер порции</td>\n<td>1 таблетка</td>\n</tr>\n<tr>\n<td>Порций в упаковке</td>\n<td>60</td>\n</tr>\n<tr>\n<td>Упаковки хватит на</td>\n<td>2 месяца</td>\n</tr>\n</tbody>\n</table>\n<p>&nbsp;</p>\n<table class="table table-striped">\n<thead>\n<tr>\n<td>&nbsp;</td>\n<td>Количество на порцию</td>\n<td>%Дневная стоимость*</td>\n</tr>\n</thead>\n<tbody>\n<tr>\n<td>Витамин А (50% [3750 МЕ] в виде ацетата витамина А и 50% [3750 МЕ] в виде бета-каротина)</td>\n<td>7 500 МЕ</td>\n<td>150%</td>\n</tr>\n<tr>\n<td>Витамин С (аскорбиновая кислота)</td>\n<td>120 мг</td>\n<td>200%</td>\n</tr>\n<tr>\n<td>Витамин D (как холекальциферол)</td>\n<td>1000 МЕ</td>\n<td>250%</td>\n</tr>\n<tr>\n<td>Витамин Е (в виде d-альфа-токоферилсукцината)</td>\n<td>120 МЕ</td>\n<td>333%</td>\n</tr>\n<tr>\n<td>Витамин К (как фитонадион)</td>\n<td>100 мкг</td>\n<td>125%</td>\n</tr>\n<tr>\n<td>Тиамин (как мононитрат тиамина)</td>\n<td>25 мг</td>\n<td>1667%</td>\n</tr>\n<tr>\n<td>Рибофлавин (витамин В2)</td>\n<td>25 мг</td>\n<td>1471%</td>\n</tr>\n<tr>\n<td>Ниацин (в виде ниацинамида)</td>\n<td>50 мг</td>\n<td>250%</td>\n</tr>\n<tr>\n<td>Витамин В6 (как пиридоксин HCl)</td>\n<td>40 мг</td>\n<td>2000%</td>\n</tr>\n<tr>\n<td>Фолиевая кислота</td>\n<td>800 мкг</td>\n<td>200%</td>\n</tr>\n<tr>\n<td>Витамин В12 (в виде цианокобаламина)</td>\n<td>225 мг</td>\n<td>3750%</td>\n</tr>\n<tr>\n<td>Биотин</td>\n<td>325 мг</td>\n<td>108%</td>\n</tr>\n<tr>\n<td>Пантотеновая кислота (в виде d-кальция пантотената)</td>\n<td>40 мг</td>\n<td>400%</td>\n</tr>\n<tr>\n<td>Кальций (из Aquamin кальцинированный минеральный источник Red Algae Lithothamniom sp. [Всего растения]</td>\n<td>200 мг</td>\n<td>20%</td>\n</tr>\n</tbody>\n</table>', '2018-06-25 13:19:09', '2018-06-25 13:23:29'),
	(78, 'data_types', 'display_name_singular', 22, 'ua', 'Combo Offer', '2018-06-26 11:55:26', '2018-06-26 11:55:26'),
	(79, 'data_types', 'display_name_plural', 22, 'ua', 'Combo Offers', '2018-06-26 11:55:26', '2018-06-26 11:55:26'),
	(80, 'categories', 'name', 5, 'ua', '', '2018-07-13 11:50:58', '2018-07-13 11:50:58'),
	(81, 'categories', 'name', 6, 'ua', '', '2018-07-13 11:52:15', '2018-07-13 11:52:15'),
	(82, 'categories', 'name', 7, 'ua', '', '2018-07-13 11:53:46', '2018-07-13 11:53:46'),
	(83, 'categories', 'name', 8, 'ua', '', '2018-07-13 11:55:08', '2018-07-13 11:55:08'),
	(84, 'categories', 'name', 9, 'ua', '', '2018-07-13 12:01:03', '2018-07-13 12:01:03'),
	(85, 'menu_items', 'title', 31, 'ua', 'Promocodes', '2018-07-16 11:57:55', '2018-07-16 11:57:55'),
	(86, 'data_types', 'display_name_singular', 24, 'ua', 'Promocode', '2018-07-16 11:59:14', '2018-07-16 11:59:14'),
	(87, 'data_types', 'display_name_plural', 24, 'ua', 'Promocodes', '2018-07-16 11:59:14', '2018-07-16 11:59:14'),
	(88, 'brands', 'name', 1, 'ua', 'Sp&T (test)', '2018-07-17 10:13:35', '2018-07-27 11:15:14'),
	(89, 'data_types', 'display_name_singular', 19, 'ua', 'Brand', '2018-07-18 08:49:22', '2018-07-18 08:49:22'),
	(90, 'data_types', 'display_name_plural', 19, 'ua', 'Brands', '2018-07-18 08:49:22', '2018-07-18 08:49:22'),
	(91, 'data_types', 'display_name_singular', 23, 'ua', 'Page', '2018-07-18 08:51:42', '2018-07-18 08:51:42'),
	(92, 'data_types', 'display_name_plural', 23, 'ua', 'Pages', '2018-07-18 08:51:42', '2018-07-18 08:51:42'),
	(93, 'brands', 'name', 3, 'ua', 'Madre Labs (USA)', '2018-07-19 06:30:34', '2018-07-27 11:15:14'),
	(94, 'brands', 'name', 4, 'ua', 'UPS (test)', '2018-07-19 06:30:51', '2018-07-27 11:15:14'),
	(95, 'brands', 'name', 5, 'ua', 'Ultimate Nutrition', '2018-07-19 06:31:05', '2018-08-09 15:46:08'),
	(96, 'brands', 'name', 6, 'ua', 'Biotech USA Nutrition', '2018-07-19 06:31:21', '2018-08-09 15:46:08'),
	(97, 'brands', 'name', 7, 'ua', 'MYPROTEIN', '2018-07-19 06:31:31', '2018-08-09 15:46:08'),
	(98, 'brands', 'name', 8, 'ua', 'Optimum Nutrition', '2018-07-19 06:31:44', '2018-08-09 15:46:08'),
	(99, 'menu_items', 'title', 33, 'ua', '', '2018-07-19 07:26:23', '2018-07-19 07:26:23'),
	(100, 'menu_items', 'title', 34, 'ua', '', '2018-07-19 07:27:18', '2018-07-19 07:27:18'),
	(101, 'menu_items', 'title', 32, 'ua', 'Баннеры', '2018-07-19 07:32:22', '2018-07-19 07:32:22'),
	(102, 'data_types', 'display_name_singular', 25, 'ua', 'Баннер', '2018-07-19 07:42:06', '2018-07-19 07:42:06'),
	(103, 'data_types', 'display_name_plural', 25, 'ua', 'Баннеры', '2018-07-19 07:42:06', '2018-07-19 07:42:06'),
	(104, 'cities', 'name', 1, 'ua', 'Запорижжя', '2018-07-19 09:24:10', '2018-07-19 09:24:10'),
	(105, 'cities', 'name', 2, 'ua', 'Днипро', '2018-07-19 09:24:24', '2018-07-19 09:24:37'),
	(106, 'data_types', 'display_name_singular', 27, 'ua', 'City', '2018-07-19 09:24:59', '2018-07-19 09:24:59'),
	(107, 'data_types', 'display_name_plural', 27, 'ua', 'Cities', '2018-07-19 09:24:59', '2018-07-19 09:24:59'),
	(108, 'menu_items', 'title', 36, 'ua', '', '2018-07-20 08:33:06', '2018-07-20 08:33:06'),
	(109, 'menu_items', 'title', 37, 'ua', '', '2018-07-20 08:34:05', '2018-07-20 08:34:05'),
	(110, 'menu_items', 'title', 35, 'ua', 'Shipping Types', '2018-07-20 08:35:15', '2018-07-20 08:35:15'),
	(111, 'menu_items', 'title', 38, 'ua', '', '2018-07-20 08:35:41', '2018-07-20 08:35:41'),
	(112, 'menu_items', 'title', 39, 'ua', '', '2018-07-20 08:37:37', '2018-07-20 08:37:37'),
	(113, 'menu_items', 'title', 40, 'ua', 'Payment Types', '2018-07-20 08:39:54', '2018-07-20 08:39:54'),
	(114, 'menu_items', 'title', 41, 'ua', 'Shipping Methods', '2018-07-24 09:41:32', '2018-07-24 09:41:32'),
	(115, 'menu_items', 'title', 42, 'ua', '', '2018-07-24 09:43:19', '2018-07-24 09:43:19'),
	(116, 'menu_items', 'title', 43, 'ua', 'Issue Forms', '2018-07-24 09:44:43', '2018-07-24 09:44:43'),
	(117, 'data_types', 'display_name_singular', 29, 'ua', 'Payment Type', '2018-07-26 13:01:23', '2018-07-26 13:01:23'),
	(118, 'data_types', 'display_name_plural', 29, 'ua', 'Payment Types', '2018-07-26 13:01:23', '2018-07-26 13:01:23'),
	(151, 'flavors', 'name', 1, 'ua', 'Кокос', '2018-07-27 11:03:52', '2018-08-09 15:37:06'),
	(152, 'flavors', 'name', 2, 'ua', 'Вишня-банан', '2018-07-27 11:03:52', '2018-08-09 15:37:06'),
	(153, 'flavors', 'name', 3, 'ua', 'Йогурт-Абрикос', '2018-07-27 11:03:52', '2018-08-09 15:37:06'),
	(154, 'flavors', 'name', 4, 'ua', 'Ананас-манго', '2018-07-27 11:03:52', '2018-08-09 15:37:06'),
	(155, 'issue_forms', 'name', 1, 'ua', 'Таблетки', '2018-07-27 12:44:07', '2018-07-27 12:44:07'),
	(156, 'issue_forms', 'name', 2, 'ua', 'Капсули', '2018-07-27 12:44:07', '2018-07-27 12:44:07'),
	(157, 'issue_forms', 'name', 3, 'ua', 'Порошок', '2018-07-27 12:44:07', '2018-07-27 12:44:07'),
	(158, 'issue_forms', 'name', 4, 'ua', 'Стікси', '2018-07-27 12:44:07', '2018-07-27 12:44:07'),
	(159, 'issue_forms', 'name', 5, 'ua', 'Гранули', '2018-07-27 12:44:07', '2018-07-27 12:44:07'),
	(160, 'issue_forms', 'name', 6, 'ua', 'Леденець', '2018-07-27 12:44:07', '2018-07-27 12:44:07'),
	(161, 'countries', 'name', 101, 'ua', 'Англія', '2018-07-27 12:44:07', '2018-07-27 12:44:07'),
	(162, 'countries', 'name', 156, 'ua', 'Кітай                  ', '2018-07-27 12:44:07', '2018-07-27 12:44:07'),
	(163, 'countries', 'name', 804, 'ua', 'Україна', '2018-07-27 12:44:07', '2018-08-09 15:46:09'),
	(164, 'categories', 'name', 11, 'ua', '', '2018-07-27 12:44:07', '2018-07-27 12:44:07'),
	(165, 'categories', 'name', 13, 'ua', '', '2018-07-27 12:44:07', '2018-07-27 12:44:07'),
	(166, 'categories', 'name', 14, 'ua', '', '2018-07-27 12:44:07', '2018-07-27 12:44:07'),
	(167, 'categories', 'name', 15, 'ua', '', '2018-07-27 12:44:07', '2018-07-27 12:44:07'),
	(168, 'categories', 'name', 18, 'ua', '', '2018-07-27 12:48:01', '2018-07-27 12:48:01'),
	(169, 'products', 'name', 16, 'ua', 'Товар № 22 апро', '2018-07-27 12:52:19', '2018-08-07 18:07:16'),
	(170, 'products', 'name', 17, 'ua', 'Товар № 12', '2018-07-27 12:57:18', '2018-07-27 12:57:18'),
	(171, 'products', 'name', 19, 'ua', 'Та все що треба', '2018-07-27 12:57:18', '2018-07-27 12:57:18'),
	(172, 'products', 'name', 20, 'ua', 'Товар № 222 апро', '2018-07-27 12:57:18', '2018-08-07 18:02:08'),
	(173, 'data_types', 'display_name_singular', 30, 'ua', 'Shipping Method', '2018-08-01 07:21:22', '2018-08-01 07:21:22'),
	(174, 'data_types', 'display_name_plural', 30, 'ua', 'Shipping Methods', '2018-08-01 07:21:22', '2018-08-01 07:21:22'),
	(175, 'shipping_methods', 'name', 2, 'ua', 'Курьер Новая Почта', '2018-08-01 07:23:02', '2018-08-01 07:23:02'),
	(176, 'shipping_methods', 'name', 1, 'ua', 'Отделение Новая Почта', '2018-08-01 07:23:29', '2018-08-01 07:23:29'),
	(177, 'payment_types', 'name', 2, 'ua', 'Наличными', '2018-08-01 07:26:40', '2018-08-01 07:26:40'),
	(178, 'payment_types', 'name', 1, 'ua', 'Visa\\Mastercard', '2018-08-01 07:26:48', '2018-08-01 07:26:48'),
	(179, 'data_types', 'display_name_singular', 28, 'ua', 'Shipping Type', '2018-08-01 07:29:01', '2018-08-01 07:29:01'),
	(180, 'data_types', 'display_name_plural', 28, 'ua', 'Shipping Types', '2018-08-01 07:29:01', '2018-08-01 07:29:01'),
	(181, 'shipping_types', 'name', 1, 'ua', 'Новая почта', '2018-08-01 07:33:27', '2018-08-01 07:33:27'),
	(183, 'menu_items', 'title', 45, 'ua', '', '2018-08-01 12:02:46', '2018-08-01 12:02:46'),
	(184, 'data_types', 'display_name_singular', 32, 'ua', 'Order', '2018-08-02 08:25:02', '2018-08-02 08:25:02'),
	(185, 'data_types', 'display_name_plural', 32, 'ua', 'Orders', '2018-08-02 08:25:02', '2018-08-02 08:25:02'),
	(186, 'flavors', 'name', 6, 'ua', 'Шоколад', '2018-08-09 15:46:06', '2018-08-09 15:46:06'),
	(187, 'flavors', 'name', 7, 'ua', 'Ваніль', '2018-08-09 15:46:06', '2018-08-09 15:46:06'),
	(188, 'flavors', 'name', 8, 'ua', 'Полуниця', '2018-08-09 15:46:06', '2018-08-09 15:46:06'),
	(189, 'flavors', 'name', 9, 'ua', 'Полуниця-банан', '2018-08-09 15:46:06', '2018-08-09 15:46:06'),
	(190, 'flavors', 'name', 10, 'ua', 'Шоколад-м\'ята', '2018-08-09 15:46:06', '2018-08-09 15:46:06'),
	(191, 'flavors', 'name', 11, 'ua', 'Мокко-капучино', '2018-08-09 15:46:06', '2018-08-09 15:46:06'),
	(192, 'flavors', 'name', 12, 'ua', 'Банан', '2018-08-09 15:46:06', '2018-08-09 15:46:06'),
	(193, 'flavors', 'name', 13, 'ua', 'Шоколад-кокос', '2018-08-09 15:46:06', '2018-08-09 15:46:06'),
	(194, 'flavors', 'name', 14, 'ua', 'Кава', '2018-08-09 15:46:06', '2018-08-09 15:46:06'),
	(195, 'flavors', 'name', 15, 'ua', 'Тропічний пунш', '2018-08-09 15:46:06', '2018-08-09 15:46:06'),
	(196, 'flavors', 'name', 16, 'ua', 'Ванильне морозиво', '2018-08-09 15:46:06', '2018-08-09 15:46:06'),
	(197, 'flavors', 'name', 17, 'ua', 'Молочний шоколад', '2018-08-09 15:46:06', '2018-08-09 15:46:06'),
	(198, 'flavors', 'name', 18, 'ua', 'Печиво з кремом', '2018-08-09 15:46:06', '2018-08-09 15:46:06'),
	(199, 'flavors', 'name', 19, 'ua', 'Апельсиновий смузі', '2018-08-09 15:46:06', '2018-08-09 15:46:06'),
	(200, 'flavors', 'name', 20, 'ua', 'Шоколадне тістечко', '2018-08-09 15:46:06', '2018-08-09 15:46:06'),
	(201, 'flavors', 'name', 21, 'ua', 'Гранат', '2018-08-09 15:46:06', '2018-08-09 15:46:06'),
	(202, 'flavors', 'name', 22, 'ua', 'Лимонний чізкейк', '2018-08-09 15:46:06', '2018-08-09 15:46:06'),
	(203, 'flavors', 'name', 23, 'ua', 'Вишня', '2018-08-09 15:46:06', '2018-08-09 15:46:06'),
	(204, 'flavors', 'name', 24, 'ua', 'Персик', '2018-08-09 15:46:06', '2018-08-09 15:46:06'),
	(205, 'flavors', 'name', 25, 'ua', 'Яблуко', '2018-08-09 15:46:06', '2018-08-09 15:46:06'),
	(206, 'flavors', 'name', 26, 'ua', 'Какао', '2018-08-09 15:46:06', '2018-08-09 15:46:06'),
	(207, 'flavors', 'name', 27, 'ua', 'Малина', '2018-08-09 15:46:06', '2018-08-09 15:46:06'),
	(208, 'flavors', 'name', 28, 'ua', 'Ваніла-айскрем', '2018-08-09 15:46:06', '2018-08-09 15:46:06'),
	(209, 'flavors', 'name', 29, 'ua', 'Банан-суниця', '2018-08-09 15:46:06', '2018-08-09 15:46:06'),
	(210, 'flavors', 'name', 30, 'ua', 'Шоконатс', '2018-08-09 15:46:06', '2018-08-09 15:46:06'),
	(211, 'flavors', 'name', 31, 'ua', 'Смородина-йогурт', '2018-08-09 15:46:07', '2018-08-09 15:46:07'),
	(212, 'flavors', 'name', 32, 'ua', 'Шоколадне молоко', '2018-08-09 15:46:07', '2018-08-09 15:46:07'),
	(213, 'flavors', 'name', 33, 'ua', 'Банан-полуничне морозиво', '2018-08-09 15:46:07', '2018-08-09 15:46:07'),
	(214, 'flavors', 'name', 34, 'ua', 'Сникерс', '2018-08-09 15:46:07', '2018-08-09 15:46:07'),
	(215, 'flavors', 'name', 35, 'ua', 'Орео', '2018-08-09 15:46:07', '2018-08-09 15:46:07'),
	(216, 'flavors', 'name', 36, 'ua', 'Полуничне морозиво', '2018-08-09 15:46:07', '2018-08-09 15:46:07'),
	(217, 'flavors', 'name', 37, 'ua', 'Солона карамель', '2018-08-09 15:46:07', '2018-08-09 15:46:07'),
	(218, 'flavors', 'name', 38, 'ua', 'Бананове морозиво', '2018-08-09 15:46:07', '2018-08-09 15:46:07'),
	(219, 'flavors', 'name', 39, 'ua', 'Шоколад-апельсин', '2018-08-09 15:46:07', '2018-08-09 15:46:07'),
	(220, 'flavors', 'name', 40, 'ua', 'Шоколад-орех', '2018-08-09 15:46:07', '2018-08-09 15:46:07'),
	(221, 'flavors', 'name', 41, 'ua', 'Полуниця крем', '2018-08-09 15:46:07', '2018-08-09 15:46:07'),
	(222, 'flavors', 'name', 42, 'ua', 'Літні фрукти', '2018-08-09 15:46:07', '2018-08-09 15:46:07'),
	(223, 'flavors', 'name', 43, 'ua', 'Мокко', '2018-08-09 15:46:07', '2018-08-09 15:46:07'),
	(224, 'flavors', 'name', 44, 'ua', 'Горіхово-шоколадне морозиво', '2018-08-09 15:46:07', '2018-08-09 15:46:07'),
	(225, 'flavors', 'name', 45, 'ua', 'Білий шоколад', '2018-08-09 15:46:07', '2018-08-09 15:46:07'),
	(226, 'flavors', 'name', 46, 'ua', 'Ванила-синамон', '2018-08-09 15:46:07', '2018-08-09 15:46:07'),
	(227, 'flavors', 'name', 47, 'ua', 'Хрустка іриска', '2018-08-09 15:46:07', '2018-08-09 15:46:07'),
	(228, 'flavors', 'name', 48, 'ua', 'Шоколад-цинамон', '2018-08-09 15:46:07', '2018-08-09 15:46:07'),
	(229, 'flavors', 'name', 49, 'ua', 'Ягідний мікс', '2018-08-09 15:46:07', '2018-08-09 15:46:07'),
	(230, 'flavors', 'name', 50, 'ua', 'Банановый крем', '2018-08-09 15:46:07', '2018-08-09 15:46:07'),
	(231, 'flavors', 'name', 51, 'ua', 'Лісова ягода', '2018-08-09 15:46:07', '2018-08-09 15:46:07'),
	(232, 'flavors', 'name', 52, 'ua', 'Печенье', '2018-08-09 15:46:07', '2018-08-09 15:46:07'),
	(233, 'flavors', 'name', 53, 'ua', 'Іриска', '2018-08-09 15:46:07', '2018-08-09 15:46:07'),
	(234, 'flavors', 'name', 54, 'ua', 'Малиновий йогурт', '2018-08-09 15:46:07', '2018-08-09 15:46:07'),
	(235, 'flavors', 'name', 55, 'ua', 'Банан з вершками', '2018-08-09 15:46:07', '2018-08-09 15:46:07'),
	(236, 'flavors', 'name', 56, 'ua', 'Шоколадний коктейль', '2018-08-09 15:46:07', '2018-08-09 15:46:07'),
	(237, 'flavors', 'name', 57, 'ua', 'Полуничний коктейль', '2018-08-09 15:46:07', '2018-08-09 15:46:07'),
	(238, 'flavors', 'name', 58, 'ua', 'Апельсиновий чізкейк', '2018-08-09 15:46:07', '2018-08-09 15:46:07'),
	(239, 'flavors', 'name', 59, 'ua', 'Пінаколада', '2018-08-09 15:46:07', '2018-08-09 15:46:07'),
	(240, 'flavors', 'name', 60, 'ua', 'Солона карамель та арахісове масло', '2018-08-09 15:46:07', '2018-08-09 15:46:07'),
	(241, 'flavors', 'name', 61, 'ua', 'Фруктовий пунш', '2018-08-09 15:46:07', '2018-08-09 15:46:07'),
	(242, 'flavors', 'name', 62, 'ua', 'Малиновий лимонад', '2018-08-09 15:46:07', '2018-08-09 15:46:07'),
	(243, 'flavors', 'name', 63, 'ua', 'Апельсин', '2018-08-09 15:46:07', '2018-08-09 15:46:07'),
	(244, 'flavors', 'name', 64, 'ua', 'Грейпфрут', '2018-08-09 15:46:07', '2018-08-09 15:46:07'),
	(245, 'flavors', 'name', 65, 'ua', 'Клюква', '2018-08-09 15:46:07', '2018-08-09 15:46:07'),
	(246, 'flavors', 'name', 66, 'ua', 'Черника', '2018-08-09 15:46:07', '2018-08-09 15:46:07'),
	(247, 'flavors', 'name', 67, 'ua', 'Зелене яблуко', '2018-08-09 15:46:07', '2018-08-09 15:46:07'),
	(248, 'flavors', 'name', 68, 'ua', 'Арбуз', '2018-08-09 15:46:07', '2018-08-09 15:46:07'),
	(249, 'flavors', 'name', 69, 'ua', 'Виноград', '2018-08-09 15:46:07', '2018-08-09 15:46:07'),
	(250, 'flavors', 'name', 70, 'ua', 'Лимон-лайм', '2018-08-09 15:46:07', '2018-08-09 15:46:07'),
	(251, 'flavors', 'name', 71, 'ua', 'Голубая малина', '2018-08-09 15:46:07', '2018-08-09 15:46:07'),
	(252, 'flavors', 'name', 72, 'ua', 'Лимонад', '2018-08-09 15:46:07', '2018-08-09 15:46:07'),
	(253, 'flavors', 'name', 73, 'ua', 'Яблуко-мята', '2018-08-09 15:46:07', '2018-08-09 15:46:07'),
	(254, 'flavors', 'name', 74, 'ua', 'Лайм', '2018-08-09 15:46:07', '2018-08-09 15:46:07'),
	(255, 'flavors', 'name', 75, 'ua', 'Кола', '2018-08-09 15:46:07', '2018-08-09 15:46:07'),
	(256, 'flavors', 'name', 76, 'ua', 'Ежевика', '2018-08-09 15:46:07', '2018-08-09 15:46:07'),
	(257, 'flavors', 'name', 77, 'ua', 'Персик-манго', '2018-08-09 15:46:07', '2018-08-09 15:46:07'),
	(258, 'flavors', 'name', 78, 'ua', 'Лимон', '2018-08-09 15:46:07', '2018-08-09 15:46:07'),
	(259, 'flavors', 'name', 79, 'ua', 'Апельсин-малина', '2018-08-09 15:46:07', '2018-08-09 15:46:07'),
	(260, 'flavors', 'name', 80, 'ua', 'Фрукты', '2018-08-09 15:46:07', '2018-08-09 15:46:07'),
	(261, 'flavors', 'name', 81, 'ua', 'Полуниця-лайм', '2018-08-09 15:46:07', '2018-08-09 15:46:07'),
	(262, 'flavors', 'name', 82, 'ua', 'Персиковий чай', '2018-08-09 15:46:07', '2018-08-09 15:46:07'),
	(263, 'flavors', 'name', 83, 'ua', 'Мохіто', '2018-08-09 15:46:07', '2018-08-09 15:46:07'),
	(264, 'flavors', 'name', 84, 'ua', 'Тропічні фрукти', '2018-08-09 15:46:07', '2018-08-09 15:46:07'),
	(265, 'flavors', 'name', 85, 'ua', 'Дюшес', '2018-08-09 15:46:07', '2018-08-09 15:46:07'),
	(266, 'flavors', 'name', 86, 'ua', 'Вишня-ягоди', '2018-08-09 15:46:07', '2018-08-09 15:46:07'),
	(267, 'flavors', 'name', 87, 'ua', 'Вишня-ваниль', '2018-08-09 15:46:07', '2018-08-09 15:46:07'),
	(268, 'flavors', 'name', 88, 'ua', 'Блакитна ягода', '2018-08-09 15:46:07', '2018-08-09 15:46:07'),
	(269, 'flavors', 'name', 89, 'ua', 'Nutella', '2018-08-09 15:46:07', '2018-08-09 15:46:07'),
	(270, 'flavors', 'name', 90, 'ua', 'Йогурт-вишня', '2018-08-09 15:46:07', '2018-08-09 15:46:07'),
	(271, 'flavors', 'name', 91, 'ua', 'Горіх', '2018-08-09 15:46:07', '2018-08-09 15:46:07'),
	(272, 'flavors', 'name', 92, 'ua', 'Вишня в шоколаді', '2018-08-09 15:46:07', '2018-08-09 15:46:07'),
	(273, 'flavors', 'name', 93, 'ua', 'Шоколад-марнипан', '2018-08-09 15:46:07', '2018-08-09 15:46:07'),
	(274, 'flavors', 'name', 94, 'ua', 'Ваніль-кокос', '2018-08-09 15:46:07', '2018-08-09 15:46:07'),
	(275, 'flavors', 'name', 95, 'ua', 'Шоколад-кава', '2018-08-09 15:46:07', '2018-08-09 15:46:07'),
	(276, 'flavors', 'name', 96, 'ua', 'Шоколад-малина', '2018-08-09 15:46:08', '2018-08-09 15:46:08'),
	(277, 'flavors', 'name', 97, 'ua', 'Макіато-карамель', '2018-08-09 15:46:08', '2018-08-09 15:46:08'),
	(278, 'flavors', 'name', 98, 'ua', 'Ваніль-карамель', '2018-08-09 15:46:08', '2018-08-09 15:46:08'),
	(279, 'flavors', 'name', 99, 'ua', 'Чорний шоколад', '2018-08-09 15:46:08', '2018-08-09 15:46:08'),
	(280, 'flavors', 'name', 100, 'ua', 'Шоколадне печиво', '2018-08-09 15:46:08', '2018-08-09 15:46:08'),
	(281, 'flavors', 'name', 101, 'ua', 'Чорний шоколад-карамель', '2018-08-09 15:46:08', '2018-08-09 15:46:08'),
	(282, 'flavors', 'name', 102, 'ua', 'Шоколад-арахіс', '2018-08-09 15:46:08', '2018-08-09 15:46:08'),
	(283, 'flavors', 'name', 103, 'ua', 'Шоколадний мафін', '2018-08-09 15:46:08', '2018-08-09 15:46:08'),
	(284, 'flavors', 'name', 104, 'ua', 'Білий шоколад-малина', '2018-08-09 15:46:08', '2018-08-09 15:46:08'),
	(285, 'flavors', 'name', 105, 'ua', 'Шоколад-брауни', '2018-08-09 15:46:08', '2018-08-09 15:46:08'),
	(286, 'flavors', 'name', 106, 'ua', 'Банановый йогурт', '2018-08-09 15:46:08', '2018-08-09 15:46:08'),
	(287, 'flavors', 'name', 107, 'ua', 'Фруктовий мікс', '2018-08-09 15:46:08', '2018-08-09 15:46:08'),
	(288, 'flavors', 'name', 108, 'ua', 'Диня', '2018-08-09 15:46:08', '2018-08-09 15:46:08'),
	(289, 'flavors', 'name', 109, 'ua', 'Банан-полуниця', '2018-08-09 15:46:08', '2018-08-09 15:46:08'),
	(290, 'flavors', 'name', 110, 'ua', 'Абрикосовий крем', '2018-08-09 15:46:08', '2018-08-09 15:46:08'),
	(291, 'flavors', 'name', 111, 'ua', 'Малиновий чізкейк', '2018-08-09 15:46:08', '2018-08-09 15:46:08'),
	(292, 'flavors', 'name', 112, 'ua', 'Лимон-базилік', '2018-08-09 15:46:08', '2018-08-09 15:46:08'),
	(293, 'flavors', 'name', 113, 'ua', 'Капучіно', '2018-08-09 15:46:08', '2018-08-09 15:46:08'),
	(294, 'flavors', 'name', 114, 'ua', 'Шоколад-карамель', '2018-08-09 15:46:08', '2018-08-09 15:46:08'),
	(295, 'flavors', 'name', 115, 'ua', 'Шоколад-горіх', '2018-08-09 15:46:08', '2018-08-09 15:46:08'),
	(296, 'flavors', 'name', 116, 'ua', 'Смородина', '2018-08-09 15:46:08', '2018-08-09 15:46:08'),
	(297, 'flavors', 'name', 117, 'ua', 'Труфальє', '2018-08-09 15:46:08', '2018-08-09 15:46:08'),
	(298, 'brands', 'name', 9, 'ua', 'BSN', '2018-08-09 15:46:08', '2018-08-09 15:46:08'),
	(299, 'brands', 'name', 10, 'ua', 'Scitec Nutrition', '2018-08-09 15:46:08', '2018-08-09 15:46:08'),
	(300, 'brands', 'name', 11, 'ua', 'PowerPro', '2018-08-09 15:46:08', '2018-08-09 15:46:08'),
	(301, 'brands', 'name', 12, 'ua', 'Animal Nutrition ot Unive', '2018-08-09 15:46:08', '2018-08-09 15:46:08'),
	(302, 'brands', 'name', 13, 'ua', 'Muscle Pharm', '2018-08-09 15:46:08', '2018-08-09 15:46:08'),
	(303, 'brands', 'name', 14, 'ua', 'UNS', '2018-08-09 15:46:08', '2018-08-09 15:46:08'),
	(304, 'brands', 'name', 15, 'ua', 'Universal Nutrition', '2018-08-09 15:46:08', '2018-08-09 15:46:08'),
	(305, 'brands', 'name', 16, 'ua', 'Country Life', '2018-08-09 15:46:08', '2018-08-09 15:46:08'),
	(306, 'brands', 'name', 17, 'ua', 'Doctor\'s Best', '2018-08-09 15:46:08', '2018-08-09 15:46:08'),
	(307, 'brands', 'name', 18, 'ua', 'Natrol', '2018-08-09 15:46:08', '2018-08-09 15:46:08'),
	(308, 'brands', 'name', 19, 'ua', 'Nature\'s Way', '2018-08-09 15:46:08', '2018-08-09 15:46:08'),
	(309, 'brands', 'name', 20, 'ua', 'Solgar', '2018-08-09 15:46:08', '2018-08-09 15:46:08'),
	(310, 'brands', 'name', 21, 'ua', 'Jarrow Formulas', '2018-08-09 15:46:08', '2018-08-09 15:46:08'),
	(311, 'brands', 'name', 22, 'ua', 'Carlson Labs', '2018-08-09 15:46:08', '2018-08-09 15:46:08'),
	(312, 'brands', 'name', 23, 'ua', 'Natural Factors', '2018-08-09 15:46:08', '2018-08-09 15:46:08'),
	(313, 'brands', 'name', 24, 'ua', 'GNC', '2018-08-09 15:46:08', '2018-08-09 15:46:08'),
	(314, 'brands', 'name', 25, 'ua', 'Puritans Pride', '2018-08-09 15:46:08', '2018-08-09 15:46:08'),
	(315, 'brands', 'name', 26, 'ua', 'Nature\'s Plus', '2018-08-09 15:46:08', '2018-08-09 15:46:08'),
	(316, 'issue_forms', 'name', 7, 'ua', 'Рідина', '2018-08-09 15:46:09', '2018-08-09 15:46:09'),
	(317, 'issue_forms', 'name', 8, 'ua', 'Пакет', '2018-08-09 15:46:09', '2018-08-09 15:46:09'),
	(318, 'issue_forms', 'name', 9, 'ua', 'Батончик', '2018-08-09 15:46:09', '2018-08-09 15:46:09'),
	(319, 'countries', 'name', 616, 'ua', 'Польша                 ', '2018-08-09 15:46:09', '2018-08-09 15:46:09'),
	(320, 'countries', 'name', 840, 'ua', 'Соединенные Штаты', '2018-08-09 15:46:09', '2018-08-09 15:46:09'),
	(321, 'categories', 'name', 22, 'ua', '', '2018-08-09 15:46:09', '2018-08-09 15:46:09'),
	(322, 'categories', 'name', 23, 'ua', '', '2018-08-09 15:46:09', '2018-08-09 15:46:09'),
	(323, 'categories', 'name', 215, 'ua', '', '2018-08-09 15:46:09', '2018-08-09 15:46:09'),
	(324, 'categories', 'name', 223, 'ua', '', '2018-08-09 15:46:09', '2018-08-09 15:46:09'),
	(325, 'categories', 'name', 224, 'ua', '', '2018-08-09 15:46:09', '2018-08-09 15:46:09'),
	(326, 'categories', 'name', 225, 'ua', '', '2018-08-09 15:46:09', '2018-08-09 15:46:09'),
	(327, 'categories', 'name', 226, 'ua', '', '2018-08-09 15:46:09', '2018-08-09 15:46:09'),
	(328, 'categories', 'name', 227, 'ua', '', '2018-08-09 15:46:09', '2018-08-09 15:46:09'),
	(329, 'categories', 'name', 228, 'ua', '', '2018-08-09 15:46:10', '2018-08-09 15:46:10'),
	(330, 'categories', 'name', 229, 'ua', '', '2018-08-09 15:46:10', '2018-08-09 15:46:10'),
	(331, 'categories', 'name', 230, 'ua', '', '2018-08-09 15:46:10', '2018-08-09 15:46:10'),
	(332, 'categories', 'name', 231, 'ua', '', '2018-08-09 15:46:10', '2018-08-09 15:46:10'),
	(333, 'categories', 'name', 232, 'ua', '', '2018-08-09 15:46:10', '2018-08-09 15:46:10'),
	(334, 'categories', 'name', 233, 'ua', '', '2018-08-09 15:46:10', '2018-08-09 15:46:10'),
	(335, 'categories', 'name', 234, 'ua', '', '2018-08-09 15:46:10', '2018-08-09 15:46:10'),
	(336, 'categories', 'name', 235, 'ua', '', '2018-08-09 15:46:10', '2018-08-09 15:46:10'),
	(337, 'categories', 'name', 236, 'ua', '', '2018-08-09 15:46:10', '2018-08-09 15:46:10'),
	(338, 'categories', 'name', 237, 'ua', '', '2018-08-09 15:46:10', '2018-08-09 15:46:10'),
	(339, 'categories', 'name', 238, 'ua', '', '2018-08-09 15:46:10', '2018-08-09 15:46:10'),
	(340, 'categories', 'name', 239, 'ua', '', '2018-08-09 15:46:10', '2018-08-09 15:46:10'),
	(341, 'categories', 'name', 240, 'ua', '', '2018-08-09 15:46:10', '2018-08-09 15:46:10'),
	(342, 'categories', 'name', 241, 'ua', '', '2018-08-09 15:46:10', '2018-08-09 15:46:10'),
	(343, 'categories', 'name', 242, 'ua', '', '2018-08-09 15:46:10', '2018-08-09 15:46:10'),
	(344, 'categories', 'name', 243, 'ua', '', '2018-08-09 15:46:10', '2018-08-09 15:46:10'),
	(345, 'categories', 'name', 244, 'ua', '', '2018-08-09 15:46:10', '2018-08-09 15:46:10'),
	(346, 'categories', 'name', 245, 'ua', '', '2018-08-09 15:46:10', '2018-08-09 15:46:10'),
	(347, 'categories', 'name', 246, 'ua', '', '2018-08-09 15:46:10', '2018-08-09 15:46:10'),
	(348, 'categories', 'name', 247, 'ua', '', '2018-08-09 15:46:10', '2018-08-09 15:46:10'),
	(349, 'categories', 'name', 248, 'ua', '', '2018-08-09 15:46:10', '2018-08-09 15:46:10'),
	(350, 'categories', 'name', 249, 'ua', '', '2018-08-09 15:46:10', '2018-08-09 15:46:10'),
	(351, 'categories', 'name', 250, 'ua', '', '2018-08-09 15:46:10', '2018-08-09 15:46:10'),
	(352, 'categories', 'name', 251, 'ua', '', '2018-08-09 15:46:10', '2018-08-09 15:46:10'),
	(353, 'categories', 'name', 252, 'ua', '', '2018-08-09 15:46:10', '2018-08-09 15:46:10'),
	(354, 'categories', 'name', 253, 'ua', '', '2018-08-09 15:46:10', '2018-08-09 15:46:10'),
	(355, 'categories', 'name', 254, 'ua', '', '2018-08-09 15:46:10', '2018-08-09 15:46:10'),
	(356, 'categories', 'name', 255, 'ua', '', '2018-08-09 15:46:10', '2018-08-09 15:46:10'),
	(357, 'categories', 'name', 256, 'ua', '', '2018-08-09 15:46:10', '2018-08-09 15:46:10'),
	(358, 'categories', 'name', 257, 'ua', '', '2018-08-09 15:46:10', '2018-08-09 15:46:10'),
	(359, 'categories', 'name', 258, 'ua', '', '2018-08-09 15:46:10', '2018-08-09 15:46:10'),
	(360, 'categories', 'name', 259, 'ua', '', '2018-08-09 15:46:10', '2018-08-09 15:46:10'),
	(361, 'categories', 'name', 260, 'ua', '', '2018-08-09 15:46:10', '2018-08-09 15:46:10'),
	(362, 'categories', 'name', 261, 'ua', '', '2018-08-09 15:46:10', '2018-08-09 15:46:10'),
	(363, 'categories', 'name', 262, 'ua', '', '2018-08-09 15:46:10', '2018-08-09 15:46:10'),
	(364, 'categories', 'name', 263, 'ua', '', '2018-08-09 15:46:10', '2018-08-09 15:46:10'),
	(365, 'categories', 'name', 264, 'ua', '', '2018-08-09 15:46:10', '2018-08-09 15:46:10'),
	(366, 'categories', 'name', 265, 'ua', '', '2018-08-09 15:46:10', '2018-08-09 15:46:10'),
	(367, 'categories', 'name', 266, 'ua', '', '2018-08-09 15:46:10', '2018-08-09 15:46:10'),
	(368, 'categories', 'name', 267, 'ua', '', '2018-08-09 15:46:10', '2018-08-09 15:46:10'),
	(369, 'categories', 'name', 268, 'ua', '', '2018-08-09 15:46:10', '2018-08-09 15:46:10'),
	(370, 'categories', 'name', 269, 'ua', '', '2018-08-09 15:46:10', '2018-08-09 15:46:10'),
	(371, 'categories', 'name', 270, 'ua', '', '2018-08-09 15:46:10', '2018-08-09 15:46:10'),
	(372, 'categories', 'name', 271, 'ua', '', '2018-08-09 15:46:10', '2018-08-09 15:46:10'),
	(373, 'categories', 'name', 272, 'ua', '', '2018-08-09 15:46:10', '2018-08-09 15:46:10'),
	(374, 'categories', 'name', 273, 'ua', '', '2018-08-09 15:46:10', '2018-08-09 15:46:10'),
	(375, 'categories', 'name', 274, 'ua', '', '2018-08-09 15:46:10', '2018-08-09 15:46:10'),
	(376, 'categories', 'name', 275, 'ua', '', '2018-08-09 15:46:10', '2018-08-09 15:46:10'),
	(377, 'categories', 'name', 276, 'ua', '', '2018-08-09 15:46:10', '2018-08-09 15:46:10'),
	(378, 'categories', 'name', 277, 'ua', '', '2018-08-09 15:46:10', '2018-08-09 15:46:10'),
	(379, 'categories', 'name', 278, 'ua', '', '2018-08-09 15:46:10', '2018-08-09 15:46:10'),
	(380, 'categories', 'name', 279, 'ua', '', '2018-08-09 15:46:10', '2018-08-09 15:46:10'),
	(381, 'categories', 'name', 280, 'ua', '', '2018-08-09 15:46:10', '2018-08-09 15:46:10'),
	(382, 'categories', 'name', 281, 'ua', '', '2018-08-09 15:46:10', '2018-08-09 15:46:10'),
	(383, 'categories', 'name', 282, 'ua', '', '2018-08-09 15:46:10', '2018-08-09 15:46:10'),
	(384, 'categories', 'name', 283, 'ua', '', '2018-08-09 15:46:10', '2018-08-09 15:46:10'),
	(385, 'categories', 'name', 284, 'ua', '', '2018-08-09 15:46:10', '2018-08-09 15:46:10'),
	(386, 'categories', 'name', 285, 'ua', '', '2018-08-09 15:46:10', '2018-08-09 15:46:10'),
	(387, 'categories', 'name', 286, 'ua', '', '2018-08-09 15:46:10', '2018-08-09 15:46:10'),
	(388, 'categories', 'name', 287, 'ua', '', '2018-08-09 15:46:10', '2018-08-09 15:46:10'),
	(389, 'categories', 'name', 288, 'ua', '', '2018-08-09 15:46:11', '2018-08-09 15:46:11'),
	(390, 'categories', 'name', 289, 'ua', '', '2018-08-09 15:46:11', '2018-08-09 15:46:11'),
	(391, 'categories', 'name', 290, 'ua', '', '2018-08-09 15:46:11', '2018-08-09 15:46:11'),
	(392, 'categories', 'name', 291, 'ua', '', '2018-08-09 15:46:11', '2018-08-09 15:46:11'),
	(393, 'categories', 'name', 292, 'ua', '', '2018-08-09 15:46:11', '2018-08-09 15:46:11'),
	(394, 'categories', 'name', 293, 'ua', '', '2018-08-09 15:46:11', '2018-08-09 15:46:11'),
	(395, 'categories', 'name', 294, 'ua', '', '2018-08-09 15:46:11', '2018-08-09 15:46:11'),
	(396, 'categories', 'name', 295, 'ua', '', '2018-08-09 15:46:11', '2018-08-09 15:46:11'),
	(397, 'categories', 'name', 296, 'ua', '', '2018-08-09 15:46:11', '2018-08-09 15:46:11'),
	(398, 'categories', 'name', 297, 'ua', '', '2018-08-09 15:46:11', '2018-08-09 15:46:11'),
	(399, 'categories', 'name', 298, 'ua', '', '2018-08-09 15:46:11', '2018-08-09 15:46:11'),
	(400, 'categories', 'name', 299, 'ua', '', '2018-08-09 15:46:11', '2018-08-09 15:46:11'),
	(401, 'categories', 'name', 300, 'ua', '', '2018-08-09 15:46:11', '2018-08-09 15:46:11'),
	(402, 'categories', 'name', 301, 'ua', '', '2018-08-09 15:46:11', '2018-08-09 15:46:11'),
	(403, 'categories', 'name', 302, 'ua', '', '2018-08-09 15:46:11', '2018-08-09 15:46:11'),
	(404, 'categories', 'name', 303, 'ua', '', '2018-08-09 15:46:11', '2018-08-09 15:46:11'),
	(405, 'categories', 'name', 304, 'ua', '', '2018-08-09 15:46:11', '2018-08-09 15:46:11'),
	(406, 'categories', 'name', 305, 'ua', '', '2018-08-09 15:46:11', '2018-08-09 15:46:11'),
	(407, 'categories', 'name', 306, 'ua', '', '2018-08-09 15:46:11', '2018-08-09 15:46:11'),
	(408, 'categories', 'name', 307, 'ua', '', '2018-08-09 15:46:11', '2018-08-09 15:46:11'),
	(409, 'categories', 'name', 308, 'ua', '', '2018-08-09 15:46:11', '2018-08-09 15:46:11'),
	(410, 'categories', 'name', 309, 'ua', '', '2018-08-09 15:46:11', '2018-08-09 15:46:11'),
	(411, 'categories', 'name', 310, 'ua', '', '2018-08-09 15:46:11', '2018-08-09 15:46:11'),
	(412, 'categories', 'name', 311, 'ua', '', '2018-08-09 15:46:11', '2018-08-09 15:46:11'),
	(413, 'categories', 'name', 312, 'ua', '', '2018-08-09 15:46:11', '2018-08-09 15:46:11'),
	(414, 'categories', 'name', 313, 'ua', '', '2018-08-09 15:46:11', '2018-08-09 15:46:11'),
	(415, 'categories', 'name', 314, 'ua', '', '2018-08-09 15:46:11', '2018-08-09 15:46:11'),
	(416, 'categories', 'name', 315, 'ua', '', '2018-08-09 15:46:11', '2018-08-09 15:46:11'),
	(417, 'categories', 'name', 316, 'ua', '', '2018-08-09 15:46:11', '2018-08-09 15:46:11'),
	(418, 'categories', 'name', 317, 'ua', '', '2018-08-09 15:46:11', '2018-08-09 15:46:11'),
	(419, 'categories', 'name', 318, 'ua', '', '2018-08-09 15:46:11', '2018-08-09 15:46:11'),
	(420, 'categories', 'name', 319, 'ua', '', '2018-08-09 15:46:11', '2018-08-09 15:46:11'),
	(421, 'categories', 'name', 320, 'ua', '', '2018-08-09 15:46:11', '2018-08-09 15:46:11'),
	(422, 'categories', 'name', 321, 'ua', '', '2018-08-09 15:46:11', '2018-08-09 15:46:11'),
	(423, 'categories', 'name', 322, 'ua', '', '2018-08-09 15:46:11', '2018-08-09 15:46:11'),
	(424, 'categories', 'name', 323, 'ua', '', '2018-08-09 15:46:11', '2018-08-09 15:46:11'),
	(425, 'categories', 'name', 324, 'ua', '', '2018-08-09 15:46:11', '2018-08-09 15:46:11'),
	(426, 'categories', 'name', 325, 'ua', '', '2018-08-09 15:46:11', '2018-08-09 15:46:11'),
	(427, 'categories', 'name', 326, 'ua', '', '2018-08-09 15:46:11', '2018-08-09 15:46:11'),
	(428, 'categories', 'name', 327, 'ua', '', '2018-08-09 15:46:11', '2018-08-09 15:46:11'),
	(429, 'categories', 'name', 328, 'ua', '', '2018-08-09 15:46:11', '2018-08-09 15:46:11'),
	(430, 'categories', 'name', 329, 'ua', '', '2018-08-09 15:46:11', '2018-08-09 15:46:11'),
	(431, 'categories', 'name', 330, 'ua', '', '2018-08-09 15:46:11', '2018-08-09 15:46:11'),
	(432, 'categories', 'name', 331, 'ua', '', '2018-08-09 15:46:11', '2018-08-09 15:46:11'),
	(433, 'categories', 'name', 332, 'ua', '', '2018-08-09 15:46:11', '2018-08-09 15:46:11'),
	(434, 'categories', 'name', 333, 'ua', '', '2018-08-09 15:46:11', '2018-08-09 15:46:11'),
	(435, 'categories', 'name', 334, 'ua', '', '2018-08-09 15:46:11', '2018-08-09 15:46:11'),
	(436, 'categories', 'name', 335, 'ua', '', '2018-08-09 15:46:11', '2018-08-09 15:46:11'),
	(437, 'categories', 'name', 336, 'ua', '', '2018-08-09 15:46:11', '2018-08-09 15:46:11'),
	(438, 'categories', 'name', 337, 'ua', '', '2018-08-09 15:46:11', '2018-08-09 15:46:11'),
	(439, 'categories', 'name', 338, 'ua', '', '2018-08-09 15:46:11', '2018-08-09 15:46:11'),
	(440, 'categories', 'name', 339, 'ua', '', '2018-08-09 15:46:11', '2018-08-09 15:46:11'),
	(441, 'categories', 'name', 340, 'ua', '', '2018-08-09 15:46:11', '2018-08-09 15:46:11'),
	(442, 'categories', 'name', 341, 'ua', '', '2018-08-09 15:46:11', '2018-08-09 15:46:11'),
	(443, 'categories', 'name', 342, 'ua', '', '2018-08-09 15:46:11', '2018-08-09 15:46:11'),
	(444, 'categories', 'name', 343, 'ua', '', '2018-08-09 15:46:11', '2018-08-09 15:46:11'),
	(445, 'categories', 'name', 344, 'ua', '', '2018-08-09 15:46:11', '2018-08-09 15:46:11'),
	(446, 'categories', 'name', 345, 'ua', '', '2018-08-09 15:46:11', '2018-08-09 15:46:11'),
	(447, 'categories', 'name', 346, 'ua', '', '2018-08-09 15:46:11', '2018-08-09 15:46:11'),
	(448, 'categories', 'name', 347, 'ua', '', '2018-08-09 15:46:11', '2018-08-09 15:46:11'),
	(449, 'categories', 'name', 348, 'ua', '', '2018-08-09 15:46:11', '2018-08-09 15:46:11'),
	(450, 'categories', 'name', 349, 'ua', '', '2018-08-09 15:46:11', '2018-08-09 15:46:11'),
	(451, 'categories', 'name', 350, 'ua', '', '2018-08-09 15:46:11', '2018-08-09 15:46:11'),
	(452, 'categories', 'name', 351, 'ua', '', '2018-08-09 15:46:11', '2018-08-09 15:46:11'),
	(453, 'categories', 'name', 352, 'ua', '', '2018-08-09 15:46:11', '2018-08-09 15:46:11'),
	(454, 'categories', 'name', 353, 'ua', '', '2018-08-09 15:46:11', '2018-08-09 15:46:11'),
	(455, 'categories', 'name', 354, 'ua', '', '2018-08-09 15:46:12', '2018-08-09 15:46:12'),
	(456, 'categories', 'name', 355, 'ua', '', '2018-08-09 15:46:12', '2018-08-09 15:46:12'),
	(457, 'categories', 'name', 356, 'ua', '', '2018-08-09 15:46:12', '2018-08-09 15:46:12'),
	(458, 'categories', 'name', 357, 'ua', '', '2018-08-09 15:46:12', '2018-08-09 15:46:12'),
	(459, 'categories', 'name', 358, 'ua', '', '2018-08-09 15:46:12', '2018-08-09 15:46:12'),
	(460, 'categories', 'name', 359, 'ua', '', '2018-08-09 15:46:12', '2018-08-09 15:46:12'),
	(461, 'categories', 'name', 360, 'ua', '', '2018-08-09 15:46:12', '2018-08-09 15:46:12'),
	(462, 'categories', 'name', 361, 'ua', '', '2018-08-09 15:46:12', '2018-08-09 15:46:12'),
	(463, 'categories', 'name', 362, 'ua', '', '2018-08-09 15:46:12', '2018-08-09 15:46:12'),
	(464, 'categories', 'name', 363, 'ua', '', '2018-08-09 15:46:12', '2018-08-09 15:46:12'),
	(465, 'categories', 'name', 364, 'ua', '', '2018-08-09 15:46:12', '2018-08-09 15:46:12'),
	(466, 'categories', 'name', 365, 'ua', '', '2018-08-09 15:46:12', '2018-08-09 15:46:12'),
	(467, 'categories', 'name', 366, 'ua', '', '2018-08-09 15:46:12', '2018-08-09 15:46:12'),
	(468, 'categories', 'name', 367, 'ua', '', '2018-08-09 15:46:12', '2018-08-09 15:46:12'),
	(469, 'categories', 'name', 368, 'ua', '', '2018-08-09 15:46:12', '2018-08-09 15:46:12'),
	(470, 'categories', 'name', 369, 'ua', '', '2018-08-09 15:46:12', '2018-08-09 15:46:12'),
	(471, 'categories', 'name', 370, 'ua', '', '2018-08-09 15:46:12', '2018-08-09 15:46:12'),
	(472, 'categories', 'name', 371, 'ua', '', '2018-08-09 15:46:12', '2018-08-09 15:46:12'),
	(473, 'categories', 'name', 372, 'ua', '', '2018-08-09 15:46:12', '2018-08-09 15:46:12'),
	(474, 'categories', 'name', 373, 'ua', '', '2018-08-09 15:46:12', '2018-08-09 15:46:12'),
	(475, 'categories', 'name', 374, 'ua', '', '2018-08-09 15:46:12', '2018-08-09 15:46:12'),
	(476, 'categories', 'name', 375, 'ua', '', '2018-08-09 15:46:12', '2018-08-09 15:46:12'),
	(477, 'categories', 'name', 376, 'ua', '', '2018-08-09 15:46:12', '2018-08-09 15:46:12'),
	(478, 'categories', 'name', 377, 'ua', '', '2018-08-09 15:46:12', '2018-08-09 15:46:12'),
	(479, 'categories', 'name', 378, 'ua', '', '2018-08-09 15:46:12', '2018-08-09 15:46:12'),
	(480, 'categories', 'name', 379, 'ua', '', '2018-08-09 15:46:12', '2018-08-09 15:46:12'),
	(481, 'categories', 'name', 380, 'ua', '', '2018-08-09 15:46:12', '2018-08-09 15:46:12'),
	(482, 'categories', 'name', 381, 'ua', '', '2018-08-09 15:46:12', '2018-08-09 15:46:12'),
	(483, 'categories', 'name', 382, 'ua', '', '2018-08-09 15:46:12', '2018-08-09 15:46:12'),
	(484, 'categories', 'name', 383, 'ua', '', '2018-08-09 15:46:12', '2018-08-09 15:46:12'),
	(485, 'categories', 'name', 384, 'ua', '', '2018-08-09 15:46:12', '2018-08-09 15:46:12'),
	(486, 'categories', 'name', 385, 'ua', '', '2018-08-09 15:46:12', '2018-08-09 15:46:12'),
	(487, 'categories', 'name', 386, 'ua', '', '2018-08-09 15:46:12', '2018-08-09 15:46:12'),
	(488, 'categories', 'name', 387, 'ua', '', '2018-08-09 15:46:12', '2018-08-09 15:46:12'),
	(489, 'categories', 'name', 388, 'ua', '', '2018-08-09 15:46:12', '2018-08-09 15:46:12'),
	(490, 'categories', 'name', 389, 'ua', '', '2018-08-09 15:46:12', '2018-08-09 15:46:12'),
	(491, 'categories', 'name', 390, 'ua', '', '2018-08-09 15:46:12', '2018-08-09 15:46:12'),
	(492, 'categories', 'name', 391, 'ua', '', '2018-08-09 15:46:12', '2018-08-09 15:46:12'),
	(493, 'categories', 'name', 392, 'ua', '', '2018-08-09 15:46:12', '2018-08-09 15:46:12'),
	(494, 'categories', 'name', 393, 'ua', '', '2018-08-09 15:46:12', '2018-08-09 15:46:12'),
	(495, 'categories', 'name', 394, 'ua', '', '2018-08-09 15:46:12', '2018-08-09 15:46:12'),
	(496, 'categories', 'name', 395, 'ua', '', '2018-08-09 15:46:12', '2018-08-09 15:46:12'),
	(497, 'categories', 'name', 396, 'ua', '', '2018-08-09 15:46:12', '2018-08-09 15:46:12'),
	(498, 'categories', 'name', 397, 'ua', '', '2018-08-09 15:46:12', '2018-08-09 15:46:12'),
	(499, 'categories', 'name', 398, 'ua', '', '2018-08-09 15:46:12', '2018-08-09 15:46:12'),
	(500, 'categories', 'name', 399, 'ua', '', '2018-08-09 15:46:12', '2018-08-09 15:46:12'),
	(501, 'categories', 'name', 400, 'ua', '', '2018-08-09 15:46:12', '2018-08-09 15:46:12'),
	(502, 'categories', 'name', 401, 'ua', '', '2018-08-09 15:46:12', '2018-08-09 15:46:12'),
	(503, 'categories', 'name', 402, 'ua', '', '2018-08-09 15:46:12', '2018-08-09 15:46:12'),
	(504, 'categories', 'name', 403, 'ua', '', '2018-08-09 15:46:12', '2018-08-09 15:46:12'),
	(505, 'categories', 'name', 404, 'ua', '', '2018-08-09 15:46:12', '2018-08-09 15:46:12'),
	(506, 'categories', 'name', 405, 'ua', '', '2018-08-09 15:46:12', '2018-08-09 15:46:12'),
	(507, 'categories', 'name', 406, 'ua', '', '2018-08-09 15:46:12', '2018-08-09 15:46:12'),
	(508, 'categories', 'name', 407, 'ua', '', '2018-08-09 15:46:12', '2018-08-09 15:46:12'),
	(509, 'categories', 'name', 408, 'ua', '', '2018-08-09 15:46:12', '2018-08-09 15:46:12'),
	(510, 'categories', 'name', 409, 'ua', '', '2018-08-09 15:46:12', '2018-08-09 15:46:12'),
	(511, 'categories', 'name', 410, 'ua', '', '2018-08-09 15:46:12', '2018-08-09 15:46:12'),
	(512, 'categories', 'name', 411, 'ua', '', '2018-08-09 15:46:12', '2018-08-09 15:46:12'),
	(513, 'categories', 'name', 412, 'ua', '', '2018-08-09 15:46:12', '2018-08-09 15:46:12'),
	(514, 'categories', 'name', 413, 'ua', '', '2018-08-09 15:46:12', '2018-08-09 15:46:12'),
	(515, 'categories', 'name', 414, 'ua', '', '2018-08-09 15:46:12', '2018-08-09 15:46:12'),
	(516, 'categories', 'name', 415, 'ua', '', '2018-08-09 15:46:12', '2018-08-09 15:46:12'),
	(517, 'categories', 'name', 416, 'ua', '', '2018-08-09 15:46:12', '2018-08-09 15:46:12'),
	(518, 'categories', 'name', 417, 'ua', '', '2018-08-09 15:46:12', '2018-08-09 15:46:12'),
	(519, 'categories', 'name', 418, 'ua', '', '2018-08-09 15:46:12', '2018-08-09 15:46:12'),
	(520, 'categories', 'name', 419, 'ua', '', '2018-08-09 15:46:13', '2018-08-09 15:46:13'),
	(521, 'categories', 'name', 420, 'ua', '', '2018-08-09 15:46:13', '2018-08-09 15:46:13'),
	(522, 'categories', 'name', 421, 'ua', '', '2018-08-09 15:46:13', '2018-08-09 15:46:13'),
	(523, 'categories', 'name', 422, 'ua', '', '2018-08-09 15:46:13', '2018-08-09 15:46:13'),
	(524, 'categories', 'name', 423, 'ua', '', '2018-08-09 15:46:13', '2018-08-09 15:46:13'),
	(525, 'categories', 'name', 424, 'ua', '', '2018-08-09 15:46:13', '2018-08-09 15:46:13'),
	(526, 'categories', 'name', 425, 'ua', '', '2018-08-09 15:46:13', '2018-08-09 15:46:13'),
	(527, 'categories', 'name', 426, 'ua', '', '2018-08-09 15:46:13', '2018-08-09 15:46:13'),
	(528, 'categories', 'name', 427, 'ua', '', '2018-08-09 15:46:13', '2018-08-09 15:46:13'),
	(529, 'categories', 'name', 428, 'ua', '', '2018-08-09 15:46:13', '2018-08-09 15:46:13'),
	(530, 'categories', 'name', 429, 'ua', '', '2018-08-09 15:46:13', '2018-08-09 15:46:13'),
	(531, 'categories', 'name', 430, 'ua', '', '2018-08-09 15:46:13', '2018-08-09 15:46:13'),
	(532, 'categories', 'name', 431, 'ua', '', '2018-08-09 15:46:13', '2018-08-09 15:46:13'),
	(533, 'categories', 'name', 432, 'ua', '', '2018-08-09 15:46:13', '2018-08-09 15:46:13'),
	(534, 'categories', 'name', 433, 'ua', '', '2018-08-09 15:46:13', '2018-08-09 15:46:13'),
	(535, 'categories', 'name', 434, 'ua', '', '2018-08-09 15:46:13', '2018-08-09 15:46:13'),
	(536, 'categories', 'name', 435, 'ua', '', '2018-08-09 15:46:13', '2018-08-09 15:46:13'),
	(537, 'categories', 'name', 436, 'ua', '', '2018-08-09 15:46:13', '2018-08-09 15:46:13'),
	(538, 'categories', 'name', 437, 'ua', '', '2018-08-09 15:46:13', '2018-08-09 15:46:13'),
	(539, 'categories', 'name', 438, 'ua', '', '2018-08-09 15:46:13', '2018-08-09 15:46:13'),
	(540, 'categories', 'name', 439, 'ua', '', '2018-08-09 15:46:13', '2018-08-09 15:46:13'),
	(541, 'categories', 'name', 440, 'ua', '', '2018-08-09 15:46:13', '2018-08-09 15:46:13'),
	(542, 'categories', 'name', 441, 'ua', '', '2018-08-09 15:46:13', '2018-08-09 15:46:13'),
	(543, 'categories', 'name', 442, 'ua', '', '2018-08-09 15:46:13', '2018-08-09 15:46:13'),
	(544, 'categories', 'name', 443, 'ua', '', '2018-08-09 15:46:13', '2018-08-09 15:46:13'),
	(545, 'categories', 'name', 444, 'ua', '', '2018-08-09 15:46:13', '2018-08-09 15:46:13'),
	(546, 'categories', 'name', 445, 'ua', '', '2018-08-09 15:46:13', '2018-08-09 15:46:13'),
	(547, 'categories', 'name', 446, 'ua', '', '2018-08-09 15:46:13', '2018-08-09 15:46:13'),
	(548, 'categories', 'name', 447, 'ua', '', '2018-08-09 15:46:13', '2018-08-09 15:46:13'),
	(549, 'categories', 'name', 448, 'ua', '', '2018-08-09 15:46:13', '2018-08-09 15:46:13'),
	(550, 'categories', 'name', 449, 'ua', '', '2018-08-09 15:46:13', '2018-08-09 15:46:13'),
	(551, 'categories', 'name', 450, 'ua', '', '2018-08-09 15:46:13', '2018-08-09 15:46:13'),
	(552, 'categories', 'name', 451, 'ua', '', '2018-08-09 15:46:13', '2018-08-09 15:46:13'),
	(553, 'categories', 'name', 452, 'ua', '', '2018-08-09 15:46:13', '2018-08-09 15:46:13'),
	(554, 'categories', 'name', 453, 'ua', '', '2018-08-09 15:46:13', '2018-08-09 15:46:13'),
	(555, 'categories', 'name', 454, 'ua', '', '2018-08-09 15:46:13', '2018-08-09 15:46:13'),
	(556, 'categories', 'name', 455, 'ua', '', '2018-08-09 15:46:13', '2018-08-09 15:46:13'),
	(557, 'categories', 'name', 456, 'ua', '', '2018-08-09 15:46:13', '2018-08-09 15:46:13'),
	(558, 'categories', 'name', 457, 'ua', '', '2018-08-09 15:46:13', '2018-08-09 15:46:13'),
	(559, 'categories', 'name', 458, 'ua', '', '2018-08-09 15:46:13', '2018-08-09 15:46:13'),
	(560, 'categories', 'name', 459, 'ua', '', '2018-08-09 15:46:13', '2018-08-09 15:46:13'),
	(561, 'categories', 'name', 460, 'ua', '', '2018-08-09 15:46:13', '2018-08-09 15:46:13'),
	(562, 'categories', 'name', 461, 'ua', '', '2018-08-09 15:46:13', '2018-08-09 15:46:13'),
	(563, 'categories', 'name', 462, 'ua', '', '2018-08-09 15:46:13', '2018-08-09 15:46:13'),
	(564, 'categories', 'name', 463, 'ua', '', '2018-08-09 15:46:13', '2018-08-09 15:46:13'),
	(565, 'categories', 'name', 464, 'ua', '', '2018-08-09 15:46:13', '2018-08-09 15:46:13'),
	(566, 'categories', 'name', 465, 'ua', '', '2018-08-09 15:46:13', '2018-08-09 15:46:13'),
	(567, 'categories', 'name', 466, 'ua', '', '2018-08-09 15:46:13', '2018-08-09 15:46:13'),
	(568, 'categories', 'name', 467, 'ua', '', '2018-08-09 15:46:13', '2018-08-09 15:46:13'),
	(569, 'categories', 'name', 468, 'ua', '', '2018-08-09 15:46:13', '2018-08-09 15:46:13'),
	(570, 'categories', 'name', 469, 'ua', '', '2018-08-09 15:46:13', '2018-08-09 15:46:13'),
	(571, 'categories', 'name', 470, 'ua', '', '2018-08-09 15:46:13', '2018-08-09 15:46:13'),
	(572, 'categories', 'name', 471, 'ua', '', '2018-08-09 15:46:13', '2018-08-09 15:46:13'),
	(573, 'categories', 'name', 472, 'ua', '', '2018-08-09 15:46:13', '2018-08-09 15:46:13'),
	(574, 'categories', 'name', 473, 'ua', '', '2018-08-09 15:46:13', '2018-08-09 15:46:13'),
	(575, 'categories', 'name', 474, 'ua', '', '2018-08-09 15:46:13', '2018-08-09 15:46:13'),
	(576, 'categories', 'name', 475, 'ua', '', '2018-08-09 15:46:13', '2018-08-09 15:46:13'),
	(577, 'categories', 'name', 476, 'ua', '', '2018-08-09 15:46:13', '2018-08-09 15:46:13'),
	(578, 'categories', 'name', 477, 'ua', '', '2018-08-09 15:46:13', '2018-08-09 15:46:13'),
	(579, 'categories', 'name', 478, 'ua', '', '2018-08-09 15:46:13', '2018-08-09 15:46:13'),
	(580, 'categories', 'name', 479, 'ua', '', '2018-08-09 15:46:13', '2018-08-09 15:46:13'),
	(581, 'categories', 'name', 480, 'ua', '', '2018-08-09 15:46:13', '2018-08-09 15:46:13'),
	(582, 'categories', 'name', 481, 'ua', '', '2018-08-09 15:46:13', '2018-08-09 15:46:13'),
	(583, 'categories', 'name', 482, 'ua', '', '2018-08-09 15:46:14', '2018-08-09 15:46:14'),
	(584, 'categories', 'name', 483, 'ua', '', '2018-08-09 15:46:14', '2018-08-09 15:46:14'),
	(585, 'categories', 'name', 484, 'ua', '', '2018-08-09 15:46:14', '2018-08-09 15:46:14'),
	(586, 'categories', 'name', 485, 'ua', '', '2018-08-09 15:46:14', '2018-08-09 15:46:14'),
	(587, 'categories', 'name', 486, 'ua', '', '2018-08-09 15:46:14', '2018-08-09 15:46:14'),
	(588, 'categories', 'name', 487, 'ua', '', '2018-08-09 15:46:14', '2018-08-09 15:46:14'),
	(589, 'categories', 'name', 488, 'ua', '', '2018-08-09 15:46:14', '2018-08-09 15:46:14'),
	(590, 'categories', 'name', 489, 'ua', '', '2018-08-09 15:46:14', '2018-08-09 15:46:14'),
	(591, 'categories', 'name', 490, 'ua', '', '2018-08-09 15:46:14', '2018-08-09 15:46:14'),
	(592, 'categories', 'name', 491, 'ua', '', '2018-08-09 15:46:14', '2018-08-09 15:46:14'),
	(593, 'categories', 'name', 492, 'ua', '', '2018-08-09 15:46:14', '2018-08-09 15:46:14'),
	(594, 'categories', 'name', 493, 'ua', '', '2018-08-09 15:46:14', '2018-08-09 15:46:14'),
	(595, 'categories', 'name', 494, 'ua', '', '2018-08-09 15:46:14', '2018-08-09 15:46:14'),
	(596, 'categories', 'name', 495, 'ua', '', '2018-08-09 15:46:14', '2018-08-09 15:46:14'),
	(597, 'categories', 'name', 496, 'ua', '', '2018-08-09 15:46:14', '2018-08-09 15:46:14'),
	(598, 'categories', 'name', 497, 'ua', '', '2018-08-09 15:46:14', '2018-08-09 15:46:14'),
	(599, 'categories', 'name', 498, 'ua', '', '2018-08-09 15:46:14', '2018-08-09 15:46:14'),
	(600, 'categories', 'name', 499, 'ua', '', '2018-08-09 15:46:14', '2018-08-09 15:46:14'),
	(601, 'categories', 'name', 500, 'ua', '', '2018-08-09 15:46:14', '2018-08-09 15:46:14'),
	(602, 'categories', 'name', 501, 'ua', '', '2018-08-09 15:46:14', '2018-08-09 15:46:14'),
	(603, 'categories', 'name', 502, 'ua', '', '2018-08-09 15:46:14', '2018-08-09 15:46:14'),
	(604, 'categories', 'name', 503, 'ua', '', '2018-08-09 15:46:14', '2018-08-09 15:46:14'),
	(605, 'categories', 'name', 504, 'ua', '', '2018-08-09 15:46:14', '2018-08-09 15:46:14'),
	(606, 'categories', 'name', 505, 'ua', '', '2018-08-09 15:46:14', '2018-08-09 15:46:14'),
	(607, 'categories', 'name', 506, 'ua', '', '2018-08-09 15:46:14', '2018-08-09 15:46:14'),
	(608, 'categories', 'name', 507, 'ua', '', '2018-08-09 15:46:14', '2018-08-09 15:46:14'),
	(609, 'categories', 'name', 508, 'ua', '', '2018-08-09 15:46:14', '2018-08-09 15:46:14'),
	(610, 'categories', 'name', 509, 'ua', '', '2018-08-09 15:46:14', '2018-08-09 15:46:14'),
	(611, 'categories', 'name', 510, 'ua', '', '2018-08-09 15:46:14', '2018-08-09 15:46:14'),
	(612, 'categories', 'name', 511, 'ua', '', '2018-08-09 15:46:14', '2018-08-09 15:46:14'),
	(613, 'categories', 'name', 512, 'ua', '', '2018-08-09 15:46:14', '2018-08-09 15:46:14'),
	(614, 'categories', 'name', 513, 'ua', '', '2018-08-09 15:46:14', '2018-08-09 15:46:14'),
	(615, 'categories', 'name', 514, 'ua', '', '2018-08-09 15:46:14', '2018-08-09 15:46:14'),
	(616, 'categories', 'name', 515, 'ua', '', '2018-08-09 15:46:14', '2018-08-09 15:46:14'),
	(617, 'categories', 'name', 516, 'ua', '', '2018-08-09 15:46:14', '2018-08-09 15:46:14'),
	(618, 'categories', 'name', 517, 'ua', '', '2018-08-09 15:46:14', '2018-08-09 15:46:14'),
	(619, 'categories', 'name', 518, 'ua', '', '2018-08-09 15:46:14', '2018-08-09 15:46:14'),
	(620, 'categories', 'name', 519, 'ua', '', '2018-08-09 15:46:14', '2018-08-09 15:46:14'),
	(621, 'categories', 'name', 520, 'ua', '', '2018-08-09 15:46:14', '2018-08-09 15:46:14'),
	(622, 'categories', 'name', 521, 'ua', '', '2018-08-09 15:46:14', '2018-08-09 15:46:14'),
	(623, 'categories', 'name', 522, 'ua', '', '2018-08-09 15:46:14', '2018-08-09 15:46:14'),
	(624, 'categories', 'name', 523, 'ua', '', '2018-08-09 15:46:14', '2018-08-09 15:46:14'),
	(625, 'categories', 'name', 524, 'ua', '', '2018-08-09 15:46:14', '2018-08-09 15:46:14'),
	(626, 'categories', 'name', 525, 'ua', '', '2018-08-09 15:46:14', '2018-08-09 15:46:14'),
	(627, 'categories', 'name', 526, 'ua', '', '2018-08-09 15:46:14', '2018-08-09 15:46:14'),
	(628, 'categories', 'name', 527, 'ua', '', '2018-08-09 15:46:14', '2018-08-09 15:46:14'),
	(629, 'categories', 'name', 528, 'ua', '', '2018-08-09 15:46:14', '2018-08-09 15:46:14'),
	(630, 'categories', 'name', 529, 'ua', '', '2018-08-09 15:46:14', '2018-08-09 15:46:14'),
	(631, 'categories', 'name', 530, 'ua', '', '2018-08-09 15:46:14', '2018-08-09 15:46:14'),
	(632, 'categories', 'name', 531, 'ua', '', '2018-08-09 15:46:14', '2018-08-09 15:46:14'),
	(633, 'categories', 'name', 532, 'ua', '', '2018-08-09 15:46:14', '2018-08-09 15:46:14'),
	(634, 'categories', 'name', 533, 'ua', '', '2018-08-09 15:46:14', '2018-08-09 15:46:14'),
	(635, 'categories', 'name', 534, 'ua', '', '2018-08-09 15:46:14', '2018-08-09 15:46:14'),
	(636, 'categories', 'name', 535, 'ua', '', '2018-08-09 15:46:14', '2018-08-09 15:46:14'),
	(637, 'categories', 'name', 536, 'ua', '', '2018-08-09 15:46:14', '2018-08-09 15:46:14'),
	(638, 'categories', 'name', 537, 'ua', '', '2018-08-09 15:46:14', '2018-08-09 15:46:14'),
	(639, 'categories', 'name', 538, 'ua', '', '2018-08-09 15:46:14', '2018-08-09 15:46:14'),
	(640, 'categories', 'name', 539, 'ua', '', '2018-08-09 15:46:14', '2018-08-09 15:46:14'),
	(641, 'categories', 'name', 540, 'ua', '', '2018-08-09 15:46:14', '2018-08-09 15:46:14'),
	(642, 'categories', 'name', 541, 'ua', '', '2018-08-09 15:46:14', '2018-08-09 15:46:14'),
	(643, 'categories', 'name', 542, 'ua', '', '2018-08-09 15:46:14', '2018-08-09 15:46:14'),
	(644, 'categories', 'name', 543, 'ua', '', '2018-08-09 15:46:14', '2018-08-09 15:46:14'),
	(645, 'categories', 'name', 544, 'ua', '', '2018-08-09 15:46:15', '2018-08-09 15:46:15'),
	(646, 'categories', 'name', 545, 'ua', '', '2018-08-09 15:46:15', '2018-08-09 15:46:15'),
	(647, 'categories', 'name', 546, 'ua', '', '2018-08-09 15:46:15', '2018-08-09 15:46:15'),
	(648, 'categories', 'name', 547, 'ua', '', '2018-08-09 15:46:15', '2018-08-09 15:46:15'),
	(649, 'categories', 'name', 548, 'ua', '', '2018-08-09 15:46:15', '2018-08-09 15:46:15'),
	(650, 'categories', 'name', 549, 'ua', '', '2018-08-09 15:46:15', '2018-08-09 15:46:15'),
	(651, 'categories', 'name', 550, 'ua', '', '2018-08-09 15:46:15', '2018-08-09 15:46:15'),
	(652, 'categories', 'name', 551, 'ua', '', '2018-08-09 15:46:15', '2018-08-09 15:46:15'),
	(653, 'categories', 'name', 552, 'ua', '', '2018-08-09 15:46:15', '2018-08-09 15:46:15'),
	(654, 'categories', 'name', 553, 'ua', '', '2018-08-09 15:46:15', '2018-08-09 15:46:15'),
	(655, 'categories', 'name', 554, 'ua', '', '2018-08-09 15:46:15', '2018-08-09 15:46:15'),
	(656, 'categories', 'name', 555, 'ua', '', '2018-08-09 15:46:15', '2018-08-09 15:46:15'),
	(657, 'categories', 'name', 556, 'ua', '', '2018-08-09 15:46:15', '2018-08-09 15:46:15'),
	(658, 'categories', 'name', 557, 'ua', '', '2018-08-09 15:46:15', '2018-08-09 15:46:15'),
	(659, 'categories', 'name', 558, 'ua', '', '2018-08-09 15:46:15', '2018-08-09 15:46:15'),
	(660, 'categories', 'name', 559, 'ua', '', '2018-08-09 15:46:15', '2018-08-09 15:46:15'),
	(661, 'categories', 'name', 560, 'ua', '', '2018-08-09 15:46:15', '2018-08-09 15:46:15'),
	(662, 'categories', 'name', 561, 'ua', '', '2018-08-09 15:46:15', '2018-08-09 15:46:15'),
	(663, 'categories', 'name', 562, 'ua', '', '2018-08-09 15:46:15', '2018-08-09 15:46:15'),
	(664, 'categories', 'name', 563, 'ua', '', '2018-08-09 15:46:15', '2018-08-09 15:46:15'),
	(665, 'categories', 'name', 564, 'ua', '', '2018-08-09 15:46:15', '2018-08-09 15:46:15'),
	(666, 'categories', 'name', 565, 'ua', '', '2018-08-09 15:46:15', '2018-08-09 15:46:15'),
	(667, 'categories', 'name', 566, 'ua', '', '2018-08-09 15:46:15', '2018-08-09 15:46:15'),
	(668, 'categories', 'name', 567, 'ua', '', '2018-08-09 15:46:15', '2018-08-09 15:46:15'),
	(669, 'categories', 'name', 568, 'ua', '', '2018-08-09 15:46:15', '2018-08-09 15:46:15'),
	(670, 'categories', 'name', 569, 'ua', '', '2018-08-09 15:46:15', '2018-08-09 15:46:15'),
	(671, 'categories', 'name', 570, 'ua', '', '2018-08-09 15:46:15', '2018-08-09 15:46:15'),
	(672, 'categories', 'name', 571, 'ua', '', '2018-08-09 15:46:15', '2018-08-09 15:46:15'),
	(673, 'categories', 'name', 572, 'ua', '', '2018-08-09 15:46:15', '2018-08-09 15:46:15'),
	(674, 'categories', 'name', 573, 'ua', '', '2018-08-09 15:46:15', '2018-08-09 15:46:15'),
	(675, 'categories', 'name', 574, 'ua', '', '2018-08-09 15:46:15', '2018-08-09 15:46:15'),
	(676, 'categories', 'name', 575, 'ua', '', '2018-08-09 15:46:15', '2018-08-09 15:46:15'),
	(677, 'categories', 'name', 576, 'ua', '', '2018-08-09 15:46:15', '2018-08-09 15:46:15'),
	(678, 'categories', 'name', 577, 'ua', '', '2018-08-09 15:46:15', '2018-08-09 15:46:15'),
	(679, 'categories', 'name', 578, 'ua', '', '2018-08-09 15:46:15', '2018-08-09 15:46:15'),
	(680, 'categories', 'name', 579, 'ua', '', '2018-08-09 15:46:15', '2018-08-09 15:46:15'),
	(681, 'categories', 'name', 580, 'ua', '', '2018-08-09 15:46:15', '2018-08-09 15:46:15'),
	(682, 'categories', 'name', 581, 'ua', '', '2018-08-09 15:46:15', '2018-08-09 15:46:15'),
	(683, 'categories', 'name', 582, 'ua', '', '2018-08-09 15:46:15', '2018-08-09 15:46:15'),
	(684, 'categories', 'name', 583, 'ua', '', '2018-08-09 15:46:15', '2018-08-09 15:46:15'),
	(685, 'categories', 'name', 584, 'ua', '', '2018-08-09 15:46:15', '2018-08-09 15:46:15'),
	(686, 'categories', 'name', 585, 'ua', '', '2018-08-09 15:46:15', '2018-08-09 15:46:15'),
	(687, 'categories', 'name', 586, 'ua', '', '2018-08-09 15:46:15', '2018-08-09 15:46:15'),
	(688, 'categories', 'name', 587, 'ua', '', '2018-08-09 15:46:15', '2018-08-09 15:46:15'),
	(689, 'categories', 'name', 588, 'ua', '', '2018-08-09 15:46:15', '2018-08-09 15:46:15'),
	(690, 'categories', 'name', 589, 'ua', '', '2018-08-09 15:46:15', '2018-08-09 15:46:15'),
	(691, 'categories', 'name', 590, 'ua', '', '2018-08-09 15:46:15', '2018-08-09 15:46:15'),
	(692, 'categories', 'name', 591, 'ua', '', '2018-08-09 15:46:15', '2018-08-09 15:46:15'),
	(693, 'categories', 'name', 592, 'ua', '', '2018-08-09 15:46:15', '2018-08-09 15:46:15'),
	(694, 'categories', 'name', 593, 'ua', '', '2018-08-09 15:46:15', '2018-08-09 15:46:15'),
	(695, 'categories', 'name', 594, 'ua', '', '2018-08-09 15:46:15', '2018-08-09 15:46:15'),
	(696, 'categories', 'name', 595, 'ua', '', '2018-08-09 15:46:15', '2018-08-09 15:46:15'),
	(697, 'categories', 'name', 596, 'ua', '', '2018-08-09 15:46:15', '2018-08-09 15:46:15'),
	(698, 'categories', 'name', 597, 'ua', '', '2018-08-09 15:46:15', '2018-08-09 15:46:15'),
	(699, 'categories', 'name', 598, 'ua', '', '2018-08-09 15:46:15', '2018-08-09 15:46:15'),
	(700, 'categories', 'name', 599, 'ua', '', '2018-08-09 15:46:15', '2018-08-09 15:46:15'),
	(701, 'categories', 'name', 600, 'ua', '', '2018-08-09 15:46:15', '2018-08-09 15:46:15'),
	(702, 'categories', 'name', 601, 'ua', '', '2018-08-09 15:46:15', '2018-08-09 15:46:15'),
	(703, 'categories', 'name', 602, 'ua', '', '2018-08-09 15:46:15', '2018-08-09 15:46:15'),
	(704, 'categories', 'name', 603, 'ua', '', '2018-08-09 15:46:15', '2018-08-09 15:46:15'),
	(705, 'categories', 'name', 604, 'ua', '', '2018-08-09 15:46:15', '2018-08-09 15:46:15'),
	(706, 'categories', 'name', 605, 'ua', '', '2018-08-09 15:46:15', '2018-08-09 15:46:15'),
	(707, 'categories', 'name', 606, 'ua', '', '2018-08-09 15:46:15', '2018-08-09 15:46:15'),
	(708, 'categories', 'name', 607, 'ua', '', '2018-08-09 15:46:15', '2018-08-09 15:46:15'),
	(709, 'categories', 'name', 608, 'ua', '', '2018-08-09 15:46:15', '2018-08-09 15:46:15'),
	(710, 'categories', 'name', 609, 'ua', '', '2018-08-09 15:46:16', '2018-08-09 15:46:16'),
	(711, 'categories', 'name', 610, 'ua', '', '2018-08-09 15:46:16', '2018-08-09 15:46:16'),
	(712, 'categories', 'name', 611, 'ua', '', '2018-08-09 15:46:16', '2018-08-09 15:46:16'),
	(713, 'categories', 'name', 612, 'ua', '', '2018-08-09 15:46:16', '2018-08-09 15:46:16'),
	(714, 'categories', 'name', 613, 'ua', '', '2018-08-09 15:46:16', '2018-08-09 15:46:16'),
	(715, 'categories', 'name', 614, 'ua', '', '2018-08-09 15:46:16', '2018-08-09 15:46:16'),
	(716, 'categories', 'name', 615, 'ua', '', '2018-08-09 15:46:16', '2018-08-09 15:46:16'),
	(717, 'categories', 'name', 616, 'ua', '', '2018-08-09 15:46:16', '2018-08-09 15:46:16'),
	(718, 'categories', 'name', 617, 'ua', '', '2018-08-09 15:46:16', '2018-08-09 15:46:16'),
	(719, 'categories', 'name', 618, 'ua', '', '2018-08-09 15:46:16', '2018-08-09 15:46:16'),
	(720, 'categories', 'name', 619, 'ua', '', '2018-08-09 15:46:16', '2018-08-09 15:46:16'),
	(721, 'categories', 'name', 620, 'ua', '', '2018-08-09 15:46:16', '2018-08-09 15:46:16'),
	(722, 'categories', 'name', 621, 'ua', '', '2018-08-09 15:46:16', '2018-08-09 15:46:16'),
	(723, 'categories', 'name', 622, 'ua', '', '2018-08-09 15:46:16', '2018-08-09 15:46:16'),
	(724, 'categories', 'name', 623, 'ua', '', '2018-08-09 15:46:16', '2018-08-09 15:46:16'),
	(725, 'categories', 'name', 624, 'ua', '', '2018-08-09 15:46:16', '2018-08-09 15:46:16'),
	(726, 'categories', 'name', 625, 'ua', '', '2018-08-09 15:46:16', '2018-08-09 15:46:16'),
	(727, 'categories', 'name', 626, 'ua', '', '2018-08-09 15:46:16', '2018-08-09 15:46:16'),
	(728, 'categories', 'name', 627, 'ua', '', '2018-08-09 15:46:16', '2018-08-09 15:46:16'),
	(729, 'categories', 'name', 628, 'ua', '', '2018-08-09 15:46:16', '2018-08-09 15:46:16'),
	(730, 'categories', 'name', 629, 'ua', '', '2018-08-09 15:46:16', '2018-08-09 15:46:16'),
	(731, 'categories', 'name', 630, 'ua', '', '2018-08-09 15:46:16', '2018-08-09 15:46:16'),
	(732, 'categories', 'name', 631, 'ua', '', '2018-08-09 15:46:16', '2018-08-09 15:46:16'),
	(733, 'categories', 'name', 632, 'ua', '', '2018-08-09 15:46:16', '2018-08-09 15:46:16'),
	(734, 'categories', 'name', 633, 'ua', '', '2018-08-09 15:46:16', '2018-08-09 15:46:16'),
	(735, 'categories', 'name', 634, 'ua', '', '2018-08-09 15:46:16', '2018-08-09 15:46:16'),
	(736, 'categories', 'name', 635, 'ua', '', '2018-08-09 15:46:16', '2018-08-09 15:46:16'),
	(737, 'categories', 'name', 636, 'ua', '', '2018-08-09 15:46:16', '2018-08-09 15:46:16'),
	(738, 'categories', 'name', 637, 'ua', '', '2018-08-09 15:46:16', '2018-08-09 15:46:16'),
	(739, 'categories', 'name', 638, 'ua', '', '2018-08-09 15:46:16', '2018-08-09 15:46:16'),
	(740, 'categories', 'name', 639, 'ua', '', '2018-08-09 15:46:16', '2018-08-09 15:46:16'),
	(741, 'categories', 'name', 640, 'ua', '', '2018-08-09 15:46:16', '2018-08-09 15:46:16'),
	(742, 'categories', 'name', 641, 'ua', '', '2018-08-09 15:46:16', '2018-08-09 15:46:16'),
	(743, 'categories', 'name', 642, 'ua', '', '2018-08-09 15:46:16', '2018-08-09 15:46:16'),
	(744, 'categories', 'name', 643, 'ua', '', '2018-08-09 15:46:16', '2018-08-09 15:46:16'),
	(745, 'categories', 'name', 644, 'ua', '', '2018-08-09 15:46:16', '2018-08-09 15:46:16'),
	(746, 'categories', 'name', 645, 'ua', '', '2018-08-09 15:46:16', '2018-08-09 15:46:16'),
	(747, 'categories', 'name', 646, 'ua', '', '2018-08-09 15:46:16', '2018-08-09 15:46:16'),
	(748, 'categories', 'name', 647, 'ua', '', '2018-08-09 15:46:16', '2018-08-09 15:46:16'),
	(749, 'categories', 'name', 648, 'ua', '', '2018-08-09 15:46:16', '2018-08-09 15:46:16'),
	(750, 'categories', 'name', 649, 'ua', '', '2018-08-09 15:46:16', '2018-08-09 15:46:16'),
	(751, 'categories', 'name', 650, 'ua', '', '2018-08-09 15:46:16', '2018-08-09 15:46:16'),
	(752, 'categories', 'name', 651, 'ua', '', '2018-08-09 15:46:16', '2018-08-09 15:46:16'),
	(753, 'products', 'name', 21, 'ua', '', '2018-08-09 15:46:16', '2018-08-09 15:46:16'),
	(754, 'products', 'name', 24, 'ua', '', '2018-08-09 15:51:21', '2018-08-09 15:51:21'),
	(755, 'products', 'name', 25, 'ua', '', '2018-08-09 15:51:21', '2018-08-09 15:51:21'),
	(756, 'products', 'name', 26, 'ua', '', '2018-08-09 15:51:21', '2018-08-09 15:51:21'),
	(757, 'products', 'name', 27, 'ua', '', '2018-08-09 15:51:21', '2018-08-09 15:51:21'),
	(758, 'products', 'name', 28, 'ua', '', '2018-08-09 15:51:21', '2018-08-09 15:51:21'),
	(759, 'products', 'name', 29, 'ua', '', '2018-08-09 15:51:21', '2018-08-09 15:51:21'),
	(760, 'products', 'name', 30, 'ua', '', '2018-08-09 15:51:21', '2018-08-09 15:51:21'),
	(761, 'products', 'name', 31, 'ua', '', '2018-08-09 15:51:21', '2018-08-09 15:51:21'),
	(762, 'products', 'name', 32, 'ua', '', '2018-08-09 15:51:21', '2018-08-09 15:51:21'),
	(763, 'products', 'name', 33, 'ua', '', '2018-08-09 15:51:21', '2018-08-09 15:51:21'),
	(764, 'products', 'name', 34, 'ua', '', '2018-08-09 15:51:21', '2018-08-09 15:51:21'),
	(765, 'products', 'name', 35, 'ua', '', '2018-08-09 15:51:21', '2018-08-09 15:51:21'),
	(766, 'products', 'name', 36, 'ua', '', '2018-08-09 15:51:21', '2018-08-09 15:51:21'),
	(767, 'products', 'name', 37, 'ua', '', '2018-08-09 15:51:21', '2018-08-09 15:51:21'),
	(768, 'products', 'name', 38, 'ua', '', '2018-08-09 15:51:21', '2018-08-09 15:51:21'),
	(769, 'products', 'name', 39, 'ua', '', '2018-08-09 15:51:21', '2018-08-09 15:51:21'),
	(770, 'products', 'name', 40, 'ua', '', '2018-08-09 15:51:21', '2018-08-09 15:51:21'),
	(771, 'products', 'name', 41, 'ua', '', '2018-08-09 15:51:21', '2018-08-09 15:51:21'),
	(772, 'products', 'name', 42, 'ua', '', '2018-08-09 15:51:21', '2018-08-09 15:51:21'),
	(773, 'products', 'name', 43, 'ua', '', '2018-08-09 15:51:21', '2018-08-09 15:51:21'),
	(774, 'products', 'name', 44, 'ua', '', '2018-08-09 15:51:21', '2018-08-09 15:51:21'),
	(775, 'products', 'name', 45, 'ua', '', '2018-08-09 15:51:21', '2018-08-09 15:51:21'),
	(776, 'products', 'name', 46, 'ua', '', '2018-08-09 15:51:21', '2018-08-09 15:51:21'),
	(777, 'products', 'name', 47, 'ua', '', '2018-08-09 15:51:21', '2018-08-09 15:51:21'),
	(778, 'products', 'name', 48, 'ua', '', '2018-08-09 15:51:22', '2018-08-09 15:51:22'),
	(779, 'products', 'name', 49, 'ua', '', '2018-08-09 15:51:22', '2018-08-09 15:51:22'),
	(780, 'products', 'name', 50, 'ua', '', '2018-08-09 15:51:22', '2018-08-09 15:51:22'),
	(781, 'products', 'name', 51, 'ua', '', '2018-08-09 15:51:22', '2018-08-09 15:51:22'),
	(782, 'products', 'name', 52, 'ua', '', '2018-08-09 15:51:22', '2018-08-09 15:51:22'),
	(783, 'products', 'name', 53, 'ua', '', '2018-08-09 15:51:22', '2018-08-09 15:51:22'),
	(784, 'products', 'name', 54, 'ua', '', '2018-08-09 15:51:22', '2018-08-09 15:51:22'),
	(785, 'products', 'name', 55, 'ua', '', '2018-08-09 15:51:22', '2018-08-09 15:51:22'),
	(786, 'products', 'name', 56, 'ua', '', '2018-08-09 15:51:22', '2018-08-09 15:51:22'),
	(787, 'products', 'name', 57, 'ua', '', '2018-08-09 15:51:22', '2018-08-09 15:51:22'),
	(788, 'products', 'name', 58, 'ua', '', '2018-08-09 15:51:22', '2018-08-09 15:51:22'),
	(789, 'products', 'name', 59, 'ua', '', '2018-08-09 15:51:22', '2018-08-09 15:51:22'),
	(790, 'products', 'name', 60, 'ua', '', '2018-08-09 15:51:22', '2018-08-09 15:51:22'),
	(791, 'products', 'name', 61, 'ua', '', '2018-08-09 15:51:22', '2018-08-09 15:51:22'),
	(792, 'products', 'name', 62, 'ua', '', '2018-08-09 15:51:22', '2018-08-09 15:51:22'),
	(793, 'products', 'name', 63, 'ua', '', '2018-08-09 15:51:22', '2018-08-09 15:51:22'),
	(794, 'products', 'name', 64, 'ua', '', '2018-08-09 15:51:22', '2018-08-09 15:51:22'),
	(795, 'products', 'name', 65, 'ua', '', '2018-08-09 15:51:22', '2018-08-09 15:51:22'),
	(796, 'products', 'name', 66, 'ua', '', '2018-08-09 15:51:22', '2018-08-09 15:51:22'),
	(797, 'products', 'name', 67, 'ua', '', '2018-08-09 15:51:22', '2018-08-09 15:51:22'),
	(798, 'products', 'name', 68, 'ua', '', '2018-08-09 15:51:22', '2018-08-09 15:51:22'),
	(799, 'products', 'name', 69, 'ua', '', '2018-08-09 15:51:22', '2018-08-09 15:51:22'),
	(800, 'products', 'name', 70, 'ua', '', '2018-08-09 15:51:22', '2018-08-09 15:51:22'),
	(801, 'products', 'name', 71, 'ua', '', '2018-08-09 15:51:22', '2018-08-09 15:51:22'),
	(802, 'products', 'name', 72, 'ua', '', '2018-08-09 15:51:22', '2018-08-09 15:51:22'),
	(803, 'products', 'name', 73, 'ua', '', '2018-08-09 15:51:22', '2018-08-09 15:51:22'),
	(804, 'products', 'name', 74, 'ua', '', '2018-08-09 15:51:22', '2018-08-09 15:51:22'),
	(805, 'products', 'name', 75, 'ua', '', '2018-08-09 15:51:22', '2018-08-09 15:51:22'),
	(806, 'products', 'name', 76, 'ua', '', '2018-08-09 15:51:22', '2018-08-09 15:51:22'),
	(807, 'products', 'name', 77, 'ua', '', '2018-08-09 15:51:22', '2018-08-09 15:51:22'),
	(808, 'products', 'name', 78, 'ua', '', '2018-08-09 15:51:22', '2018-08-09 15:51:22'),
	(809, 'products', 'name', 79, 'ua', '', '2018-08-09 15:51:22', '2018-08-09 15:51:22'),
	(810, 'products', 'name', 80, 'ua', '', '2018-08-09 15:51:22', '2018-08-09 15:51:22'),
	(811, 'products', 'name', 81, 'ua', '', '2018-08-09 15:51:22', '2018-08-09 15:51:22'),
	(812, 'products', 'name', 82, 'ua', '', '2018-08-09 15:51:22', '2018-08-09 15:51:22'),
	(813, 'products', 'name', 83, 'ua', '', '2018-08-09 15:51:22', '2018-08-09 15:51:22'),
	(814, 'products', 'name', 84, 'ua', '', '2018-08-09 15:51:22', '2018-08-09 15:51:22'),
	(815, 'products', 'name', 85, 'ua', '', '2018-08-09 15:51:22', '2018-08-09 15:51:22'),
	(816, 'products', 'name', 86, 'ua', '', '2018-08-09 15:51:22', '2018-08-09 15:51:22'),
	(817, 'products', 'name', 87, 'ua', '', '2018-08-09 15:51:22', '2018-08-09 15:51:22'),
	(818, 'products', 'name', 88, 'ua', '', '2018-08-09 15:51:22', '2018-08-09 15:51:22'),
	(819, 'products', 'name', 89, 'ua', '', '2018-08-09 15:51:22', '2018-08-09 15:51:22'),
	(820, 'products', 'name', 90, 'ua', '', '2018-08-09 15:51:22', '2018-08-09 15:51:22'),
	(821, 'products', 'name', 91, 'ua', '', '2018-08-09 15:51:22', '2018-08-09 15:51:22'),
	(822, 'products', 'name', 92, 'ua', '', '2018-08-09 15:51:22', '2018-08-09 15:51:22'),
	(823, 'products', 'name', 93, 'ua', '', '2018-08-09 15:51:22', '2018-08-09 15:51:22'),
	(824, 'products', 'name', 94, 'ua', '', '2018-08-09 15:51:22', '2018-08-09 15:51:22'),
	(825, 'products', 'name', 95, 'ua', '', '2018-08-09 15:51:22', '2018-08-09 15:51:22'),
	(826, 'products', 'name', 96, 'ua', '', '2018-08-09 15:51:22', '2018-08-09 15:51:22'),
	(827, 'products', 'name', 97, 'ua', '', '2018-08-09 15:51:22', '2018-08-09 15:51:22'),
	(828, 'products', 'name', 98, 'ua', '', '2018-08-09 15:51:22', '2018-08-09 15:51:22'),
	(829, 'products', 'name', 99, 'ua', '', '2018-08-09 15:51:23', '2018-08-09 15:51:23'),
	(830, 'products', 'name', 100, 'ua', '', '2018-08-09 15:51:23', '2018-08-09 15:51:23'),
	(831, 'products', 'name', 101, 'ua', '', '2018-08-09 15:51:23', '2018-08-09 15:51:23'),
	(832, 'products', 'name', 102, 'ua', '', '2018-08-09 15:51:23', '2018-08-09 15:51:23'),
	(833, 'products', 'name', 103, 'ua', '', '2018-08-09 15:51:23', '2018-08-09 15:51:23'),
	(834, 'products', 'name', 104, 'ua', '', '2018-08-09 15:51:23', '2018-08-09 15:51:23'),
	(835, 'products', 'name', 105, 'ua', '', '2018-08-09 15:51:23', '2018-08-09 15:51:23'),
	(836, 'products', 'name', 106, 'ua', '', '2018-08-09 15:51:23', '2018-08-09 15:51:23'),
	(837, 'products', 'name', 107, 'ua', '', '2018-08-09 15:51:23', '2018-08-09 15:51:23'),
	(838, 'products', 'name', 108, 'ua', '', '2018-08-09 15:51:23', '2018-08-09 15:51:23'),
	(839, 'products', 'name', 109, 'ua', '', '2018-08-09 15:51:23', '2018-08-09 15:51:23'),
	(840, 'products', 'name', 110, 'ua', '', '2018-08-09 15:51:23', '2018-08-09 15:51:23'),
	(841, 'products', 'name', 111, 'ua', '', '2018-08-09 15:51:23', '2018-08-09 15:51:23'),
	(842, 'products', 'name', 112, 'ua', '', '2018-08-09 15:51:23', '2018-08-09 15:51:23'),
	(843, 'products', 'name', 113, 'ua', '', '2018-08-09 15:51:23', '2018-08-09 15:51:23'),
	(844, 'products', 'name', 114, 'ua', '', '2018-08-09 15:51:23', '2018-08-09 15:51:23'),
	(845, 'products', 'name', 115, 'ua', '', '2018-08-09 15:51:23', '2018-08-09 15:51:23'),
	(846, 'products', 'name', 116, 'ua', '', '2018-08-09 15:51:23', '2018-08-09 15:51:23'),
	(847, 'products', 'name', 117, 'ua', '', '2018-08-09 15:51:23', '2018-08-09 15:51:23'),
	(848, 'products', 'name', 118, 'ua', '', '2018-08-09 15:51:23', '2018-08-09 15:51:23'),
	(849, 'products', 'name', 119, 'ua', '', '2018-08-09 15:51:23', '2018-08-09 15:51:23'),
	(850, 'products', 'name', 120, 'ua', '', '2018-08-09 15:51:23', '2018-08-09 15:51:23'),
	(851, 'products', 'name', 121, 'ua', '', '2018-08-09 15:51:23', '2018-08-09 15:51:23'),
	(852, 'products', 'name', 122, 'ua', '', '2018-08-09 15:51:23', '2018-08-09 15:51:23'),
	(853, 'products', 'name', 123, 'ua', '', '2018-08-09 15:51:23', '2018-08-09 15:51:23'),
	(854, 'products', 'name', 124, 'ua', '', '2018-08-09 15:51:23', '2018-08-09 15:51:23'),
	(855, 'products', 'name', 125, 'ua', '', '2018-08-09 15:51:23', '2018-08-09 15:51:23'),
	(856, 'products', 'name', 126, 'ua', '', '2018-08-09 15:51:23', '2018-08-09 15:51:23'),
	(857, 'products', 'name', 127, 'ua', '', '2018-08-09 15:51:23', '2018-08-09 15:51:23'),
	(858, 'products', 'name', 128, 'ua', '', '2018-08-09 15:51:23', '2018-08-09 15:51:23'),
	(859, 'products', 'name', 129, 'ua', '', '2018-08-09 15:51:23', '2018-08-09 15:51:23'),
	(860, 'products', 'name', 130, 'ua', '', '2018-08-09 15:51:23', '2018-08-09 15:51:23'),
	(861, 'products', 'name', 131, 'ua', '', '2018-08-09 15:51:23', '2018-08-09 15:51:23'),
	(862, 'products', 'name', 132, 'ua', '', '2018-08-09 15:51:23', '2018-08-09 15:51:23'),
	(863, 'products', 'name', 133, 'ua', '', '2018-08-09 15:51:23', '2018-08-09 15:51:23'),
	(864, 'products', 'name', 134, 'ua', '', '2018-08-09 15:51:23', '2018-08-09 15:51:23'),
	(865, 'products', 'name', 135, 'ua', '', '2018-08-09 15:51:23', '2018-08-09 15:51:23'),
	(866, 'products', 'name', 136, 'ua', '', '2018-08-09 15:51:23', '2018-08-09 15:51:23'),
	(867, 'products', 'name', 137, 'ua', '', '2018-08-09 15:51:23', '2018-08-09 15:51:23'),
	(868, 'products', 'name', 138, 'ua', '', '2018-08-09 15:51:23', '2018-08-09 15:51:23'),
	(869, 'products', 'name', 139, 'ua', '', '2018-08-09 15:51:23', '2018-08-09 15:51:23'),
	(870, 'products', 'name', 140, 'ua', '', '2018-08-09 15:51:23', '2018-08-09 15:51:23'),
	(871, 'products', 'name', 141, 'ua', '', '2018-08-09 15:51:23', '2018-08-09 15:51:23'),
	(872, 'products', 'name', 142, 'ua', '', '2018-08-09 15:51:23', '2018-08-09 15:51:23'),
	(873, 'products', 'name', 143, 'ua', '', '2018-08-09 15:51:23', '2018-08-09 15:51:23'),
	(874, 'products', 'name', 144, 'ua', '', '2018-08-09 15:51:23', '2018-08-09 15:51:23'),
	(875, 'products', 'name', 145, 'ua', '', '2018-08-09 15:51:23', '2018-08-09 15:51:23'),
	(876, 'products', 'name', 146, 'ua', '', '2018-08-09 15:51:24', '2018-08-09 15:51:24'),
	(877, 'products', 'name', 147, 'ua', '', '2018-08-09 15:51:24', '2018-08-09 15:51:24'),
	(878, 'products', 'name', 148, 'ua', '', '2018-08-09 15:51:24', '2018-08-09 15:51:24'),
	(879, 'products', 'name', 149, 'ua', '', '2018-08-09 15:51:24', '2018-08-09 15:51:24'),
	(880, 'products', 'name', 150, 'ua', '', '2018-08-09 15:51:24', '2018-08-09 15:51:24'),
	(881, 'products', 'name', 151, 'ua', '', '2018-08-09 15:51:24', '2018-08-09 15:51:24'),
	(882, 'products', 'name', 152, 'ua', '', '2018-08-09 15:51:24', '2018-08-09 15:51:24'),
	(883, 'products', 'name', 153, 'ua', '', '2018-08-09 15:51:24', '2018-08-09 15:51:24'),
	(884, 'products', 'name', 154, 'ua', '', '2018-08-09 15:51:24', '2018-08-09 15:51:24'),
	(885, 'products', 'name', 155, 'ua', '', '2018-08-09 15:51:24', '2018-08-09 15:51:24'),
	(886, 'products', 'name', 156, 'ua', '', '2018-08-09 15:51:24', '2018-08-09 15:51:24'),
	(887, 'products', 'name', 157, 'ua', '', '2018-08-09 15:51:24', '2018-08-09 15:51:24'),
	(888, 'products', 'name', 158, 'ua', '', '2018-08-09 15:51:24', '2018-08-09 15:51:24'),
	(889, 'products', 'name', 159, 'ua', '', '2018-08-09 15:51:24', '2018-08-09 15:51:24'),
	(890, 'products', 'name', 160, 'ua', '', '2018-08-09 15:51:24', '2018-08-09 15:51:24'),
	(891, 'products', 'name', 161, 'ua', '', '2018-08-09 15:51:24', '2018-08-09 15:51:24'),
	(892, 'products', 'name', 162, 'ua', '', '2018-08-09 15:51:24', '2018-08-09 15:51:24'),
	(893, 'products', 'name', 163, 'ua', '', '2018-08-09 15:51:24', '2018-08-09 15:51:24'),
	(894, 'products', 'name', 164, 'ua', '', '2018-08-09 15:51:24', '2018-08-09 15:51:24'),
	(895, 'products', 'name', 165, 'ua', '', '2018-08-09 15:51:24', '2018-08-09 15:51:24'),
	(896, 'products', 'name', 166, 'ua', '', '2018-08-09 15:51:24', '2018-08-09 15:51:24'),
	(897, 'products', 'name', 167, 'ua', '', '2018-08-09 15:51:24', '2018-08-09 15:51:24'),
	(898, 'products', 'name', 168, 'ua', '', '2018-08-09 15:51:24', '2018-08-09 15:51:24'),
	(899, 'products', 'name', 169, 'ua', '', '2018-08-09 15:51:24', '2018-08-09 15:51:24'),
	(900, 'products', 'name', 170, 'ua', '', '2018-08-09 15:51:24', '2018-08-09 15:51:24'),
	(901, 'products', 'name', 171, 'ua', '', '2018-08-09 15:51:24', '2018-08-09 15:51:24'),
	(902, 'products', 'name', 172, 'ua', '', '2018-08-09 15:51:24', '2018-08-09 15:51:24'),
	(903, 'products', 'name', 173, 'ua', '', '2018-08-09 15:51:24', '2018-08-09 15:51:24'),
	(904, 'products', 'name', 174, 'ua', '', '2018-08-09 15:51:24', '2018-08-09 15:51:24'),
	(905, 'products', 'name', 175, 'ua', '', '2018-08-09 15:51:24', '2018-08-09 15:51:24'),
	(906, 'products', 'name', 176, 'ua', '', '2018-08-09 15:51:24', '2018-08-09 15:51:24'),
	(907, 'products', 'name', 177, 'ua', '', '2018-08-09 15:51:24', '2018-08-09 15:51:24'),
	(908, 'products', 'name', 178, 'ua', '', '2018-08-09 15:51:24', '2018-08-09 15:51:24'),
	(909, 'products', 'name', 179, 'ua', '', '2018-08-09 15:51:24', '2018-08-09 15:51:24'),
	(910, 'products', 'name', 180, 'ua', '', '2018-08-09 15:51:24', '2018-08-09 15:51:24'),
	(911, 'products', 'name', 181, 'ua', '', '2018-08-09 15:51:24', '2018-08-09 15:51:24'),
	(912, 'products', 'name', 182, 'ua', '', '2018-08-09 15:51:24', '2018-08-09 15:51:24'),
	(913, 'products', 'name', 183, 'ua', '', '2018-08-09 15:51:24', '2018-08-09 15:51:24'),
	(914, 'products', 'name', 184, 'ua', '', '2018-08-09 15:51:24', '2018-08-09 15:51:24'),
	(915, 'products', 'name', 185, 'ua', '', '2018-08-09 15:51:24', '2018-08-09 15:51:24'),
	(916, 'products', 'name', 186, 'ua', '', '2018-08-09 15:51:24', '2018-08-09 15:51:24'),
	(917, 'products', 'name', 187, 'ua', '', '2018-08-09 15:51:24', '2018-08-09 15:51:24'),
	(918, 'products', 'name', 188, 'ua', '', '2018-08-09 15:51:24', '2018-08-09 15:51:24'),
	(919, 'products', 'name', 189, 'ua', '', '2018-08-09 15:51:24', '2018-08-09 15:51:24'),
	(920, 'products', 'name', 190, 'ua', '', '2018-08-09 15:51:24', '2018-08-09 15:51:24'),
	(921, 'products', 'name', 191, 'ua', '', '2018-08-09 15:51:24', '2018-08-09 15:51:24'),
	(922, 'products', 'name', 192, 'ua', '', '2018-08-09 15:51:24', '2018-08-09 15:51:24'),
	(923, 'products', 'name', 193, 'ua', '', '2018-08-09 15:51:24', '2018-08-09 15:51:24'),
	(924, 'products', 'name', 194, 'ua', '', '2018-08-09 15:51:24', '2018-08-09 15:51:24'),
	(925, 'products', 'name', 195, 'ua', '', '2018-08-09 15:51:24', '2018-08-09 15:51:24'),
	(926, 'products', 'name', 196, 'ua', '', '2018-08-09 15:51:25', '2018-08-09 15:51:25'),
	(927, 'products', 'name', 197, 'ua', '', '2018-08-09 15:51:25', '2018-08-09 15:51:25'),
	(928, 'products', 'name', 198, 'ua', '', '2018-08-09 15:51:25', '2018-08-09 15:51:25'),
	(929, 'products', 'name', 199, 'ua', '', '2018-08-09 15:51:25', '2018-08-09 15:51:25'),
	(930, 'products', 'name', 200, 'ua', '', '2018-08-09 15:51:25', '2018-08-09 15:51:25'),
	(931, 'products', 'name', 201, 'ua', '', '2018-08-09 15:51:25', '2018-08-09 15:51:25'),
	(932, 'products', 'name', 202, 'ua', '', '2018-08-09 15:51:25', '2018-08-09 15:51:25'),
	(933, 'products', 'name', 203, 'ua', '', '2018-08-09 15:51:25', '2018-08-09 15:51:25'),
	(934, 'products', 'name', 204, 'ua', '', '2018-08-09 15:51:25', '2018-08-09 15:51:25'),
	(935, 'products', 'name', 205, 'ua', '', '2018-08-09 15:51:25', '2018-08-09 15:51:25'),
	(936, 'products', 'name', 206, 'ua', '', '2018-08-09 15:51:25', '2018-08-09 15:51:25'),
	(937, 'products', 'name', 207, 'ua', '', '2018-08-09 15:51:25', '2018-08-09 15:51:25'),
	(938, 'products', 'name', 208, 'ua', '', '2018-08-09 15:51:25', '2018-08-09 15:51:25'),
	(939, 'products', 'name', 209, 'ua', '', '2018-08-09 15:51:25', '2018-08-09 15:51:25'),
	(940, 'products', 'name', 210, 'ua', '', '2018-08-09 15:51:25', '2018-08-09 15:51:25'),
	(941, 'products', 'name', 211, 'ua', '', '2018-08-09 15:51:25', '2018-08-09 15:51:25'),
	(942, 'products', 'name', 212, 'ua', '', '2018-08-09 15:51:25', '2018-08-09 15:51:25'),
	(943, 'products', 'name', 213, 'ua', '', '2018-08-09 15:51:25', '2018-08-09 15:51:25'),
	(944, 'products', 'name', 214, 'ua', '', '2018-08-09 15:51:25', '2018-08-09 15:51:25'),
	(945, 'products', 'name', 216, 'ua', '', '2018-08-09 15:51:25', '2018-08-09 15:51:25'),
	(946, 'products', 'name', 217, 'ua', '', '2018-08-09 15:51:25', '2018-08-09 15:51:25'),
	(947, 'products', 'name', 218, 'ua', '', '2018-08-09 15:51:25', '2018-08-09 15:51:25'),
	(948, 'products', 'name', 220, 'ua', '', '2018-08-09 15:51:25', '2018-08-09 15:51:25'),
	(949, 'products', 'name', 221, 'ua', '', '2018-08-09 15:51:25', '2018-08-09 15:51:25'),
	(950, 'products', 'name', 222, 'ua', '', '2018-08-09 15:51:25', '2018-08-09 15:51:25'),
	(951, 'products', 'name', 652, 'ua', '', '2018-08-09 15:51:25', '2018-08-09 15:51:25'),
	(952, 'products', 'name', 653, 'ua', '', '2018-08-09 15:51:25', '2018-08-09 15:51:25'),
	(953, 'products', 'name', 654, 'ua', '', '2018-08-09 15:51:25', '2018-08-09 15:51:25'),
	(954, 'products', 'name', 655, 'ua', '', '2018-08-09 15:51:25', '2018-08-09 15:51:25'),
	(955, 'products', 'name', 656, 'ua', '', '2018-08-09 15:51:25', '2018-08-09 15:51:25'),
	(956, 'products', 'name', 657, 'ua', '', '2018-08-09 15:51:25', '2018-08-09 15:51:25'),
	(957, 'products', 'name', 658, 'ua', '', '2018-08-09 15:51:25', '2018-08-09 15:51:25'),
	(958, 'products', 'name', 659, 'ua', '', '2018-08-09 15:51:25', '2018-08-09 15:51:25'),
	(959, 'products', 'name', 660, 'ua', '', '2018-08-09 15:51:25', '2018-08-09 15:51:25'),
	(960, 'products', 'name', 661, 'ua', '', '2018-08-09 15:51:25', '2018-08-09 15:51:25'),
	(961, 'products', 'name', 662, 'ua', '', '2018-08-09 15:51:25', '2018-08-09 15:51:25'),
	(962, 'products', 'name', 663, 'ua', '', '2018-08-09 15:51:25', '2018-08-09 15:51:25'),
	(963, 'products', 'name', 664, 'ua', '', '2018-08-09 15:51:25', '2018-08-09 15:51:25'),
	(964, 'products', 'name', 665, 'ua', '', '2018-08-09 15:51:25', '2018-08-09 15:51:25'),
	(965, 'products', 'name', 666, 'ua', '', '2018-08-09 15:51:25', '2018-08-09 15:51:25'),
	(966, 'products', 'name', 667, 'ua', '', '2018-08-09 15:51:25', '2018-08-09 15:51:25'),
	(967, 'products', 'name', 668, 'ua', '', '2018-08-09 15:51:25', '2018-08-09 15:51:25'),
	(968, 'products', 'name', 669, 'ua', '', '2018-08-09 15:51:25', '2018-08-09 15:51:25'),
	(969, 'products', 'name', 670, 'ua', '', '2018-08-09 15:51:25', '2018-08-09 15:51:25'),
	(970, 'products', 'name', 671, 'ua', '', '2018-08-09 15:51:25', '2018-08-09 15:51:25'),
	(971, 'products', 'name', 672, 'ua', '', '2018-08-09 15:51:25', '2018-08-09 15:51:25'),
	(972, 'products', 'name', 673, 'ua', '', '2018-08-09 15:51:25', '2018-08-09 15:51:25'),
	(973, 'products', 'name', 674, 'ua', '', '2018-08-09 15:51:25', '2018-08-09 15:51:25'),
	(974, 'products', 'name', 675, 'ua', '', '2018-08-09 15:51:25', '2018-08-09 15:51:25'),
	(975, 'products', 'name', 676, 'ua', '', '2018-08-09 15:51:25', '2018-08-09 15:51:25'),
	(976, 'products', 'name', 677, 'ua', '', '2018-08-09 15:51:26', '2018-08-09 15:51:26'),
	(977, 'products', 'name', 678, 'ua', '', '2018-08-09 15:51:26', '2018-08-09 15:51:26'),
	(978, 'products', 'name', 679, 'ua', '', '2018-08-09 15:51:26', '2018-08-09 15:51:26'),
	(979, 'products', 'name', 680, 'ua', '', '2018-08-09 15:51:26', '2018-08-09 15:51:26'),
	(980, 'products', 'name', 681, 'ua', '', '2018-08-09 15:51:26', '2018-08-09 15:51:26'),
	(981, 'products', 'name', 682, 'ua', '', '2018-08-09 15:51:26', '2018-08-09 15:51:26'),
	(982, 'products', 'name', 683, 'ua', '', '2018-08-09 15:51:26', '2018-08-09 15:51:26'),
	(983, 'products', 'name', 684, 'ua', '', '2018-08-09 15:51:26', '2018-08-09 15:51:26'),
	(984, 'products', 'name', 685, 'ua', '', '2018-08-09 15:51:26', '2018-08-09 15:51:26'),
	(985, 'products', 'name', 686, 'ua', '', '2018-08-09 15:51:26', '2018-08-09 15:51:26'),
	(986, 'products', 'name', 687, 'ua', '', '2018-08-09 15:51:26', '2018-08-09 15:51:26'),
	(987, 'products', 'name', 688, 'ua', '', '2018-08-09 15:51:26', '2018-08-09 15:51:26'),
	(988, 'products', 'name', 689, 'ua', '', '2018-08-09 15:51:26', '2018-08-09 15:51:26'),
	(989, 'products', 'name', 690, 'ua', '', '2018-08-09 15:51:26', '2018-08-09 15:51:26'),
	(990, 'products', 'name', 691, 'ua', '', '2018-08-09 15:51:26', '2018-08-09 15:51:26'),
	(991, 'products', 'name', 692, 'ua', '', '2018-08-09 15:51:26', '2018-08-09 15:51:26'),
	(992, 'products', 'name', 693, 'ua', '', '2018-08-09 15:51:26', '2018-08-09 15:51:26'),
	(993, 'products', 'name', 694, 'ua', '', '2018-08-09 15:51:26', '2018-08-09 15:51:26'),
	(994, 'products', 'name', 695, 'ua', '', '2018-08-09 15:51:26', '2018-08-09 15:51:26'),
	(995, 'products', 'name', 696, 'ua', '', '2018-08-09 15:51:26', '2018-08-09 15:51:26'),
	(996, 'products', 'name', 697, 'ua', '', '2018-08-09 15:51:26', '2018-08-09 15:51:26'),
	(997, 'products', 'name', 698, 'ua', '', '2018-08-09 15:51:26', '2018-08-09 15:51:26'),
	(998, 'products', 'name', 699, 'ua', '', '2018-08-09 15:51:26', '2018-08-09 15:51:26'),
	(999, 'products', 'name', 700, 'ua', '', '2018-08-09 15:51:26', '2018-08-09 15:51:26'),
	(1000, 'products', 'name', 701, 'ua', '', '2018-08-09 15:51:26', '2018-08-09 15:51:26'),
	(1001, 'products', 'name', 702, 'ua', '', '2018-08-09 15:51:26', '2018-08-09 15:51:26'),
	(1002, 'products', 'name', 703, 'ua', '', '2018-08-09 15:51:26', '2018-08-09 15:51:26'),
	(1003, 'products', 'name', 704, 'ua', '', '2018-08-09 15:51:26', '2018-08-09 15:51:26'),
	(1004, 'products', 'name', 705, 'ua', '', '2018-08-09 15:51:26', '2018-08-09 15:51:26'),
	(1005, 'products', 'name', 706, 'ua', '', '2018-08-09 15:51:26', '2018-08-09 15:51:26'),
	(1006, 'products', 'name', 707, 'ua', '', '2018-08-09 15:51:26', '2018-08-09 15:51:26'),
	(1007, 'products', 'name', 708, 'ua', '', '2018-08-09 15:51:26', '2018-08-09 15:51:26'),
	(1008, 'products', 'name', 709, 'ua', '', '2018-08-09 15:51:26', '2018-08-09 15:51:26'),
	(1009, 'products', 'name', 710, 'ua', '', '2018-08-09 15:51:26', '2018-08-09 15:51:26'),
	(1010, 'products', 'name', 711, 'ua', '', '2018-08-09 15:51:26', '2018-08-09 15:51:26'),
	(1011, 'products', 'name', 712, 'ua', '', '2018-08-09 15:51:26', '2018-08-09 15:51:26'),
	(1012, 'products', 'name', 713, 'ua', '', '2018-08-09 15:51:26', '2018-08-09 15:51:26'),
	(1013, 'products', 'name', 714, 'ua', '', '2018-08-09 15:51:26', '2018-08-09 15:51:26'),
	(1014, 'products', 'name', 715, 'ua', '', '2018-08-09 15:51:26', '2018-08-09 15:51:26'),
	(1015, 'products', 'name', 716, 'ua', '', '2018-08-09 15:51:26', '2018-08-09 15:51:26'),
	(1016, 'products', 'name', 717, 'ua', '', '2018-08-09 15:51:26', '2018-08-09 15:51:26'),
	(1017, 'products', 'name', 718, 'ua', '', '2018-08-09 15:51:26', '2018-08-09 15:51:26'),
	(1018, 'products', 'name', 719, 'ua', '', '2018-08-09 15:51:26', '2018-08-09 15:51:26'),
	(1019, 'products', 'name', 720, 'ua', '', '2018-08-09 15:51:26', '2018-08-09 15:51:26'),
	(1020, 'products', 'name', 721, 'ua', '', '2018-08-09 15:51:26', '2018-08-09 15:51:26'),
	(1021, 'products', 'name', 722, 'ua', '', '2018-08-09 15:51:26', '2018-08-09 15:51:26'),
	(1022, 'products', 'name', 723, 'ua', '', '2018-08-09 15:51:26', '2018-08-09 15:51:26'),
	(1023, 'products', 'name', 724, 'ua', '', '2018-08-09 15:51:26', '2018-08-09 15:51:26'),
	(1024, 'products', 'name', 725, 'ua', '', '2018-08-09 15:51:26', '2018-08-09 15:51:26'),
	(1025, 'products', 'name', 726, 'ua', '', '2018-08-09 15:51:26', '2018-08-09 15:51:26'),
	(1026, 'products', 'name', 727, 'ua', '', '2018-08-09 15:51:26', '2018-08-09 15:51:26'),
	(1027, 'products', 'name', 728, 'ua', '', '2018-08-09 15:51:26', '2018-08-09 15:51:26'),
	(1028, 'products', 'name', 729, 'ua', '', '2018-08-09 15:51:26', '2018-08-09 15:51:26'),
	(1029, 'products', 'name', 730, 'ua', '', '2018-08-09 15:51:26', '2018-08-09 15:51:26'),
	(1030, 'products', 'name', 731, 'ua', '', '2018-08-09 15:51:26', '2018-08-09 15:51:26'),
	(1031, 'products', 'name', 732, 'ua', '', '2018-08-09 15:51:27', '2018-08-09 15:51:27'),
	(1032, 'products', 'name', 733, 'ua', '', '2018-08-09 15:51:27', '2018-08-09 15:51:27'),
	(1033, 'products', 'name', 734, 'ua', '', '2018-08-09 15:51:27', '2018-08-09 15:51:27'),
	(1034, 'products', 'name', 735, 'ua', '', '2018-08-09 15:51:27', '2018-08-09 15:51:27'),
	(1035, 'products', 'name', 736, 'ua', '', '2018-08-09 15:51:27', '2018-08-09 15:51:27'),
	(1036, 'products', 'name', 737, 'ua', '', '2018-08-09 15:51:27', '2018-08-09 15:51:27'),
	(1037, 'products', 'name', 738, 'ua', '', '2018-08-09 15:51:27', '2018-08-09 15:51:27'),
	(1038, 'products', 'name', 739, 'ua', '', '2018-08-09 15:51:27', '2018-08-09 15:51:27'),
	(1039, 'products', 'name', 740, 'ua', '', '2018-08-09 15:51:27', '2018-08-09 15:51:27'),
	(1040, 'products', 'name', 741, 'ua', '', '2018-08-09 15:51:27', '2018-08-09 15:51:27'),
	(1041, 'products', 'name', 742, 'ua', '', '2018-08-09 15:51:27', '2018-08-09 15:51:27'),
	(1042, 'products', 'name', 743, 'ua', '', '2018-08-09 15:51:27', '2018-08-09 15:51:27'),
	(1043, 'products', 'name', 744, 'ua', '', '2018-08-09 15:51:27', '2018-08-09 15:51:27'),
	(1044, 'products', 'name', 745, 'ua', '', '2018-08-09 15:51:27', '2018-08-09 15:51:27'),
	(1045, 'products', 'name', 746, 'ua', '', '2018-08-09 15:51:27', '2018-08-09 15:51:27'),
	(1046, 'products', 'name', 747, 'ua', '', '2018-08-09 15:51:27', '2018-08-09 15:51:27'),
	(1047, 'products', 'name', 748, 'ua', '', '2018-08-09 15:51:27', '2018-08-09 15:51:27'),
	(1048, 'products', 'name', 749, 'ua', '', '2018-08-09 15:51:27', '2018-08-09 15:51:27'),
	(1049, 'products', 'name', 750, 'ua', '', '2018-08-09 15:51:27', '2018-08-09 15:51:27'),
	(1050, 'products', 'name', 751, 'ua', '', '2018-08-09 15:51:27', '2018-08-09 15:51:27'),
	(1051, 'products', 'name', 752, 'ua', '', '2018-08-09 15:51:27', '2018-08-09 15:51:27'),
	(1052, 'products', 'name', 753, 'ua', '', '2018-08-09 15:51:27', '2018-08-09 15:51:27'),
	(1053, 'products', 'name', 754, 'ua', '', '2018-08-09 15:51:27', '2018-08-09 15:51:27'),
	(1054, 'products', 'name', 755, 'ua', '', '2018-08-09 15:51:27', '2018-08-09 15:51:27'),
	(1055, 'products', 'name', 756, 'ua', '', '2018-08-09 15:51:27', '2018-08-09 15:51:27'),
	(1056, 'products', 'name', 757, 'ua', '', '2018-08-09 15:51:27', '2018-08-09 15:51:27'),
	(1057, 'products', 'name', 758, 'ua', '', '2018-08-09 15:51:27', '2018-08-09 15:51:27'),
	(1058, 'products', 'name', 759, 'ua', '', '2018-08-09 15:51:27', '2018-08-09 15:51:27'),
	(1059, 'products', 'name', 760, 'ua', '', '2018-08-09 15:51:27', '2018-08-09 15:51:27'),
	(1060, 'products', 'name', 761, 'ua', '', '2018-08-09 15:51:27', '2018-08-09 15:51:27'),
	(1061, 'products', 'name', 762, 'ua', '', '2018-08-09 15:51:27', '2018-08-09 15:51:27'),
	(1062, 'products', 'name', 763, 'ua', '', '2018-08-09 15:51:27', '2018-08-09 15:51:27'),
	(1063, 'products', 'name', 764, 'ua', '', '2018-08-09 15:51:27', '2018-08-09 15:51:27'),
	(1064, 'products', 'name', 765, 'ua', '', '2018-08-09 15:51:27', '2018-08-09 15:51:27'),
	(1065, 'products', 'name', 766, 'ua', '', '2018-08-09 15:51:27', '2018-08-09 15:51:27'),
	(1066, 'products', 'name', 767, 'ua', '', '2018-08-09 15:51:27', '2018-08-09 15:51:27'),
	(1067, 'products', 'name', 768, 'ua', '', '2018-08-09 15:51:27', '2018-08-09 15:51:27'),
	(1068, 'products', 'name', 769, 'ua', '', '2018-08-09 15:51:27', '2018-08-09 15:51:27'),
	(1069, 'products', 'name', 770, 'ua', '', '2018-08-09 15:51:27', '2018-08-09 15:51:27'),
	(1070, 'products', 'name', 771, 'ua', '', '2018-08-09 15:51:27', '2018-08-09 15:51:27'),
	(1071, 'products', 'name', 772, 'ua', '', '2018-08-09 15:51:27', '2018-08-09 15:51:27'),
	(1072, 'products', 'name', 773, 'ua', '', '2018-08-09 15:51:27', '2018-08-09 15:51:27'),
	(1073, 'products', 'name', 774, 'ua', '', '2018-08-09 15:51:27', '2018-08-09 15:51:27'),
	(1074, 'products', 'name', 775, 'ua', '', '2018-08-09 15:51:27', '2018-08-09 15:51:27'),
	(1075, 'products', 'name', 776, 'ua', '', '2018-08-09 15:51:27', '2018-08-09 15:51:27'),
	(1076, 'products', 'name', 777, 'ua', '', '2018-08-09 15:51:27', '2018-08-09 15:51:27'),
	(1077, 'products', 'name', 778, 'ua', '', '2018-08-09 15:51:27', '2018-08-09 15:51:27'),
	(1078, 'products', 'name', 779, 'ua', '', '2018-08-09 15:51:27', '2018-08-09 15:51:27'),
	(1079, 'products', 'name', 780, 'ua', '', '2018-08-09 15:51:27', '2018-08-09 15:51:27'),
	(1080, 'products', 'name', 781, 'ua', '', '2018-08-09 15:51:27', '2018-08-09 15:51:27'),
	(1081, 'products', 'name', 782, 'ua', '', '2018-08-09 15:51:27', '2018-08-09 15:51:27'),
	(1082, 'products', 'name', 783, 'ua', '', '2018-08-09 15:51:27', '2018-08-09 15:51:27'),
	(1083, 'products', 'name', 784, 'ua', '', '2018-08-09 15:51:28', '2018-08-09 15:51:28'),
	(1084, 'products', 'name', 785, 'ua', '', '2018-08-09 15:51:28', '2018-08-09 15:51:28'),
	(1085, 'products', 'name', 786, 'ua', '', '2018-08-09 15:51:28', '2018-08-09 15:51:28'),
	(1086, 'products', 'name', 787, 'ua', '', '2018-08-09 15:51:28', '2018-08-09 15:51:28'),
	(1087, 'products', 'name', 788, 'ua', '', '2018-08-09 15:51:28', '2018-08-09 15:51:28'),
	(1088, 'products', 'name', 789, 'ua', '', '2018-08-09 15:51:28', '2018-08-09 15:51:28'),
	(1089, 'products', 'name', 790, 'ua', '', '2018-08-09 15:51:28', '2018-08-09 15:51:28'),
	(1090, 'products', 'name', 791, 'ua', '', '2018-08-09 15:51:28', '2018-08-09 15:51:28'),
	(1091, 'products', 'name', 792, 'ua', '', '2018-08-09 15:51:28', '2018-08-09 15:51:28'),
	(1092, 'products', 'name', 793, 'ua', '', '2018-08-09 15:51:28', '2018-08-09 15:51:28'),
	(1093, 'products', 'name', 794, 'ua', '', '2018-08-09 15:51:28', '2018-08-09 15:51:28'),
	(1094, 'products', 'name', 795, 'ua', '', '2018-08-09 15:51:28', '2018-08-09 15:51:28'),
	(1095, 'products', 'name', 796, 'ua', '', '2018-08-09 15:51:28', '2018-08-09 15:51:28'),
	(1096, 'products', 'name', 797, 'ua', '', '2018-08-09 15:51:28', '2018-08-09 15:51:28'),
	(1097, 'products', 'name', 798, 'ua', '', '2018-08-09 15:51:28', '2018-08-09 15:51:28'),
	(1098, 'products', 'name', 799, 'ua', '', '2018-08-09 15:51:28', '2018-08-09 15:51:28'),
	(1099, 'products', 'name', 800, 'ua', '', '2018-08-09 15:51:28', '2018-08-09 15:51:28'),
	(1100, 'products', 'name', 801, 'ua', '', '2018-08-09 15:51:28', '2018-08-09 15:51:28'),
	(1101, 'products', 'name', 802, 'ua', '', '2018-08-09 15:51:28', '2018-08-09 15:51:28'),
	(1102, 'products', 'name', 803, 'ua', '', '2018-08-09 15:51:28', '2018-08-09 15:51:28'),
	(1103, 'products', 'name', 804, 'ua', '', '2018-08-09 15:51:28', '2018-08-09 15:51:28'),
	(1104, 'products', 'name', 805, 'ua', '', '2018-08-09 15:51:28', '2018-08-09 15:51:28'),
	(1105, 'products', 'name', 806, 'ua', '', '2018-08-09 15:51:28', '2018-08-09 15:51:28'),
	(1106, 'products', 'name', 807, 'ua', '', '2018-08-09 15:51:28', '2018-08-09 15:51:28'),
	(1107, 'products', 'name', 808, 'ua', '', '2018-08-09 15:51:28', '2018-08-09 15:51:28'),
	(1108, 'products', 'name', 809, 'ua', '', '2018-08-09 15:51:28', '2018-08-09 15:51:28'),
	(1109, 'products', 'name', 810, 'ua', '', '2018-08-09 15:51:28', '2018-08-09 15:51:28'),
	(1110, 'products', 'name', 811, 'ua', '', '2018-08-09 15:51:28', '2018-08-09 15:51:28'),
	(1111, 'products', 'name', 812, 'ua', '', '2018-08-09 15:51:28', '2018-08-09 15:51:28'),
	(1112, 'products', 'name', 813, 'ua', '', '2018-08-09 15:51:28', '2018-08-09 15:51:28'),
	(1113, 'products', 'name', 814, 'ua', '', '2018-08-09 15:51:28', '2018-08-09 15:51:28'),
	(1114, 'products', 'name', 815, 'ua', '', '2018-08-09 15:51:28', '2018-08-09 15:51:28'),
	(1115, 'products', 'name', 816, 'ua', '', '2018-08-09 15:51:28', '2018-08-09 15:51:28'),
	(1116, 'products', 'name', 817, 'ua', '', '2018-08-09 15:51:28', '2018-08-09 15:51:28'),
	(1117, 'products', 'name', 818, 'ua', '', '2018-08-09 15:51:28', '2018-08-09 15:51:28'),
	(1118, 'products', 'name', 819, 'ua', '', '2018-08-09 15:51:28', '2018-08-09 15:51:28'),
	(1119, 'products', 'name', 820, 'ua', '', '2018-08-09 15:51:28', '2018-08-09 15:51:28'),
	(1120, 'products', 'name', 821, 'ua', '', '2018-08-09 15:51:28', '2018-08-09 15:51:28'),
	(1121, 'products', 'name', 822, 'ua', '', '2018-08-09 15:51:28', '2018-08-09 15:51:28'),
	(1122, 'products', 'name', 823, 'ua', '', '2018-08-09 15:51:28', '2018-08-09 15:51:28'),
	(1123, 'products', 'name', 824, 'ua', '', '2018-08-09 15:51:28', '2018-08-09 15:51:28'),
	(1124, 'products', 'name', 825, 'ua', '', '2018-08-09 15:51:28', '2018-08-09 15:51:28'),
	(1125, 'products', 'name', 826, 'ua', '', '2018-08-09 15:51:28', '2018-08-09 15:51:28'),
	(1126, 'products', 'name', 827, 'ua', '', '2018-08-09 15:51:28', '2018-08-09 15:51:28'),
	(1127, 'products', 'name', 828, 'ua', '', '2018-08-09 15:51:28', '2018-08-09 15:51:28'),
	(1128, 'products', 'name', 829, 'ua', '', '2018-08-09 15:51:28', '2018-08-09 15:51:28'),
	(1129, 'products', 'name', 830, 'ua', '', '2018-08-09 15:51:28', '2018-08-09 15:51:28'),
	(1130, 'products', 'name', 831, 'ua', '', '2018-08-09 15:51:28', '2018-08-09 15:51:28'),
	(1131, 'products', 'name', 832, 'ua', '', '2018-08-09 15:51:28', '2018-08-09 15:51:28'),
	(1132, 'products', 'name', 833, 'ua', '', '2018-08-09 15:51:28', '2018-08-09 15:51:28'),
	(1133, 'products', 'name', 834, 'ua', '', '2018-08-09 15:51:28', '2018-08-09 15:51:28'),
	(1134, 'products', 'name', 835, 'ua', '', '2018-08-09 15:51:28', '2018-08-09 15:51:28'),
	(1135, 'products', 'name', 836, 'ua', '', '2018-08-09 15:51:28', '2018-08-09 15:51:28'),
	(1136, 'products', 'name', 837, 'ua', '', '2018-08-09 15:51:28', '2018-08-09 15:51:28'),
	(1137, 'products', 'name', 838, 'ua', '', '2018-08-09 15:51:28', '2018-08-09 15:51:28'),
	(1138, 'products', 'name', 839, 'ua', '', '2018-08-09 15:51:28', '2018-08-09 15:51:28'),
	(1139, 'products', 'name', 840, 'ua', '', '2018-08-09 15:51:28', '2018-08-09 15:51:28'),
	(1140, 'products', 'name', 841, 'ua', '', '2018-08-09 15:51:29', '2018-08-09 15:51:29'),
	(1141, 'products', 'name', 842, 'ua', '', '2018-08-09 15:51:29', '2018-08-09 15:51:29'),
	(1142, 'products', 'name', 843, 'ua', '', '2018-08-09 15:51:29', '2018-08-09 15:51:29'),
	(1143, 'products', 'name', 844, 'ua', '', '2018-08-09 15:51:29', '2018-08-09 15:51:29'),
	(1144, 'products', 'name', 845, 'ua', '', '2018-08-09 15:51:29', '2018-08-09 15:51:29'),
	(1145, 'products', 'name', 846, 'ua', '', '2018-08-09 15:51:29', '2018-08-09 15:51:29'),
	(1146, 'products', 'name', 847, 'ua', '', '2018-08-09 15:51:29', '2018-08-09 15:51:29'),
	(1147, 'products', 'name', 848, 'ua', '', '2018-08-09 15:51:29', '2018-08-09 15:51:29'),
	(1148, 'products', 'name', 849, 'ua', '', '2018-08-09 15:51:29', '2018-08-09 15:51:29'),
	(1149, 'products', 'name', 850, 'ua', '', '2018-08-09 15:51:29', '2018-08-09 15:51:29'),
	(1150, 'products', 'name', 851, 'ua', '', '2018-08-09 15:51:29', '2018-08-09 15:51:29'),
	(1151, 'products', 'name', 852, 'ua', '', '2018-08-09 15:51:29', '2018-08-09 15:51:29'),
	(1152, 'products', 'name', 853, 'ua', '', '2018-08-09 15:51:29', '2018-08-09 15:51:29'),
	(1153, 'products', 'name', 854, 'ua', '', '2018-08-09 15:51:29', '2018-08-09 15:51:29'),
	(1154, 'products', 'name', 855, 'ua', '', '2018-08-09 15:51:29', '2018-08-09 15:51:29'),
	(1155, 'products', 'name', 856, 'ua', '', '2018-08-09 15:51:29', '2018-08-09 15:51:29'),
	(1156, 'products', 'name', 857, 'ua', '', '2018-08-09 15:51:29', '2018-08-09 15:51:29'),
	(1157, 'products', 'name', 858, 'ua', '', '2018-08-09 15:51:29', '2018-08-09 15:51:29'),
	(1158, 'products', 'name', 859, 'ua', '', '2018-08-09 15:51:29', '2018-08-09 15:51:29'),
	(1159, 'products', 'name', 860, 'ua', '', '2018-08-09 15:51:29', '2018-08-09 15:51:29'),
	(1160, 'products', 'name', 861, 'ua', '', '2018-08-09 15:51:29', '2018-08-09 15:51:29'),
	(1161, 'products', 'name', 862, 'ua', '', '2018-08-09 15:51:29', '2018-08-09 15:51:29'),
	(1162, 'products', 'name', 863, 'ua', '', '2018-08-09 15:51:29', '2018-08-09 15:51:29'),
	(1163, 'products', 'name', 864, 'ua', '', '2018-08-09 15:51:29', '2018-08-09 15:51:29'),
	(1164, 'products', 'name', 865, 'ua', '', '2018-08-09 15:51:29', '2018-08-09 15:51:29'),
	(1165, 'products', 'name', 866, 'ua', '', '2018-08-09 15:51:29', '2018-08-09 15:51:29'),
	(1166, 'products', 'name', 867, 'ua', '', '2018-08-09 15:51:29', '2018-08-09 15:51:29'),
	(1167, 'products', 'name', 868, 'ua', '', '2018-08-09 15:51:29', '2018-08-09 15:51:29'),
	(1168, 'products', 'name', 869, 'ua', '', '2018-08-09 15:51:29', '2018-08-09 15:51:29'),
	(1169, 'products', 'name', 870, 'ua', '', '2018-08-09 15:51:29', '2018-08-09 15:51:29'),
	(1170, 'products', 'name', 871, 'ua', '', '2018-08-09 15:51:29', '2018-08-09 15:51:29'),
	(1171, 'products', 'name', 872, 'ua', '', '2018-08-09 15:51:29', '2018-08-09 15:51:29'),
	(1172, 'products', 'name', 873, 'ua', '', '2018-08-09 15:51:29', '2018-08-09 15:51:29'),
	(1173, 'products', 'name', 874, 'ua', '', '2018-08-09 15:51:29', '2018-08-09 15:51:29'),
	(1174, 'products', 'name', 875, 'ua', '', '2018-08-09 15:51:29', '2018-08-09 15:51:29'),
	(1175, 'products', 'name', 876, 'ua', '', '2018-08-09 15:51:29', '2018-08-09 15:51:29'),
	(1176, 'products', 'name', 877, 'ua', '', '2018-08-09 15:51:29', '2018-08-09 15:51:29'),
	(1177, 'products', 'name', 878, 'ua', '', '2018-08-09 15:51:29', '2018-08-09 15:51:29'),
	(1178, 'products', 'name', 879, 'ua', '', '2018-08-09 15:51:29', '2018-08-09 15:51:29'),
	(1179, 'products', 'name', 880, 'ua', '', '2018-08-09 15:51:29', '2018-08-09 15:51:29'),
	(1180, 'products', 'name', 881, 'ua', '', '2018-08-09 15:51:29', '2018-08-09 15:51:29'),
	(1181, 'products', 'name', 882, 'ua', '', '2018-08-09 15:51:29', '2018-08-09 15:51:29'),
	(1182, 'products', 'name', 883, 'ua', '', '2018-08-09 15:51:29', '2018-08-09 15:51:29'),
	(1183, 'products', 'name', 884, 'ua', '', '2018-08-09 15:51:29', '2018-08-09 15:51:29'),
	(1184, 'products', 'name', 885, 'ua', '', '2018-08-09 15:51:29', '2018-08-09 15:51:29'),
	(1185, 'products', 'name', 886, 'ua', '', '2018-08-09 15:51:29', '2018-08-09 15:51:29'),
	(1186, 'products', 'name', 887, 'ua', '', '2018-08-09 15:51:29', '2018-08-09 15:51:29'),
	(1187, 'products', 'name', 888, 'ua', '', '2018-08-09 15:51:29', '2018-08-09 15:51:29'),
	(1188, 'products', 'name', 889, 'ua', '', '2018-08-09 15:51:29', '2018-08-09 15:51:29'),
	(1189, 'products', 'name', 890, 'ua', '', '2018-08-09 15:51:29', '2018-08-09 15:51:29'),
	(1190, 'products', 'name', 891, 'ua', '', '2018-08-09 15:51:29', '2018-08-09 15:51:29'),
	(1191, 'products', 'name', 892, 'ua', '', '2018-08-09 15:51:30', '2018-08-09 15:51:30'),
	(1192, 'products', 'name', 893, 'ua', '', '2018-08-09 15:51:30', '2018-08-09 15:51:30'),
	(1193, 'products', 'name', 894, 'ua', '', '2018-08-09 15:51:30', '2018-08-09 15:51:30'),
	(1194, 'products', 'name', 895, 'ua', '', '2018-08-09 15:51:30', '2018-08-09 15:51:30'),
	(1195, 'products', 'name', 896, 'ua', '', '2018-08-09 15:51:30', '2018-08-09 15:51:30'),
	(1196, 'products', 'name', 897, 'ua', '', '2018-08-09 15:51:30', '2018-08-09 15:51:30'),
	(1197, 'products', 'name', 898, 'ua', '', '2018-08-09 15:51:30', '2018-08-09 15:51:30'),
	(1198, 'products', 'name', 899, 'ua', '', '2018-08-09 15:51:30', '2018-08-09 15:51:30'),
	(1199, 'products', 'name', 900, 'ua', '', '2018-08-09 15:51:30', '2018-08-09 15:51:30'),
	(1200, 'products', 'name', 901, 'ua', '', '2018-08-09 15:51:30', '2018-08-09 15:51:30'),
	(1201, 'products', 'name', 902, 'ua', '', '2018-08-09 15:51:30', '2018-08-09 15:51:30'),
	(1202, 'products', 'name', 903, 'ua', '', '2018-08-09 15:51:30', '2018-08-09 15:51:30'),
	(1203, 'products', 'name', 904, 'ua', '', '2018-08-09 15:51:30', '2018-08-09 15:51:30'),
	(1204, 'products', 'name', 905, 'ua', '', '2018-08-09 15:51:30', '2018-08-09 15:51:30'),
	(1205, 'products', 'name', 906, 'ua', '', '2018-08-09 15:51:30', '2018-08-09 15:51:30'),
	(1206, 'products', 'name', 907, 'ua', '', '2018-08-09 15:51:30', '2018-08-09 15:51:30'),
	(1207, 'products', 'name', 908, 'ua', '', '2018-08-09 15:51:30', '2018-08-09 15:51:30'),
	(1208, 'products', 'name', 909, 'ua', '', '2018-08-09 15:51:30', '2018-08-09 15:51:30'),
	(1209, 'products', 'name', 910, 'ua', '', '2018-08-09 15:51:30', '2018-08-09 15:51:30'),
	(1210, 'products', 'name', 911, 'ua', '', '2018-08-09 15:51:30', '2018-08-09 15:51:30'),
	(1211, 'products', 'name', 912, 'ua', '', '2018-08-09 15:51:30', '2018-08-09 15:51:30'),
	(1212, 'products', 'name', 913, 'ua', '', '2018-08-09 15:51:30', '2018-08-09 15:51:30'),
	(1213, 'products', 'name', 914, 'ua', '', '2018-08-09 15:51:30', '2018-08-09 15:51:30'),
	(1214, 'products', 'name', 915, 'ua', '', '2018-08-09 15:51:30', '2018-08-09 15:51:30'),
	(1215, 'products', 'name', 916, 'ua', '', '2018-08-09 15:51:30', '2018-08-09 15:51:30'),
	(1216, 'products', 'name', 917, 'ua', '', '2018-08-09 15:51:30', '2018-08-09 15:51:30'),
	(1217, 'products', 'name', 918, 'ua', '', '2018-08-09 15:51:30', '2018-08-09 15:51:30'),
	(1218, 'products', 'name', 919, 'ua', '', '2018-08-09 15:51:30', '2018-08-09 15:51:30'),
	(1219, 'products', 'name', 920, 'ua', '', '2018-08-09 15:51:30', '2018-08-09 15:51:30'),
	(1220, 'products', 'name', 921, 'ua', '', '2018-08-09 15:51:30', '2018-08-09 15:51:30'),
	(1221, 'products', 'name', 922, 'ua', '', '2018-08-09 15:51:30', '2018-08-09 15:51:30'),
	(1222, 'products', 'name', 923, 'ua', '', '2018-08-09 15:51:30', '2018-08-09 15:51:30'),
	(1223, 'products', 'name', 924, 'ua', '', '2018-08-09 15:51:30', '2018-08-09 15:51:30'),
	(1224, 'products', 'name', 925, 'ua', '', '2018-08-09 15:51:30', '2018-08-09 15:51:30'),
	(1225, 'products', 'name', 926, 'ua', '', '2018-08-09 15:51:30', '2018-08-09 15:51:30'),
	(1226, 'products', 'name', 927, 'ua', '', '2018-08-09 15:51:30', '2018-08-09 15:51:30'),
	(1227, 'products', 'name', 928, 'ua', '', '2018-08-09 15:51:30', '2018-08-09 15:51:30'),
	(1228, 'products', 'name', 929, 'ua', '', '2018-08-09 15:51:30', '2018-08-09 15:51:30'),
	(1229, 'products', 'name', 930, 'ua', '', '2018-08-09 15:51:30', '2018-08-09 15:51:30'),
	(1230, 'products', 'name', 931, 'ua', '', '2018-08-09 15:51:30', '2018-08-09 15:51:30'),
	(1231, 'products', 'name', 932, 'ua', '', '2018-08-09 15:51:30', '2018-08-09 15:51:30'),
	(1232, 'products', 'name', 933, 'ua', '', '2018-08-09 15:51:30', '2018-08-09 15:51:30'),
	(1233, 'products', 'name', 934, 'ua', '', '2018-08-09 15:51:30', '2018-08-09 15:51:30'),
	(1234, 'products', 'name', 935, 'ua', '', '2018-08-09 15:51:30', '2018-08-09 15:51:30'),
	(1235, 'products', 'name', 936, 'ua', '', '2018-08-09 15:51:30', '2018-08-09 15:51:30'),
	(1236, 'products', 'name', 937, 'ua', '', '2018-08-09 15:51:30', '2018-08-09 15:51:30'),
	(1237, 'products', 'name', 938, 'ua', '', '2018-08-09 15:51:30', '2018-08-09 15:51:30'),
	(1238, 'products', 'name', 939, 'ua', '', '2018-08-09 15:51:30', '2018-08-09 15:51:30'),
	(1239, 'products', 'name', 940, 'ua', '', '2018-08-09 15:51:30', '2018-08-09 15:51:30'),
	(1240, 'products', 'name', 941, 'ua', '', '2018-08-09 15:51:30', '2018-08-09 15:51:30'),
	(1241, 'products', 'name', 942, 'ua', '', '2018-08-09 15:51:30', '2018-08-09 15:51:30'),
	(1242, 'products', 'name', 943, 'ua', '', '2018-08-09 15:51:30', '2018-08-09 15:51:30'),
	(1243, 'products', 'name', 944, 'ua', '', '2018-08-09 15:51:30', '2018-08-09 15:51:30'),
	(1244, 'products', 'name', 945, 'ua', '', '2018-08-09 15:51:30', '2018-08-09 15:51:30'),
	(1245, 'products', 'name', 946, 'ua', '', '2018-08-09 15:51:30', '2018-08-09 15:51:30'),
	(1246, 'products', 'name', 947, 'ua', '', '2018-08-09 15:51:31', '2018-08-09 15:51:31'),
	(1247, 'products', 'name', 948, 'ua', '', '2018-08-09 15:51:31', '2018-08-09 15:51:31'),
	(1248, 'products', 'name', 949, 'ua', '', '2018-08-09 15:51:31', '2018-08-09 15:51:31'),
	(1249, 'products', 'name', 950, 'ua', '', '2018-08-09 15:51:31', '2018-08-09 15:51:31'),
	(1250, 'products', 'name', 951, 'ua', '', '2018-08-09 15:51:31', '2018-08-09 15:51:31'),
	(1251, 'products', 'name', 952, 'ua', '', '2018-08-09 15:51:31', '2018-08-09 15:51:31'),
	(1252, 'products', 'name', 953, 'ua', '', '2018-08-09 15:51:31', '2018-08-09 15:51:31'),
	(1253, 'products', 'name', 954, 'ua', '', '2018-08-09 15:51:31', '2018-08-09 15:51:31'),
	(1254, 'products', 'name', 955, 'ua', '', '2018-08-09 15:51:31', '2018-08-09 15:51:31'),
	(1255, 'products', 'name', 956, 'ua', '', '2018-08-09 15:51:31', '2018-08-09 15:51:31'),
	(1256, 'products', 'name', 957, 'ua', '', '2018-08-09 15:51:31', '2018-08-09 15:51:31'),
	(1257, 'products', 'name', 958, 'ua', '', '2018-08-09 15:51:31', '2018-08-09 15:51:31'),
	(1258, 'products', 'name', 959, 'ua', '', '2018-08-09 15:51:31', '2018-08-09 15:51:31'),
	(1259, 'products', 'name', 960, 'ua', '', '2018-08-09 15:51:31', '2018-08-09 15:51:31'),
	(1260, 'products', 'name', 961, 'ua', '', '2018-08-09 15:51:31', '2018-08-09 15:51:31'),
	(1261, 'products', 'name', 962, 'ua', '', '2018-08-09 15:51:31', '2018-08-09 15:51:31'),
	(1262, 'products', 'name', 963, 'ua', '', '2018-08-09 15:51:31', '2018-08-09 15:51:31'),
	(1263, 'products', 'name', 964, 'ua', '', '2018-08-09 15:51:31', '2018-08-09 15:51:31'),
	(1264, 'products', 'name', 965, 'ua', '', '2018-08-09 15:51:31', '2018-08-09 15:51:31'),
	(1265, 'products', 'name', 966, 'ua', '', '2018-08-09 15:51:31', '2018-08-09 15:51:31'),
	(1266, 'products', 'name', 967, 'ua', '', '2018-08-09 15:51:31', '2018-08-09 15:51:31'),
	(1267, 'products', 'name', 968, 'ua', '', '2018-08-09 15:51:31', '2018-08-09 15:51:31'),
	(1268, 'products', 'name', 969, 'ua', '', '2018-08-09 15:51:31', '2018-08-09 15:51:31'),
	(1269, 'products', 'name', 970, 'ua', '', '2018-08-09 15:51:31', '2018-08-09 15:51:31'),
	(1270, 'products', 'name', 971, 'ua', '', '2018-08-09 15:51:31', '2018-08-09 15:51:31'),
	(1271, 'products', 'name', 972, 'ua', '', '2018-08-09 15:51:31', '2018-08-09 15:51:31'),
	(1272, 'products', 'name', 973, 'ua', '', '2018-08-09 15:51:31', '2018-08-09 15:51:31'),
	(1273, 'products', 'name', 974, 'ua', '', '2018-08-09 15:51:31', '2018-08-09 15:51:31'),
	(1274, 'products', 'name', 975, 'ua', '', '2018-08-09 15:51:31', '2018-08-09 15:51:31'),
	(1275, 'products', 'name', 976, 'ua', '', '2018-08-09 15:51:31', '2018-08-09 15:51:31'),
	(1276, 'products', 'name', 977, 'ua', '', '2018-08-09 15:51:31', '2018-08-09 15:51:31'),
	(1277, 'products', 'name', 978, 'ua', '', '2018-08-09 15:51:31', '2018-08-09 15:51:31'),
	(1278, 'products', 'name', 979, 'ua', '', '2018-08-09 15:51:31', '2018-08-09 15:51:31'),
	(1279, 'products', 'name', 980, 'ua', '', '2018-08-09 15:51:31', '2018-08-09 15:51:31'),
	(1280, 'products', 'name', 981, 'ua', '', '2018-08-09 15:51:31', '2018-08-09 15:51:31'),
	(1281, 'products', 'name', 982, 'ua', '', '2018-08-09 15:51:31', '2018-08-09 15:51:31'),
	(1282, 'products', 'name', 983, 'ua', '', '2018-08-09 15:51:31', '2018-08-09 15:51:31'),
	(1283, 'products', 'name', 984, 'ua', '', '2018-08-09 15:51:31', '2018-08-09 15:51:31'),
	(1284, 'products', 'name', 985, 'ua', '', '2018-08-09 15:51:31', '2018-08-09 15:51:31'),
	(1285, 'products', 'name', 986, 'ua', '', '2018-08-09 15:51:31', '2018-08-09 15:51:31'),
	(1286, 'products', 'name', 987, 'ua', '', '2018-08-09 15:51:31', '2018-08-09 15:51:31'),
	(1287, 'products', 'name', 988, 'ua', '', '2018-08-09 15:51:31', '2018-08-09 15:51:31'),
	(1288, 'products', 'name', 989, 'ua', '', '2018-08-09 15:51:31', '2018-08-09 15:51:31'),
	(1289, 'products', 'name', 990, 'ua', '', '2018-08-09 15:51:31', '2018-08-09 15:51:31'),
	(1290, 'products', 'name', 991, 'ua', '', '2018-08-09 15:51:31', '2018-08-09 15:51:31'),
	(1291, 'products', 'name', 992, 'ua', '', '2018-08-09 15:51:31', '2018-08-09 15:51:31'),
	(1292, 'products', 'name', 993, 'ua', '', '2018-08-09 15:51:31', '2018-08-09 15:51:31'),
	(1293, 'products', 'name', 994, 'ua', '', '2018-08-09 15:51:31', '2018-08-09 15:51:31'),
	(1294, 'products', 'name', 995, 'ua', '', '2018-08-09 15:51:31', '2018-08-09 15:51:31'),
	(1295, 'products', 'name', 996, 'ua', '', '2018-08-09 15:51:31', '2018-08-09 15:51:31'),
	(1296, 'products', 'name', 997, 'ua', '', '2018-08-09 15:51:31', '2018-08-09 15:51:31'),
	(1297, 'products', 'name', 998, 'ua', '', '2018-08-09 15:51:31', '2018-08-09 15:51:31'),
	(1298, 'products', 'name', 999, 'ua', '', '2018-08-09 15:51:31', '2018-08-09 15:51:31'),
	(1299, 'products', 'name', 1000, 'ua', '', '2018-08-09 15:51:31', '2018-08-09 15:51:31'),
	(1300, 'products', 'name', 1001, 'ua', '', '2018-08-09 15:51:31', '2018-08-09 15:51:31'),
	(1301, 'products', 'name', 1002, 'ua', '', '2018-08-09 15:51:31', '2018-08-09 15:51:31'),
	(1302, 'products', 'name', 1003, 'ua', '', '2018-08-09 15:51:31', '2018-08-09 15:51:31'),
	(1303, 'products', 'name', 1004, 'ua', '', '2018-08-09 15:51:31', '2018-08-09 15:51:31'),
	(1304, 'products', 'name', 1005, 'ua', '', '2018-08-09 15:51:32', '2018-08-09 15:51:32'),
	(1305, 'products', 'name', 1006, 'ua', '', '2018-08-09 15:51:32', '2018-08-09 15:51:32'),
	(1306, 'products', 'name', 1007, 'ua', '', '2018-08-09 15:51:32', '2018-08-09 15:51:32'),
	(1307, 'products', 'name', 1008, 'ua', '', '2018-08-09 15:51:32', '2018-08-09 15:51:32'),
	(1308, 'products', 'name', 1009, 'ua', '', '2018-08-09 15:51:32', '2018-08-09 15:51:32'),
	(1309, 'products', 'name', 1010, 'ua', '', '2018-08-09 15:51:32', '2018-08-09 15:51:32'),
	(1310, 'products', 'name', 1011, 'ua', '', '2018-08-09 15:51:32', '2018-08-09 15:51:32'),
	(1311, 'products', 'name', 1012, 'ua', '', '2018-08-09 15:51:32', '2018-08-09 15:51:32'),
	(1312, 'products', 'name', 1013, 'ua', '', '2018-08-09 15:51:32', '2018-08-09 15:51:32'),
	(1313, 'products', 'name', 1014, 'ua', '', '2018-08-09 15:51:32', '2018-08-09 15:51:32');
/*!40000 ALTER TABLE `translations` ENABLE KEYS */;

-- Дамп структуры для таблица ecoproj.users
CREATE TABLE IF NOT EXISTS `users` (
  `id` int(10) unsigned NOT NULL AUTO_INCREMENT,
  `role_id` int(10) unsigned DEFAULT NULL,
  `name` varchar(30) COLLATE utf8mb4_unicode_ci NOT NULL,
  `email` varchar(190) COLLATE utf8mb4_unicode_ci NOT NULL,
  `avatar` varchar(100) COLLATE utf8mb4_unicode_ci DEFAULT 'users/default.png',
  `password` varchar(191) COLLATE utf8mb4_unicode_ci DEFAULT NULL,
  `remember_token` varchar(100) COLLATE utf8mb4_unicode_ci DEFAULT NULL,
  `settings` text COLLATE utf8mb4_unicode_ci,
  `created_at` timestamp NULL DEFAULT NULL,
  `updated_at` timestamp NULL DEFAULT NULL,
  `phone` varchar(20) COLLATE utf8mb4_unicode_ci DEFAULT NULL,
  `firstname` varchar(20) COLLATE utf8mb4_unicode_ci DEFAULT NULL,
  `lastname` varchar(20) COLLATE utf8mb4_unicode_ci DEFAULT NULL,
  `verified` tinyint(1) NOT NULL DEFAULT '0',
  `shipping_street` varchar(50) COLLATE utf8mb4_unicode_ci DEFAULT NULL,
  `shipping_house` varchar(10) COLLATE utf8mb4_unicode_ci DEFAULT NULL,
  `shipping_room` varchar(10) COLLATE utf8mb4_unicode_ci DEFAULT NULL,
  `shipping_city` varchar(50) COLLATE utf8mb4_unicode_ci NOT NULL,
  PRIMARY KEY (`id`),
  UNIQUE KEY `users_email_unique` (`email`),
  KEY `users_role_id_foreign` (`role_id`),
  CONSTRAINT `users_role_id_foreign` FOREIGN KEY (`role_id`) REFERENCES `roles` (`id`)
) ENGINE=InnoDB AUTO_INCREMENT=20 DEFAULT CHARSET=utf8mb4 COLLATE=utf8mb4_unicode_ci;

-- Дамп данных таблицы ecoproj.users: ~8 rows (приблизительно)
DELETE FROM `users`;
/*!40000 ALTER TABLE `users` DISABLE KEYS */;
INSERT INTO `users` (`id`, `role_id`, `name`, `email`, `avatar`, `password`, `remember_token`, `settings`, `created_at`, `updated_at`, `phone`, `firstname`, `lastname`, `verified`, `shipping_street`, `shipping_house`, `shipping_room`, `shipping_city`) VALUES
	(1, 1, 'Admin', 'admin@admin.com', 'users/default.png', '$2y$10$O41T6TP9p9mDZdB8.P9YFuLV3utunoYjN5fGJlWp7nqdmWpf2BQIG', 'pErWo0GE0Q7jgUt7Hat04OabNvuaQnjqRUKZKF59vszSAgWE6Ebuh9gNSl3e', '{"locale":"ru"}', '2018-06-01 06:36:37', '2018-06-14 12:10:08', NULL, NULL, NULL, 0, NULL, NULL, NULL, ''),
	(8, 2, '1', 'tatamanilo1@gmail.com', 'users/default.png', '$2y$10$mIWPSaO7qQDINlqlDznFe.wXkjObSNgG/wHcE76zYNlVviU.dipAK', 'E7A5ZEXb5OgI47tyBWbDgDHTMf1hV0W0sHxxo6c0Iman4eUy9ZUWqWYHV9kJ', NULL, '2018-06-06 12:07:03', '2018-06-06 12:07:03', NULL, NULL, NULL, 0, NULL, NULL, NULL, ''),
	(9, 2, '1', 'tatamanilo2@gmail.com', 'users/default.png', '$2y$10$bF7.hRVtESk3IHnzQdplBOkqH1TUuAqA7vlUInoCVIoYa/4ZlEAK6', NULL, NULL, '2018-06-06 12:30:49', '2018-06-06 12:31:03', '555555', NULL, NULL, 0, NULL, NULL, NULL, ''),
	(14, 2, '1', 'tatamanilo6@gmail.com', 'users/default.png', '$2y$10$DyRUUBOxlUKoFY4hfVt8h.StcZaDtuQ9EjaHQrZscB.kxavjyuMqC', 'OoRcYUU3UEltWq6sdLMR05LPlxnTf0gIUM9eqz8GSdqOx7oTuq1HuOZtR1Hj', NULL, '2018-06-07 11:28:14', '2018-06-07 11:50:10', '123', NULL, NULL, 1, NULL, NULL, NULL, ''),
	(15, 2, '1', 'tatamanilo61@gmail.com', 'users/default.png', '$2y$10$cXwt4GImGfQ4QKRKJ4Gpmu30bA0B6fvVA/pQZdGuqhTkeNqTFIJ02', 'uji0ZyCtlBq4isfkurR74MnWFMNq6PerDYGwSlU2nBd7H0PFWKg2UopmDoEU', NULL, '2018-07-16 09:31:16', '2018-07-16 09:31:16', NULL, NULL, NULL, 0, NULL, NULL, NULL, ''),
	(17, 2, '1', 'mary.ushenina@gmail.com', 'users/default.png', '$2y$10$F8HIKwkoRmUmW5szu.n/6.3I0bAhq.UGRrP/lBxlnKucWmofleL.u', 'tAXjAtLMSEu375jucB6PWidHdAYUxn9lTya5jI7zacEa6I0rJxCxfXnv9Gxh', NULL, '2018-07-26 12:09:54', '2018-07-26 12:09:54', NULL, NULL, NULL, 0, NULL, NULL, NULL, ''),
	(18, 2, 'Nana', 'tatamanilo@gmail.com', 'users/default.png', '$2y$10$23nvM3veHumoHjs0ks2PbeAPbSl79qTHtkVmNImDpNBg7dIJ4xL/u', 'TPuYK1Eok2iVss91PB6P7ZcmybwU5GOuuOJYQb20wwZEoc0UI4dpWC8ht6jP', NULL, '2018-07-26 12:11:58', '2018-08-03 12:00:10', '13413413443', NULL, NULL, 1, 'Окина', '2', '44', 'зап'),
	(19, 3, 'manager', 'manager@manager.com', 'users/default.png', '$2y$10$DJcBKQ6BnOAOzSJmlBsTC.rU3Gb1d9pw9GpFYtuNl/xeu8b15YaVm', '5hXcn3cEQDLKxh9HU4Izuoq42c0uApAPYXsZeTlFo8m2CkwrRDdw86O6C9ci', '{"locale":"ru"}', '2018-07-30 12:32:31', '2018-07-30 12:32:31', NULL, NULL, NULL, 0, NULL, NULL, NULL, '');
/*!40000 ALTER TABLE `users` ENABLE KEYS */;

-- Дамп структуры для таблица ecoproj.user_roles
CREATE TABLE IF NOT EXISTS `user_roles` (
  `user_id` int(10) unsigned NOT NULL,
  `role_id` int(10) unsigned NOT NULL,
  PRIMARY KEY (`user_id`,`role_id`),
  KEY `user_roles_user_id_index` (`user_id`),
  KEY `user_roles_role_id_index` (`role_id`),
  CONSTRAINT `user_roles_role_id_foreign` FOREIGN KEY (`role_id`) REFERENCES `roles` (`id`) ON DELETE CASCADE,
  CONSTRAINT `user_roles_user_id_foreign` FOREIGN KEY (`user_id`) REFERENCES `users` (`id`) ON DELETE CASCADE
) ENGINE=InnoDB DEFAULT CHARSET=utf8mb4 COLLATE=utf8mb4_unicode_ci;

-- Дамп данных таблицы ecoproj.user_roles: ~0 rows (приблизительно)
DELETE FROM `user_roles`;
/*!40000 ALTER TABLE `user_roles` DISABLE KEYS */;
/*!40000 ALTER TABLE `user_roles` ENABLE KEYS */;

-- Дамп структуры для таблица ecoproj.verify_users
CREATE TABLE IF NOT EXISTS `verify_users` (
  `user_id` int(11) NOT NULL,
  `token` varchar(255) COLLATE utf8mb4_unicode_ci NOT NULL,
  `created_at` timestamp NULL DEFAULT NULL,
  `updated_at` timestamp NULL DEFAULT NULL
) ENGINE=InnoDB DEFAULT CHARSET=utf8mb4 COLLATE=utf8mb4_unicode_ci;

-- Дамп данных таблицы ecoproj.verify_users: ~7 rows (приблизительно)
DELETE FROM `verify_users`;
/*!40000 ALTER TABLE `verify_users` DISABLE KEYS */;
INSERT INTO `verify_users` (`user_id`, `token`, `created_at`, `updated_at`) VALUES
	(11, 'm6w9NcEqXKiLef1QTEecwg1VyEx4moNXaGeiVwXc', '2018-06-07 10:25:26', '2018-06-07 10:25:26'),
	(12, 'cFzuqivnVsan3HMNXSEWZWmOtpBzxiXoGUEAiyB8', '2018-06-07 10:37:56', '2018-06-07 10:37:56'),
	(13, 'IB1CfLC2g3snvftiJXPUs8TSTS7rAwmMjTRoNwxv', '2018-06-07 10:39:14', '2018-06-07 10:39:14'),
	(14, 'ul8R6aUKTJuwAKHGw1JMDz2ed0nHW8PkKnwHxID7', '2018-06-07 11:28:14', '2018-06-07 11:28:14'),
	(15, '8alNha3YaSkRpqzxZPoRHuud02hk9QGcFDg3bwfz', '2018-07-16 09:31:16', '2018-07-16 09:31:16'),
	(16, 'bMNfOrlqWkoBidPzwgu6OL2RV0i9nXmd8U5aizws', '2018-07-26 12:07:53', '2018-07-26 12:07:53'),
	(17, 'BP9U9WoHTzVf08GyCPP5JhJ9ReTLiwP448QxZqcE', '2018-07-26 12:09:54', '2018-07-26 12:09:54'),
	(18, 'mjoL3y26dyXE9jwYQ90Fvl5sMgyqGL7NlQ92tdO2', '2018-07-26 12:11:58', '2018-07-26 12:11:58');
/*!40000 ALTER TABLE `verify_users` ENABLE KEYS */;

-- Дамп структуры для таблица ecoproj.viewed
CREATE TABLE IF NOT EXISTS `viewed` (
  `id` int(10) unsigned NOT NULL AUTO_INCREMENT,
  `user_id` int(10) unsigned DEFAULT NULL,
  `session` varchar(191) COLLATE utf8mb4_unicode_ci DEFAULT NULL,
  `product_id` int(10) unsigned NOT NULL,
  `created_at` timestamp NULL DEFAULT NULL,
  `updated_at` timestamp NULL DEFAULT NULL,
  PRIMARY KEY (`id`),
  UNIQUE KEY `viewed_user_id_product_id_unique` (`user_id`,`product_id`),
  UNIQUE KEY `viewed_session_product_id_unique` (`session`,`product_id`),
  KEY `viewed_user_id_index` (`user_id`),
  KEY `viewed_session_index` (`session`),
  KEY `viewed_product_id_index` (`product_id`)
) ENGINE=InnoDB AUTO_INCREMENT=72 DEFAULT CHARSET=utf8mb4 COLLATE=utf8mb4_unicode_ci;

-- Дамп данных таблицы ecoproj.viewed: ~37 rows (приблизительно)
DELETE FROM `viewed`;
/*!40000 ALTER TABLE `viewed` DISABLE KEYS */;
INSERT INTO `viewed` (`id`, `user_id`, `session`, `product_id`, `created_at`, `updated_at`) VALUES
	(12, NULL, 'zE5y9Ypq0GlSH9m4ArGVnivbXTfvjfdO2hwgf7pU', 3, '2018-06-21 12:21:37', '2018-06-21 12:21:37'),
	(13, NULL, 'zE5y9Ypq0GlSH9m4ArGVnivbXTfvjfdO2hwgf7pU', 2, '2018-06-21 12:21:43', '2018-06-21 12:21:43'),
	(14, NULL, 'zE5y9Ypq0GlSH9m4ArGVnivbXTfvjfdO2hwgf7pU', 5, '2018-06-21 12:22:33', '2018-06-21 12:22:33'),
	(15, NULL, 'hQBbt1GHhDPkMY4A2LqkVW93tiDdHsePZjp6Xjdv', 2, '2018-06-21 12:26:23', '2018-06-21 12:26:23'),
	(16, NULL, 'gEnOx73D9S1MSgAUsu1gjM0a5lX979fHsBYUQWKk', 5, '2018-06-22 06:36:14', '2018-06-22 06:36:14'),
	(17, NULL, 'ghecShTSpARUbdumF28rTqCyszWCQDMWJpDwCM2l', 7, '2018-06-22 07:04:57', '2018-06-22 07:04:57'),
	(18, NULL, 'ghecShTSpARUbdumF28rTqCyszWCQDMWJpDwCM2l', 6, '2018-06-22 07:05:05', '2018-06-22 07:05:05'),
	(19, NULL, 'ghecShTSpARUbdumF28rTqCyszWCQDMWJpDwCM2l', 11, '2018-06-22 07:05:28', '2018-06-22 07:05:28'),
	(20, NULL, 'A9HyoEtKOKrKWzRHC6cFFsXU4E7sjrsnWVoJ9ilT', 9, '2018-06-22 14:52:28', '2018-06-22 14:52:28'),
	(21, NULL, 'A9HyoEtKOKrKWzRHC6cFFsXU4E7sjrsnWVoJ9ilT', 6, '2018-06-22 15:02:36', '2018-06-22 15:02:36'),
	(22, NULL, 'A9HyoEtKOKrKWzRHC6cFFsXU4E7sjrsnWVoJ9ilT', 11, '2018-06-22 15:26:34', '2018-06-22 15:26:34'),
	(23, NULL, 'A9HyoEtKOKrKWzRHC6cFFsXU4E7sjrsnWVoJ9ilT', 7, '2018-06-22 15:36:31', '2018-06-22 15:36:31'),
	(24, NULL, 'Ompac4RcTp2jxL3OZPtnD5JyKQ9TJt5TBWNUEjIS', 11, '2018-06-25 07:08:11', '2018-06-25 07:08:11'),
	(25, NULL, 'h0yGeeh8OiNjXASXJTrjCbkgpQXRU3fUzkaFWt7e', 11, '2018-06-25 11:06:59', '2018-06-25 11:06:59'),
	(26, NULL, '9BuhRT7BCGUOUyRbUZyQwRs5fgHWD3ytwVCkFFf6', 11, '2018-06-25 11:49:30', '2018-06-25 11:49:30'),
	(27, NULL, '9BuhRT7BCGUOUyRbUZyQwRs5fgHWD3ytwVCkFFf6', 9, '2018-06-25 12:48:34', '2018-06-25 12:48:34'),
	(28, NULL, '9BuhRT7BCGUOUyRbUZyQwRs5fgHWD3ytwVCkFFf6', 8, '2018-06-25 12:53:58', '2018-06-25 12:53:58'),
	(29, NULL, 'rYGIqNGtcCCRiTzbLpwrfxxLKvxNXWM8lfiVxmrL', 9, '2018-06-26 07:50:21', '2018-06-26 07:50:21'),
	(30, NULL, 'rYGIqNGtcCCRiTzbLpwrfxxLKvxNXWM8lfiVxmrL', 11, '2018-06-26 13:00:23', '2018-06-26 13:00:23'),
	(31, NULL, 'DTd2X3eSWZEqK2RMavSK1mf9H23Zxy4AC1L3LUhT', 9, '2018-06-28 08:33:42', '2018-06-28 08:33:42'),
	(32, NULL, 'qSzc2Trg8MhBP3ppz92lgkSPx0e5Rm1JSvLpi5zm', 11, '2018-06-28 15:58:47', '2018-06-28 15:58:47'),
	(33, NULL, 'VfmyG2ihINBI1cwF8NRodXiCWdVLyejwf6CBH8CJ', 11, '2018-06-29 06:55:48', '2018-06-29 06:55:48'),
	(34, NULL, 'VfmyG2ihINBI1cwF8NRodXiCWdVLyejwf6CBH8CJ', 9, '2018-06-29 08:12:48', '2018-06-29 08:12:48'),
	(35, NULL, 'VfmyG2ihINBI1cwF8NRodXiCWdVLyejwf6CBH8CJ', 10, '2018-06-29 14:27:46', '2018-06-29 14:27:46'),
	(36, 0, 'G0HLwJQVWHBpwVmAMI5Z5v3q6BOh7vFYCXBYxDbv', 11, '2018-06-29 14:53:48', '2018-06-29 14:53:48'),
	(37, NULL, 'hd9CwcOS9IMFOkh3yPD95LYOaCJfZVyBYCT1BZTb', 11, '2018-07-13 09:06:34', '2018-07-13 09:06:34'),
	(38, NULL, 'hd9CwcOS9IMFOkh3yPD95LYOaCJfZVyBYCT1BZTb', 10, '2018-07-13 09:07:07', '2018-07-13 09:07:07'),
	(39, NULL, 'zDqSRgQQ4AvSQcvFIqjuT8lr0HbzJSoZDnNAI9kz', 6, '2018-07-16 09:36:57', '2018-07-16 09:36:57'),
	(40, NULL, 'fRgOmIFlznd81TuxfIaiGP6KJaXyiDbT0vl1vmYg', 8, '2018-07-16 13:15:34', '2018-07-16 13:15:34'),
	(41, NULL, 'fRgOmIFlznd81TuxfIaiGP6KJaXyiDbT0vl1vmYg', 6, '2018-07-16 13:23:39', '2018-07-16 13:23:39'),
	(42, NULL, 'fRgOmIFlznd81TuxfIaiGP6KJaXyiDbT0vl1vmYg', 9, '2018-07-16 13:23:53', '2018-07-16 13:23:53'),
	(43, NULL, 'fRgOmIFlznd81TuxfIaiGP6KJaXyiDbT0vl1vmYg', 10, '2018-07-18 09:14:28', '2018-07-18 09:14:28'),
	(44, NULL, 'fRgOmIFlznd81TuxfIaiGP6KJaXyiDbT0vl1vmYg', 7, '2018-07-18 09:15:29', '2018-07-18 09:15:29'),
	(45, NULL, 'fRgOmIFlznd81TuxfIaiGP6KJaXyiDbT0vl1vmYg', 11, '2018-07-18 09:36:27', '2018-07-18 09:36:27'),
	(46, NULL, 'oSmRGaSogji7MLDYm2htsJHNk8auFKt3jo3v0HyB', 6, '2018-07-18 13:32:51', '2018-07-18 13:32:51'),
	(47, NULL, 'xSNBpYYGboXzRtMiHZe2QqjPDajlsfrPquhTWBLU', 6, '2018-07-18 14:03:48', '2018-07-18 14:03:48'),
	(48, NULL, 'xSNBpYYGboXzRtMiHZe2QqjPDajlsfrPquhTWBLU', 8, '2018-07-19 07:40:59', '2018-07-19 07:40:59'),
	(49, NULL, 'xSNBpYYGboXzRtMiHZe2QqjPDajlsfrPquhTWBLU', 9, '2018-07-19 07:47:58', '2018-07-19 07:47:58'),
	(50, NULL, 'xSNBpYYGboXzRtMiHZe2QqjPDajlsfrPquhTWBLU', 11, '2018-07-19 07:50:20', '2018-07-19 07:50:20'),
	(51, NULL, 'xSNBpYYGboXzRtMiHZe2QqjPDajlsfrPquhTWBLU', 10, '2018-07-19 07:50:27', '2018-07-19 07:50:27'),
	(52, NULL, 'YiuXsQcvIZaVGy8gGmw4fHTSVISAcbvCr87WGzuR', 9, '2018-07-24 07:28:42', '2018-07-24 07:28:42'),
	(53, NULL, 'YiuXsQcvIZaVGy8gGmw4fHTSVISAcbvCr87WGzuR', 8, '2018-07-24 10:25:19', '2018-07-24 10:25:19'),
	(54, NULL, 'YiuXsQcvIZaVGy8gGmw4fHTSVISAcbvCr87WGzuR', 11, '2018-07-24 10:59:17', '2018-07-24 10:59:17'),
	(55, NULL, 'IsFS0LUWvaIuozfixdp4l6E5coPyKD8pltn8fDs1', 9, '2018-07-25 06:59:39', '2018-07-25 06:59:39'),
	(56, NULL, 'IsFS0LUWvaIuozfixdp4l6E5coPyKD8pltn8fDs1', 8, '2018-07-25 07:40:21', '2018-07-25 07:40:21'),
	(57, NULL, 'N60xBHFiIRo72R6sE8LNIhxzGSsry7tjaxyP0B48', 8, '2018-07-26 14:07:43', '2018-07-26 14:07:43'),
	(58, NULL, 'N60xBHFiIRo72R6sE8LNIhxzGSsry7tjaxyP0B48', 9, '2018-07-26 14:55:20', '2018-07-26 14:55:20'),
	(59, NULL, 'N60xBHFiIRo72R6sE8LNIhxzGSsry7tjaxyP0B48', 11, '2018-07-26 15:03:55', '2018-07-26 15:03:55'),
	(60, NULL, 'N60xBHFiIRo72R6sE8LNIhxzGSsry7tjaxyP0B48', 10, '2018-07-26 15:04:00', '2018-07-26 15:04:00'),
	(61, NULL, 'bnZaElbVVf27PuBV93MabGlRoHRYidUtHhtcQtUg', 9, '2018-07-26 15:06:07', '2018-07-26 15:06:07'),
	(62, NULL, '5Cc8rt4ThitU6iDpCoTK9PxdTlkZmDViNo7p3UWO', 9, '2018-07-30 07:08:35', '2018-07-30 07:08:35'),
	(63, NULL, '5Cc8rt4ThitU6iDpCoTK9PxdTlkZmDViNo7p3UWO', 8, '2018-07-30 07:08:49', '2018-07-30 07:08:49'),
	(64, NULL, '5Cc8rt4ThitU6iDpCoTK9PxdTlkZmDViNo7p3UWO', 16, '2018-07-30 12:53:17', '2018-07-30 12:53:17'),
	(65, NULL, '5Cc8rt4ThitU6iDpCoTK9PxdTlkZmDViNo7p3UWO', 10, '2018-07-31 10:50:47', '2018-07-31 10:50:47'),
	(66, NULL, '5Cc8rt4ThitU6iDpCoTK9PxdTlkZmDViNo7p3UWO', 7, '2018-07-31 14:37:47', '2018-07-31 14:37:47'),
	(67, NULL, '5Cc8rt4ThitU6iDpCoTK9PxdTlkZmDViNo7p3UWO', 6, '2018-07-31 15:29:51', '2018-07-31 15:29:51'),
	(68, NULL, 'cVJG6oxGmQNhEEp9GXD1gCW2PULXFW33vpGcuylQ', 10, '2018-08-07 12:58:05', '2018-08-07 12:58:05'),
	(69, NULL, 'PDz5sIjLpk05DQlsxrOfgUfe4AO9MXeMmqnMHYlv', 11, '2018-08-07 14:12:01', '2018-08-07 14:26:18'),
	(70, NULL, 'xoLud67ONBrSMN2ny1cuvKWUoTwsQMvyPlceyu8h', 11, '2018-08-07 14:28:39', '2018-08-07 14:28:39'),
	(71, NULL, '7S0eMLASHbLEzjwKAwdV2MXAjHizyHX8Q7hhjPZT', 11, '2018-08-09 15:15:38', '2018-08-09 15:55:55');
/*!40000 ALTER TABLE `viewed` ENABLE KEYS */;

/*!40101 SET SQL_MODE=IFNULL(@OLD_SQL_MODE, '') */;
/*!40014 SET FOREIGN_KEY_CHECKS=IF(@OLD_FOREIGN_KEY_CHECKS IS NULL, 1, @OLD_FOREIGN_KEY_CHECKS) */;
/*!40101 SET CHARACTER_SET_CLIENT=@OLD_CHARACTER_SET_CLIENT */;
